date,open,high,low,close,volume
2017-10-23 00:00:00+05:30,50,55.35,50,54.3,100373940
2017-10-24 00:00:00+05:30,53.85,54.5,53.15,53.45,6492840
2017-10-25 00:00:00+05:30,53.35,53.35,51.5,52.1,4222440
2017-10-26 00:00:00+05:30,51.75,53,51.05,52.1,2614500
2017-10-27 00:00:00+05:30,52,52.5,51.7,52.15,934440
2017-10-30 00:00:00+05:30,52.15,52.7,51.95,52.25,1407270
2017-10-31 00:00:00+05:30,52.05,52.45,51.35,51.8,707760
2017-11-01 00:00:00+05:30,51.65,52.35,51.3,52,2795550
2017-11-02 00:00:00+05:30,52,52.5,51.65,52.1,866490
2017-11-03 00:00:00+05:30,51.75,54,51.75,53.05,2843490
2017-11-06 00:00:00+05:30,52.65,53.95,52.65,53.4,1441230
2017-11-07 00:00:00+05:30,53.65,53.95,53,53.55,1541490
2017-11-08 00:00:00+05:30,53.4,53.95,50.35,52.85,742950
2017-11-09 00:00:00+05:30,52.85,53.7,51.95,53.35,791370
2017-11-10 00:00:00+05:30,52.75,53.65,52.75,53.2,511200
2017-11-13 00:00:00+05:30,52.95,53.35,52.3,52.45,380340
2017-11-14 00:00:00+05:30,52.5,52.8,51.35,51.45,327570
2017-11-15 00:00:00+05:30,51.85,51.85,50.3,50.4,367980
2017-11-16 00:00:00+05:30,51.1,51.1,49.65,50.3,3154470
2017-11-17 00:00:00+05:30,50.5,50.85,50.15,50.45,310740
2017-11-20 00:00:00+05:30,50.8,51.6,50,50.15,515640
2017-11-21 00:00:00+05:30,50.15,50.75,50.15,50.5,249480
2017-11-22 00:00:00+05:30,50.2,52.65,50.2,51.95,645750
2017-11-23 00:00:00+05:30,52.2,52.45,51.25,51.9,1156170
2017-11-24 00:00:00+05:30,51.55,52.15,51.35,51.65,716070
2017-11-27 00:00:00+05:30,51.35,52.35,51.25,51.75,297600
2017-11-28 00:00:00+05:30,52.15,52.15,51.25,51.55,184860
2017-11-29 00:00:00+05:30,51.55,51.75,50.4,50.9,242070
2017-11-30 00:00:00+05:30,50.85,51.75,50.7,51.15,198480
2017-12-01 00:00:00+05:30,51.15,51.85,50.85,51,334560
2017-12-04 00:00:00+05:30,51,51.3,50.15,50.25,273990
2017-12-05 00:00:00+05:30,50.15,50.9,49.8,50.2,180420
2017-12-06 00:00:00+05:30,50.35,50.75,50.15,50.45,156690
2017-12-07 00:00:00+05:30,50.1,51.5,50.1,50.95,165750
2017-12-08 00:00:00+05:30,50.65,51.75,50.65,51.65,448890
2017-12-11 00:00:00+05:30,51.2,52.1,51,51.85,811050
2017-12-12 00:00:00+05:30,53.25,53.95,52.35,53.6,10343550
2017-12-13 00:00:00+05:30,54.5,55,53.15,53.45,1569210
2017-12-14 00:00:00+05:30,53.5,54.35,52.5,52.9,387390
2017-12-15 00:00:00+05:30,53.3,53.75,51.85,52.5,320940
2017-12-18 00:00:00+05:30,51.65,53.45,51.25,53,536430
2017-12-19 00:00:00+05:30,53.05,53.05,52.35,52.7,264960
2017-12-20 00:00:00+05:30,52.35,54.3,51.65,52.95,487470
2017-12-21 00:00:00+05:30,53.35,53.95,52.75,52.9,500640
2017-12-22 00:00:00+05:30,53,54.15,52.85,53.45,3665130
2017-12-26 00:00:00+05:30,53.2,54.15,52.85,53.35,580320
2017-12-27 00:00:00+05:30,52.95,53.85,52.65,52.85,935130
2017-12-28 00:00:00+05:30,52.65,54.65,52.65,54,5116140
2017-12-29 00:00:00+05:30,54.75,54.85,53.5,53.65,588900
2018-01-01 00:00:00+05:30,53.35,53.95,53.35,53.6,278100
2018-01-02 00:00:00+05:30,53.6,54.05,52.75,53.55,523290
2018-01-03 00:00:00+05:30,53.55,54,52.85,53.25,386610
2018-01-04 00:00:00+05:30,53.3,54.05,53.25,53.75,351210
2018-01-05 00:00:00+05:30,54.05,54.05,52.65,53.5,305220
2018-01-08 00:00:00+05:30,52.7,53.95,52.7,53.5,237330
2018-01-09 00:00:00+05:30,53.65,54.7,53.15,53.9,643650
2018-01-10 00:00:00+05:30,54,55.9,53.35,54.3,7213260
2018-01-11 00:00:00+05:30,55,55,53.35,53.5,610620
2018-01-12 00:00:00+05:30,53.65,55.05,52.7,54.5,1608150
2018-01-15 00:00:00+05:30,54,55.65,53.65,53.8,1785600
2018-01-16 00:00:00+05:30,54.05,54.65,53.35,53.85,1289640
2018-01-17 00:00:00+05:30,53.7,54,53.35,53.55,251250
2018-01-18 00:00:00+05:30,53.55,54.3,53.15,53.8,1706190
2018-01-19 00:00:00+05:30,53.65,54.15,53.6,54,883020
2018-01-22 00:00:00+05:30,54,54.5,53.8,53.95,893610
2018-01-23 00:00:00+05:30,54,54.35,52.5,53.35,761760
2018-01-24 00:00:00+05:30,53.5,53.85,53,53.35,193170
2018-01-25 00:00:00+05:30,52.85,53.7,52.85,53.5,260430
2018-01-29 00:00:00+05:30,53.45,54.15,53.35,53.5,237720
2018-01-30 00:00:00+05:30,53.45,53.55,53,53.2,426930
2018-01-31 00:00:00+05:30,53.35,53.65,53,53.35,404640
2018-02-01 00:00:00+05:30,53,54,53,53.55,299010
2018-02-02 00:00:00+05:30,53,53.55,52.95,53.25,1708560
2018-02-05 00:00:00+05:30,52,52.9,51.7,52.65,720240
2018-02-06 00:00:00+05:30,50.5,52.2,50.5,51.35,326970
2018-02-07 00:00:00+05:30,51.5,52.15,51.05,51.2,290040
2018-02-08 00:00:00+05:30,51.35,52.55,51.35,52.05,943680
2018-02-09 00:00:00+05:30,51.5,52.1,51.3,51.55,297870
2018-02-12 00:00:00+05:30,51.65,52.5,51.55,52.1,309360
2018-02-14 00:00:00+05:30,52.2,52.2,51.65,51.85,390090
2018-02-15 00:00:00+05:30,52.05,52.15,51.4,51.5,293790
2018-02-16 00:00:00+05:30,52.15,52.15,51,51.2,141660
2018-02-19 00:00:00+05:30,51.35,51.5,50.1,50.7,461130
2018-02-20 00:00:00+05:30,51.35,51.35,50.35,50.5,595410
2018-02-21 00:00:00+05:30,50.85,50.85,50,50.35,192210
2018-02-22 00:00:00+05:30,50,50.35,49.55,49.65,266340
2018-02-23 00:00:00+05:30,50,50,48,48.4,355440
2018-02-26 00:00:00+05:30,48.65,49.5,48.45,48.65,229080
2018-02-27 00:00:00+05:30,49.35,49.35,48.15,48.2,304740
2018-02-28 00:00:00+05:30,49,49,48.05,48.65,290490
2018-03-01 00:00:00+05:30,48.05,49,48.05,48.55,2703330
2018-03-05 00:00:00+05:30,48.65,48.9,48.25,48.4,162330
2018-03-06 00:00:00+05:30,48.65,49,48.15,48.2,243420
2018-03-07 00:00:00+05:30,48.15,48.45,46.75,46.95,209820
2018-03-08 00:00:00+05:30,47.55,48,47.2,47.75,889200
2018-03-09 00:00:00+05:30,48.35,48.35,47.5,48,123420
2018-03-12 00:00:00+05:30,48.35,48.35,47.8,48,229140
2018-03-13 00:00:00+05:30,47.7,49.4,47.7,48.95,728310
2018-03-14 00:00:00+05:30,48.15,49.25,48.15,49,105360
2018-03-15 00:00:00+05:30,49.6,49.8,48.55,49.25,449250
2018-03-16 00:00:00+05:30,49.35,50,49.35,49.85,197460
2018-03-19 00:00:00+05:30,50.15,50.35,48.05,48.8,220740
2018-03-20 00:00:00+05:30,48.65,49.5,48.5,48.65,154020
2018-03-21 00:00:00+05:30,48.5,49.45,48.5,48.8,162090
2018-03-22 00:00:00+05:30,49.15,49.25,48.35,48.7,450540
2018-03-23 00:00:00+05:30,48.35,48.8,48.15,48.5,239700
2018-03-26 00:00:00+05:30,48.35,52.95,48.3,50.55,474420
2018-03-27 00:00:00+05:30,51.25,52,50,51.45,332790
2018-03-28 00:00:00+05:30,51.05,54.85,50.2,53.45,1058880
2018-04-02 00:00:00+05:30,52.6,53.5,52.5,52.95,514170
2018-04-03 00:00:00+05:30,53.3,53.5,52.65,52.9,375570
2018-04-04 00:00:00+05:30,52.5,53.4,51.15,51.35,237150
2018-04-05 00:00:00+05:30,52.1,53.15,51.5,52.9,319410
2018-04-06 00:00:00+05:30,52.9,53.6,52,53.4,402690
2018-04-09 00:00:00+05:30,53.4,54.7,53,54.4,984480
2018-04-10 00:00:00+05:30,54.5,55,53.85,54.2,539250
2018-04-11 00:00:00+05:30,54,54.25,53,53.25,456510
2018-04-12 00:00:00+05:30,53.35,53.65,52.75,53.4,354240
2018-04-13 00:00:00+05:30,53.5,53.7,53.15,53.55,506130
2018-04-16 00:00:00+05:30,53.5,54.5,53,54.3,292440
2018-04-17 00:00:00+05:30,54.6,54.95,53.75,54.35,783000
2018-04-18 00:00:00+05:30,54.5,54.85,54.25,54.65,393630
2018-04-19 00:00:00+05:30,54.2,55.15,54.2,54.95,1617030
2018-04-20 00:00:00+05:30,54.9,55.15,54.35,54.6,209460
2018-04-23 00:00:00+05:30,54.4,55.2,54.15,54.45,271650
2018-04-24 00:00:00+05:30,54.65,55.6,54.55,54.95,856410
2018-04-25 00:00:00+05:30,55.45,55.95,54.8,55.7,885330
2018-04-26 00:00:00+05:30,55.55,55.9,55.1,55.4,454590
2018-04-27 00:00:00+05:30,55,55.45,53.75,54.4,2259300
2018-04-30 00:00:00+05:30,54,55,53.5,53.8,168660
2018-05-02 00:00:00+05:30,53.85,54.15,52.15,52.4,185940
2018-05-03 00:00:00+05:30,52.5,53.25,52.15,52.55,165780
2018-05-04 00:00:00+05:30,52.45,53.25,52,52.65,98550
2018-05-07 00:00:00+05:30,52.7,53.2,52.1,53.1,141750
2018-05-08 00:00:00+05:30,53.35,54.15,53.35,53.9,190020
2018-05-09 00:00:00+05:30,53.9,54.55,53.4,54.4,356520
2018-05-10 00:00:00+05:30,53.4,54.85,53.4,54.75,374100
2018-05-11 00:00:00+05:30,54.35,54.5,53.85,53.9,156150
2018-05-14 00:00:00+05:30,53.85,54.35,53.2,53.85,190890
2018-05-15 00:00:00+05:30,54.15,54.8,53.7,54.2,433500
2018-05-16 00:00:00+05:30,54,54.85,54,54.4,437070
2018-05-17 00:00:00+05:30,54.35,54.85,54.1,54.75,211500
2018-05-18 00:00:00+05:30,54.7,55,53.35,54.1,533070
2018-05-21 00:00:00+05:30,53.3,54.45,53.3,53.9,251670
2018-05-22 00:00:00+05:30,53.8,54.65,53.45,54.55,436830
2018-05-23 00:00:00+05:30,54.35,54.6,52.85,53.1,250740
2018-05-24 00:00:00+05:30,53.35,53.5,52.65,53.2,181920
2018-05-25 00:00:00+05:30,53.35,54.35,53.25,54.3,413010
2018-05-28 00:00:00+05:30,54.65,54.65,53.5,54.35,630390
2018-05-29 00:00:00+05:30,54.15,54.5,53,53.25,271020
2018-05-30 00:00:00+05:30,53.25,53.65,52.85,53,454530
2018-05-31 00:00:00+05:30,53,53.7,51.35,52.6,2175570
2018-06-01 00:00:00+05:30,52.1,53.6,52.05,52.45,1386180
2018-06-04 00:00:00+05:30,52.45,53.75,52.4,52.75,156930
2018-06-05 00:00:00+05:30,53.3,53.3,51.65,51.65,247380
2018-06-06 00:00:00+05:30,52.15,53.65,51.65,53.2,195960
2018-06-07 00:00:00+05:30,53.2,53.8,53,53.1,91170
2018-06-08 00:00:00+05:30,53.2,54.1,53.05,53.5,3441810
2018-06-11 00:00:00+05:30,53.5,54.65,53.5,54.45,4135920
2018-06-12 00:00:00+05:30,54.35,54.85,53.85,54,6507540
2018-06-13 00:00:00+05:30,54.05,55.7,54.05,54.35,11513310
2018-06-14 00:00:00+05:30,54.05,54.75,53.75,54.3,189960
2018-06-15 00:00:00+05:30,54.3,54.6,53.7,53.95,154710
2018-06-18 00:00:00+05:30,53.65,54.25,52.85,53.25,280140
2018-06-19 00:00:00+05:30,53.35,53.9,52.7,53.2,327750
2018-06-20 00:00:00+05:30,53,53.8,53,53.35,177570
2018-06-21 00:00:00+05:30,52.85,53.9,52.25,53.35,468990
2018-06-22 00:00:00+05:30,53.35,53.55,53.2,53.35,240510
2018-06-25 00:00:00+05:30,52.85,54.15,52.85,53.85,2822760
2018-06-26 00:00:00+05:30,53.8,54.15,53.35,53.75,143700
2018-06-27 00:00:00+05:30,53.7,54.2,53.3,53.5,334740
2018-06-28 00:00:00+05:30,53.55,53.75,52.75,52.9,6239730
2018-06-29 00:00:00+05:30,53.05,56.5,52.7,55.3,399840
2018-07-02 00:00:00+05:30,56.65,56.65,54.85,55.5,425490
2018-07-03 00:00:00+05:30,55.45,55.45,54,54.5,328890
2018-07-04 00:00:00+05:30,54.45,54.65,53.85,54.15,82170
2018-07-05 00:00:00+05:30,54.05,54.8,53.75,54.15,63450
2018-07-06 00:00:00+05:30,54.1,54.85,54.1,54.35,81360
2018-07-09 00:00:00+05:30,53.7,54.45,53.7,54.3,63060
2018-07-10 00:00:00+05:30,54.85,55.25,54.15,54.75,217590
2018-07-11 00:00:00+05:30,54.6,55,54.25,54.65,86880
2018-07-12 00:00:00+05:30,55,55,54.15,54.2,80250
2018-07-13 00:00:00+05:30,54.65,54.65,53.75,53.95,98670
2018-07-16 00:00:00+05:30,54,54.05,53.1,53.7,2040210
2018-07-17 00:00:00+05:30,53.65,54.05,53.15,53.4,315750
2018-07-18 00:00:00+05:30,54.45,54.45,53.15,53.3,627990
2018-07-19 00:00:00+05:30,53,53.6,52.7,52.95,168180
2018-07-20 00:00:00+05:30,52.35,53.7,52.35,53.1,67500
2018-07-23 00:00:00+05:30,53.1,53.65,52.45,52.7,220980
2018-07-24 00:00:00+05:30,52.85,53.75,52.85,53.3,248520
2018-07-25 00:00:00+05:30,53.25,53.35,52.85,53,65250
2018-07-26 00:00:00+05:30,53.25,53.45,52.85,53.3,42750
2018-07-27 00:00:00+05:30,52.85,53.75,52.85,53,87840
2018-07-30 00:00:00+05:30,52.7,53.35,52.25,52.85,127920
2018-07-31 00:00:00+05:30,52.65,53.4,52.65,53.3,79290
2018-08-01 00:00:00+05:30,53.65,53.65,53.05,53.35,36630
2018-08-02 00:00:00+05:30,53.1,53.75,53.05,53.5,48420
2018-08-03 00:00:00+05:30,53.35,53.65,53.05,53.4,54600
2018-08-06 00:00:00+05:30,54.65,54.65,52.3,53.4,4619670
2018-08-07 00:00:00+05:30,53.65,53.65,53.1,53.4,44700
2018-08-08 00:00:00+05:30,53.35,53.6,53.05,53.15,3067470
2018-08-09 00:00:00+05:30,53.35,54.35,53.05,53.5,180030
2018-08-10 00:00:00+05:30,54.35,54.95,53.45,54.15,533550
2018-08-13 00:00:00+05:30,54.15,55.05,53.7,54.7,197130
2018-08-14 00:00:00+05:30,54.95,55.25,53.35,54,462660
2018-08-16 00:00:00+05:30,54.4,55.5,54.1,54.55,314190
2018-08-17 00:00:00+05:30,54.5,55.35,54.5,55.25,276360
2018-08-20 00:00:00+05:30,54.35,55.65,54.35,55.5,301440
2018-08-21 00:00:00+05:30,55,55.85,55,55.3,272910
2018-08-23 00:00:00+05:30,55,55.65,55,55.4,250950
2018-08-24 00:00:00+05:30,55.35,55.45,54.75,55,128010
2018-08-27 00:00:00+05:30,55.05,58.45,55.05,57,1609470
2018-08-28 00:00:00+05:30,57.45,58.6,55.55,56.3,1005480
2018-08-29 00:00:00+05:30,56.75,57.35,55.55,55.7,476010
2018-08-30 00:00:00+05:30,55.35,56,55.1,55.65,207060
2018-08-31 00:00:00+05:30,55.35,58.85,55.35,58.05,740100
2018-09-03 00:00:00+05:30,59,59.05,57.7,57.95,455220
2018-09-04 00:00:00+05:30,58,58.2,56.9,57.4,337380
2018-09-05 00:00:00+05:30,56.65,59.35,56.6,58.35,2794050
2018-09-06 00:00:00+05:30,58.7,58.75,57.65,57.95,229230
2018-09-07 00:00:00+05:30,58.45,58.45,56.85,57.2,155670
2018-09-10 00:00:00+05:30,57.15,58.35,56.85,58.15,314130
2018-09-11 00:00:00+05:30,58.05,58.05,56.65,57.3,332970
2018-12-11 00:00:00+05:30,50.15,52.65,50.15,51.95,41604
2018-12-12 00:00:00+05:30,52.95,52.95,51.75,52.5,23607
2018-12-13 00:00:00+05:30,52.1,53.25,52.1,52.3,41589
2018-12-14 00:00:00+05:30,53.95,54.95,53.65,54.55,272805
2018-12-17 00:00:00+05:30,54.65,55.35,54.6,54.85,155829
2018-12-18 00:00:00+05:30,54.95,55,54.6,54.75,133101
2018-12-19 00:00:00+05:30,55.3,55.5,54.65,55.45,287391
2018-12-20 00:00:00+05:30,55.3,57.1,54.7,55.85,1977999
2018-12-21 00:00:00+05:30,55.85,57.1,55.15,56.55,645621
2018-12-24 00:00:00+05:30,56.65,57,55.95,56.35,186213
2018-12-26 00:00:00+05:30,56,56.35,55.2,55.55,106350
2018-12-27 00:00:00+05:30,55.55,55.85,55,55.15,93366
2018-12-28 00:00:00+05:30,55.95,55.95,54.5,54.7,98457
2018-12-31 00:00:00+05:30,54.55,56.65,54.05,55.25,240789
2019-01-01 00:00:00+05:30,55.45,56.15,55,55.4,66333
2019-01-02 00:00:00+05:30,55.25,56.15,54.7,54.9,87921
2019-01-03 00:00:00+05:30,55,55.55,54.2,54.25,111558
2019-01-04 00:00:00+05:30,54.65,55,53.7,53.85,67854
2019-01-07 00:00:00+05:30,54.3,54.3,52.35,52.65,195459
2019-01-08 00:00:00+05:30,52.25,55.5,52.05,55.1,196803
2019-01-09 00:00:00+05:30,54.65,55.5,53.9,55,161148
2019-01-10 00:00:00+05:30,54.35,55.45,53,53.45,2808336
2019-01-11 00:00:00+05:30,53.65,54.3,53.15,53.7,160452
2019-01-14 00:00:00+05:30,54.35,55,53.7,53.95,218196
2019-01-15 00:00:00+05:30,54.25,55.55,53.9,55.2,2669523
2019-01-16 00:00:00+05:30,55.4,55.85,53.9,54.35,108870
2019-01-17 00:00:00+05:30,54.3,55.45,54.3,54.75,61866
2019-01-18 00:00:00+05:30,54.35,54.85,53.9,54,51072
2019-01-21 00:00:00+05:30,53.75,54.2,53.5,53.65,51927
2019-01-22 00:00:00+05:30,53.65,54.3,52.7,53.35,126177
2019-01-23 00:00:00+05:30,53.6,53.75,52.85,53.05,114489
2019-01-24 00:00:00+05:30,53,53.75,53,53.35,336465
2019-01-25 00:00:00+05:30,52.85,54.15,52.85,53.3,59232
2019-01-28 00:00:00+05:30,53.05,53.55,52.85,53.2,46608
2019-01-29 00:00:00+05:30,53.05,53.45,52.7,52.8,29688
2019-01-30 00:00:00+05:30,52.8,54,52.7,53.55,99690
2019-01-31 00:00:00+05:30,53.35,53.35,52.7,52.9,41988
2019-02-01 00:00:00+05:30,52.7,53.95,52.7,53.5,75453
2019-02-04 00:00:00+05:30,53.15,54.35,53.1,53.75,87447
2019-02-05 00:00:00+05:30,54.25,55.15,53.7,53.95,140166
2019-02-06 00:00:00+05:30,53.85,54.7,53.85,54.5,464016
2019-02-07 00:00:00+05:30,54,56.65,54,55,142065
2019-02-08 00:00:00+05:30,55.05,55.75,54.4,55.35,175356
2019-02-11 00:00:00+05:30,55.65,56.3,54.65,55,1965042
2019-02-12 00:00:00+05:30,54.35,56.15,54.3,55.95,378759
2019-02-13 00:00:00+05:30,55.65,56,54.5,55,652128
2019-02-14 00:00:00+05:30,53.35,54,52.05,53.85,259302
2019-02-15 00:00:00+05:30,53.05,54,52.1,53.9,147042
2019-02-18 00:00:00+05:30,54.15,54.15,52.65,53.55,143169
2019-02-19 00:00:00+05:30,52.85,55.05,52.85,54.95,3158457
2019-02-20 00:00:00+05:30,54.65,55.65,53.6,54.4,271800
2019-02-21 00:00:00+05:30,54,54.3,53,53.4,356679
2019-02-22 00:00:00+05:30,53.45,53.65,52.75,52.95,188475
2019-02-25 00:00:00+05:30,53.3,53.3,52.25,52.45,338721
2019-02-26 00:00:00+05:30,52.35,52.55,52.05,52.15,56040
2019-02-27 00:00:00+05:30,52.35,52.6,50.1,50.95,168558
2019-02-28 00:00:00+05:30,51.5,52.85,50,51.05,1269777
2019-03-01 00:00:00+05:30,51.65,53,51.5,52.65,287358
2019-03-05 00:00:00+05:30,52.2,53.3,52.2,53.1,179925
2019-03-06 00:00:00+05:30,54.2,54.2,52.35,52.6,75642
2019-03-07 00:00:00+05:30,53.35,53.8,52.6,53.55,247857
2019-03-08 00:00:00+05:30,53.35,53.35,52.35,52.55,50091
2019-03-11 00:00:00+05:30,53.15,53.65,52.55,53.6,105168
2019-03-12 00:00:00+05:30,54,54.65,53.35,53.8,4422813
2019-03-13 00:00:00+05:30,54,56.6,54,54.95,5028969
2019-03-14 00:00:00+05:30,54.95,55.35,54.5,55,3995697
2019-03-15 00:00:00+05:30,54.3,55.35,54,54.4,416745
2019-03-18 00:00:00+05:30,53.7,55,52.8,54,2074518
2019-03-19 00:00:00+05:30,53.9,54.3,53.45,53.9,337158
2019-03-20 00:00:00+05:30,53.65,55.7,53.55,53.95,505059
2019-03-22 00:00:00+05:30,53.75,54.45,53.15,53.6,1385700
2019-03-25 00:00:00+05:30,53.7,54,53.05,53.3,1548828
2019-03-26 00:00:00+05:30,53.6,53.75,53.2,53.35,559614
2019-03-27 00:00:00+05:30,53.8,53.85,52.65,52.95,627903
2019-03-28 00:00:00+05:30,53.6,55.15,53.1,54.35,924252
2019-03-29 00:00:00+05:30,55.2,55.45,53.5,55,438384
2019-04-01 00:00:00+05:30,55,55.6,53.75,53.9,290388
2019-04-02 00:00:00+05:30,54.65,55.8,53.7,53.9,1310118
2019-04-03 00:00:00+05:30,54.15,55.95,53.5,53.95,10451655
2019-04-04 00:00:00+05:30,53.6,55.4,53.6,54.2,10589673
2019-04-05 00:00:00+05:30,54.5,54.8,54.25,54.4,289776
2019-04-08 00:00:00+05:30,54.45,55.1,53.85,54.2,2681916
2019-04-09 00:00:00+05:30,53.95,54.35,52.55,52.85,1350444
2019-04-10 00:00:00+05:30,52.6,52.8,51.7,52.35,1041936
2019-04-11 00:00:00+05:30,52.1,52.65,51.65,51.95,443133
2019-04-12 00:00:00+05:30,52.5,52.5,51.65,51.75,304548
2019-04-15 00:00:00+05:30,52.35,52.35,51.65,51.85,1155144
2019-04-16 00:00:00+05:30,51.85,53.2,51.85,52.5,246480
2019-04-18 00:00:00+05:30,52.65,53.8,52.35,53.05,219591
2019-04-22 00:00:00+05:30,53.3,54,52.5,52.6,112089
2019-04-23 00:00:00+05:30,52.55,53.35,52.55,53.25,82458
2019-04-24 00:00:00+05:30,53.15,53.35,52.65,53.1,211995
2019-04-25 00:00:00+05:30,53,53.3,52.65,52.7,595854
2019-04-26 00:00:00+05:30,52.7,53.8,52.7,53.2,320244
2019-04-30 00:00:00+05:30,53.35,53.9,52.65,53.05,740718
2019-05-02 00:00:00+05:30,53.65,53.65,53,53.15,190509
2019-05-03 00:00:00+05:30,53.15,53.65,52.75,53.3,658011
2019-05-06 00:00:00+05:30,53.95,53.95,52.7,52.8,176838
2019-05-07 00:00:00+05:30,53.15,53.35,51.8,52.2,1349490
2019-05-08 00:00:00+05:30,51.7,52.5,51.4,51.75,249627
2019-05-09 00:00:00+05:30,51.5,51.9,51.15,51.35,150669
2019-05-10 00:00:00+05:30,51.35,52.35,51.1,51.8,523410
2019-05-13 00:00:00+05:30,51.6,51.9,51.05,51.7,88737
2019-05-14 00:00:00+05:30,51,52.3,51,52,990606
2019-05-15 00:00:00+05:30,51.65,52.25,51.55,51.85,379506
2019-05-16 00:00:00+05:30,52.35,52.35,51.35,51.55,64701
2019-05-17 00:00:00+05:30,52.35,52.35,47.05,48.55,673506
2019-05-20 00:00:00+05:30,50.35,51.5,49,49.25,229944
2019-05-21 00:00:00+05:30,49.65,50,48.55,49.05,86253
2019-05-22 00:00:00+05:30,49.7,49.7,47.05,48.05,279180
2019-05-23 00:00:00+05:30,50,50,47.9,48.65,3833754
2019-05-24 00:00:00+05:30,48.8,50.3,48.8,49.85,261621
2019-05-27 00:00:00+05:30,50,51.35,50,51,369024
2019-05-28 00:00:00+05:30,51.65,53.65,50.8,52.85,748164
2019-05-29 00:00:00+05:30,53.35,53.35,50.85,51.1,509673
2019-05-30 00:00:00+05:30,51,51.75,51,51.6,40164
2019-05-31 00:00:00+05:30,51.35,52.4,51.3,52.1,230397
2019-06-03 00:00:00+05:30,50.75,52.3,50.75,51.65,1266462
2019-06-04 00:00:00+05:30,51.35,51.8,50.95,51.6,80625
2019-06-06 00:00:00+05:30,51.2,52.25,50.4,50.6,135336
2019-06-07 00:00:00+05:30,50.35,50.95,49.65,49.9,65940
2019-06-10 00:00:00+05:30,50.35,50.45,49.05,49.2,70086
2019-06-11 00:00:00+05:30,49,50.7,49,49.35,431586
2019-06-12 00:00:00+05:30,50.25,50.25,49.2,49.8,50952
2019-06-13 00:00:00+05:30,49.35,50,48.95,49.85,59592
2019-06-14 00:00:00+05:30,49.65,49.85,49.2,49.55,16191
2019-06-17 00:00:00+05:30,49.35,51,48.05,49.45,525879
2019-06-18 00:00:00+05:30,49.35,49.65,48.3,48.4,63897
2019-06-19 00:00:00+05:30,48.05,48.9,46.95,47.05,100329
2019-06-20 00:00:00+05:30,47,48.3,47,47.8,30339
2019-06-21 00:00:00+05:30,47.05,48.35,46.8,47.05,296217
2019-06-24 00:00:00+05:30,48.15,48.15,47.1,47.7,28017
2019-06-25 00:00:00+05:30,47.5,48.65,47.5,47.95,33099
2019-06-26 00:00:00+05:30,47.95,48.35,47,48.15,91287
2019-06-27 00:00:00+05:30,48.15,48.65,47.5,48.05,56037
2019-06-28 00:00:00+05:30,48.65,48.65,47.65,48.05,47553
2019-07-01 00:00:00+05:30,47.85,48.2,47.35,47.4,58599
2019-07-02 00:00:00+05:30,47.15,48,47,47.8,57441
2019-07-03 00:00:00+05:30,47.35,48.65,46.25,46.35,225870
2019-07-04 00:00:00+05:30,46.4,47.65,46.3,46.6,200040
2019-07-05 00:00:00+05:30,47.3,47.65,46.4,46.8,1381608
2019-07-08 00:00:00+05:30,47.35,47.35,46.5,46.85,722904
2019-07-09 00:00:00+05:30,46.75,47.25,46.35,46.5,69777
2019-07-10 00:00:00+05:30,46.15,47.7,46.05,47.5,395742
2019-07-11 00:00:00+05:30,47.5,48.35,47.15,48,202800
2019-07-12 00:00:00+05:30,47.35,48.65,47.35,48.35,4107255
2019-07-15 00:00:00+05:30,47.45,48.65,47.45,48.35,87072
2019-07-16 00:00:00+05:30,48.35,48.95,48.25,48.35,75849
2019-07-17 00:00:00+05:30,47.7,48.65,47.7,48.35,451758
2019-07-18 00:00:00+05:30,48.35,48.6,48.1,48.35,87306
2019-07-19 00:00:00+05:30,48.05,48.45,47.5,47.6,58995
2019-07-22 00:00:00+05:30,47.65,48.45,47,47.75,47784
2019-07-23 00:00:00+05:30,47.1,48,47,47.5,124941
2019-07-24 00:00:00+05:30,47.4,48.25,47.4,48,679953
2019-07-25 00:00:00+05:30,47.5,48.6,47.5,47.95,72024
2019-07-26 00:00:00+05:30,47.4,48.35,47.4,47.6,20832
2019-07-29 00:00:00+05:30,47.75,48.1,46.45,46.85,247575
2019-07-30 00:00:00+05:30,46.85,47.55,46.35,47.1,51789
2019-07-31 00:00:00+05:30,46.25,47.65,45.2,47.15,116598
2019-08-01 00:00:00+05:30,47.15,48,46.5,47.85,103368
2019-08-02 00:00:00+05:30,46.85,48,46.85,47.75,118023
2019-08-05 00:00:00+05:30,47.65,48.3,46.35,47.9,996486
2019-08-06 00:00:00+05:30,47,48.2,47,48,234384
2019-08-07 00:00:00+05:30,48,48.6,48,48.35,239637
2019-08-08 00:00:00+05:30,47,48.4,47,48.4,47391
2019-08-09 00:00:00+05:30,48.05,50,46.9,49.8,195258
2019-08-13 00:00:00+05:30,47.4,50,46.65,47.6,7576872
2019-08-14 00:00:00+05:30,47.45,49.9,47.45,48.85,89082
2019-08-16 00:00:00+05:30,48.85,50,47.5,47.8,2944512
2019-08-19 00:00:00+05:30,47.65,49.3,46.85,48,1883484
2019-08-20 00:00:00+05:30,47.75,49.25,46.35,47.15,193812
2019-08-21 00:00:00+05:30,47.05,47.4,42.4,43.8,437421
2019-08-22 00:00:00+05:30,43.2,45.6,43.2,44.8,535536
2019-08-23 00:00:00+05:30,44.8,45,43.55,44.75,714825
2019-08-26 00:00:00+05:30,46.65,46.65,44.1,45,60306
2019-08-27 00:00:00+05:30,46.35,46.35,44.75,45,4713645
2019-08-28 00:00:00+05:30,45,45,43.45,43.9,356298
2019-08-29 00:00:00+05:30,43.95,44.6,42.7,43.95,55059
2019-08-30 00:00:00+05:30,44.35,45.35,44,44.85,131700
2019-09-03 00:00:00+05:30,44,45,44,44.75,31149
2019-09-04 00:00:00+05:30,44.95,44.95,43.5,44.85,53475
2019-09-05 00:00:00+05:30,44.85,45.15,43.75,45,202002
2019-09-06 00:00:00+05:30,44.65,45.4,44.15,44.7,3042966
2019-09-09 00:00:00+05:30,44.2,45.05,44.1,44.7,1663944
2019-09-11 00:00:00+05:30,44.65,45.35,43.25,43.35,1547223
2019-09-12 00:00:00+05:30,43.5,44,43.5,43.6,167292
2019-09-13 00:00:00+05:30,43.55,44,37.35,39.4,25524321
2019-09-16 00:00:00+05:30,39,40.8,38.8,40.05,3633927
2019-09-17 00:00:00+05:30,40.45,41.1,39.35,39.45,1883331
2019-09-18 00:00:00+05:30,39.95,40.95,38.95,40.3,1134480
2019-09-19 00:00:00+05:30,40.65,40.8,39.85,40.2,478524
2019-09-20 00:00:00+05:30,40.65,43.2,40.15,42.35,21948678
2019-09-23 00:00:00+05:30,42.75,45.65,41.8,45,1893909
2019-09-24 00:00:00+05:30,45,45.25,43.55,43.7,413136
2019-09-25 00:00:00+05:30,44.25,44.25,41.85,42.4,714012
2019-09-26 00:00:00+05:30,42.45,43.45,39.7,40.3,1682280
2019-09-27 00:00:00+05:30,40.45,41.65,40.2,40.55,978432
2019-09-30 00:00:00+05:30,40.35,41.4,39.65,40.2,434718
2019-10-01 00:00:00+05:30,40.5,40.65,39.65,40.3,356616
2019-10-03 00:00:00+05:30,40,41.35,39.85,41,295917
2019-10-04 00:00:00+05:30,41.05,41.45,40,40.45,749466
2019-10-07 00:00:00+05:30,40.9,41,39.95,40.55,219198
2019-10-09 00:00:00+05:30,40.05,41.65,40.05,41.45,155733
2019-10-10 00:00:00+05:30,41.05,42.25,40.75,41.5,202482
2019-10-11 00:00:00+05:30,41.4,42.85,41.05,41.65,217230
2019-10-14 00:00:00+05:30,41.4,42.3,40.1,40.45,481590
2019-10-15 00:00:00+05:30,40.85,41.05,40.2,40.65,189414
2019-10-16 00:00:00+05:30,41,42.5,40.2,41.55,621804
2019-10-17 00:00:00+05:30,40.9,48.35,39.4,45.15,3467844
2019-10-18 00:00:00+05:30,44.35,49.8,43.55,48.9,3233178
2019-10-22 00:00:00+05:30,48.65,50.75,47,48.8,1086306
2019-10-23 00:00:00+05:30,48.65,49.55,47.6,48.25,251472
2019-10-24 00:00:00+05:30,48.75,49,45.6,46.75,427749
2019-10-25 00:00:00+05:30,47,48.65,45.6,46.1,948456
2019-10-27 00:00:00+05:30,46.35,47.2,45.7,46.05,89856
2019-10-29 00:00:00+05:30,46.6,48.15,46.15,47.3,540957
2019-10-30 00:00:00+05:30,47.55,47.95,47,47.45,263748
2019-10-31 00:00:00+05:30,47.35,48.65,47.35,48.3,2547534
2019-11-01 00:00:00+05:30,48,49.65,46.7,48.25,2578929
2019-11-04 00:00:00+05:30,48,48.6,46.1,47.75,1246308
2019-11-05 00:00:00+05:30,47.25,48.65,46.7,48.35,1727376
2019-11-06 00:00:00+05:30,48.25,49.95,46.3,48.25,3907284
2019-11-07 00:00:00+05:30,47.7,48.4,47.7,48.3,3081123
2019-11-08 00:00:00+05:30,48.3,48.35,46.9,47.8,1518858
2019-11-11 00:00:00+05:30,48.3,48.3,46.7,47.95,349992
2019-11-13 00:00:00+05:30,46.65,48,46.35,47.35,391809
2019-11-14 00:00:00+05:30,47.3,48,47,47.85,303987
2019-11-15 00:00:00+05:30,47.5,47.85,47.2,47.65,1375605
2019-11-18 00:00:00+05:30,47.65,48.3,47.1,47.7,1484070
2019-11-19 00:00:00+05:30,47.75,48.05,47.55,47.8,1743717
2019-11-20 00:00:00+05:30,47.8,48.05,47.3,47.7,245433
2019-11-21 00:00:00+05:30,47.9,48.35,47.55,48.25,459003
2019-11-22 00:00:00+05:30,48.05,49.95,47.35,48.5,817215
2019-11-25 00:00:00+05:30,48,48.4,47.5,48.15,2850543
2019-11-26 00:00:00+05:30,47.7,48.4,45.35,47,3316023
2019-11-27 00:00:00+05:30,45.65,47.65,45.35,47.3,388674
2019-11-28 00:00:00+05:30,47.25,48.95,46.85,48.3,9407148
2019-11-29 00:00:00+05:30,48.5,48.5,46.35,46.6,1123704
2019-12-02 00:00:00+05:30,46.35,47.15,45.7,46.35,536334
2019-12-03 00:00:00+05:30,46.15,48.35,46.15,47.35,791838
2019-12-04 00:00:00+05:30,46.65,48,46.65,47.65,2820444
2019-12-05 00:00:00+05:30,47.95,47.95,46.65,46.75,133803
2020-03-05 00:00:00+05:30,62.7,63.25,60.9,62.1,619311
2020-03-06 00:00:00+05:30,60.85,61.4,58.15,59.7,548058
2020-03-09 00:00:00+05:30,58,58.95,56.4,57,3966255
2020-03-11 00:00:00+05:30,57,60,54.4,56.65,844785
2020-03-12 00:00:00+05:30,51.3,54.55,48.55,49.95,4493409
2020-03-13 00:00:00+05:30,46.35,50.7,40,48.15,17710290
2020-03-16 00:00:00+05:30,46.7,50,45.7,48.7,2188098
2020-03-17 00:00:00+05:30,49.9,50.05,46.75,48.3,1115106
2020-03-18 00:00:00+05:30,49.8,49.8,45.1,46.35,936918
2020-03-19 00:00:00+05:30,45,46.2,40.65,44.95,3523977
2020-03-20 00:00:00+05:30,46.5,47.8,43.7,45.45,4026750
2020-03-23 00:00:00+05:30,43.35,46.2,40,43.3,578871
2020-03-24 00:00:00+05:30,45.9,47.45,41.1,43.4,465261
2020-03-25 00:00:00+05:30,43.4,43.4,38.65,40.2,2006550
2020-03-26 00:00:00+05:30,40,42.65,40,40.7,4933668
2020-03-27 00:00:00+05:30,42.35,44.75,41.05,43.6,5794185
2020-03-30 00:00:00+05:30,44,44.35,41,43.2,774129
2020-03-31 00:00:00+05:30,45,45,42.35,42.65,688350
2020-04-01 00:00:00+05:30,43.3,43.75,41.35,43.2,469677
2020-04-03 00:00:00+05:30,43.2,45.65,42.35,45,399525
2020-04-07 00:00:00+05:30,45.65,49.9,45.65,48.3,2311803
2020-04-08 00:00:00+05:30,47.35,49.5,45,45.75,3225909
2020-04-09 00:00:00+05:30,46.65,49,46.3,48.35,774165
2020-04-13 00:00:00+05:30,49.15,49.3,46,47.75,726432
2020-04-15 00:00:00+05:30,49.3,52.6,47.9,49.25,2071446
2020-04-16 00:00:00+05:30,49.65,52.5,48.75,50.95,1075293
2020-04-17 00:00:00+05:30,52,53,50.8,51.75,474144
2020-04-20 00:00:00+05:30,51.85,59,51.65,54.25,7216431
2020-04-21 00:00:00+05:30,54.65,57.3,51.65,51.8,2231961
2020-04-22 00:00:00+05:30,52,53.2,50.35,52.05,863502
2020-04-23 00:00:00+05:30,52.45,52.8,51.15,52.3,1169556
2020-04-24 00:00:00+05:30,52.3,54.15,50.85,52.1,1484172
2020-04-27 00:00:00+05:30,53.35,53.65,51.4,51.95,1983846
2020-04-28 00:00:00+05:30,52.6,53.35,51.1,52.05,656250
2020-04-29 00:00:00+05:30,52.5,53,51.65,51.95,375864
2020-04-30 00:00:00+05:30,52,52.5,49.35,49.95,1102935
2020-05-04 00:00:00+05:30,49.65,49.95,47.15,48.2,2886297
2020-05-05 00:00:00+05:30,48.65,49.4,46.65,47.25,1022034
2020-05-06 00:00:00+05:30,47.8,49,47.6,48.65,2444940
2020-05-07 00:00:00+05:30,48.95,48.95,47.5,48.25,1033197
2020-05-08 00:00:00+05:30,48.65,48.9,47.55,48,406836
2020-05-11 00:00:00+05:30,49,49.35,47.7,48.35,585774
2020-05-12 00:00:00+05:30,48.65,49.35,47.2,48.15,711060
2020-05-13 00:00:00+05:30,50.65,52,48.1,51.6,4341459
2020-05-14 00:00:00+05:30,51.85,53,50.65,51.7,1644396
2020-05-15 00:00:00+05:30,53.35,55,53,53.35,10324800
2020-05-18 00:00:00+05:30,54,56.2,51.75,53,1543086
2020-05-19 00:00:00+05:30,54.5,55,53.75,54.45,2900760
2020-05-20 00:00:00+05:30,54.95,55.15,54.35,54.7,749262
2020-05-21 00:00:00+05:30,55.45,55.45,54.35,54.65,4885434
2020-05-22 00:00:00+05:30,54.2,55.15,53,54.9,530790
2020-05-26 00:00:00+05:30,55.6,55.8,54.05,54.85,9865638
2020-05-27 00:00:00+05:30,55,55.75,54.2,54.75,1079217
2020-05-28 00:00:00+05:30,55,55.1,54.45,54.85,3793803
2020-05-29 00:00:00+05:30,55.65,57.55,53.65,54.6,2366124
2020-06-01 00:00:00+05:30,54.95,59.15,54.75,57.7,9112122
2020-06-02 00:00:00+05:30,58.15,58.25,55.35,56.5,1392267
2020-06-03 00:00:00+05:30,56.7,60.65,56.7,58,2244765
2020-06-04 00:00:00+05:30,58.5,60.65,58.4,59.85,1709592
2020-06-05 00:00:00+05:30,60.35,60.35,57.5,58.4,1037415
2020-06-08 00:00:00+05:30,59,60.1,55.2,55.85,1628646
2020-06-09 00:00:00+05:30,56.65,57.35,54.1,54.8,1236630
2020-06-10 00:00:00+05:30,55.2,61.65,55.2,57.75,4447461
2020-06-11 00:00:00+05:30,57.8,58.65,56.8,57.95,933720
2020-06-12 00:00:00+05:30,56.95,58.15,55.95,57.2,1697019
2020-06-15 00:00:00+05:30,57.65,60.8,57.5,59.6,1804065
2020-06-16 00:00:00+05:30,60.7,62.45,59.1,61.75,2836185
2020-06-17 00:00:00+05:30,61.75,62.35,60.2,60.9,1126383
2020-06-18 00:00:00+05:30,60.8,62.85,59.7,60.1,1622436
2020-06-19 00:00:00+05:30,60.25,64.65,60.25,63.1,2373456
2020-06-22 00:00:00+05:30,65.35,67.3,63,63.25,3013113
2020-06-23 00:00:00+05:30,64,64.1,62.05,62.25,1209405
2020-06-24 00:00:00+05:30,63.35,63.65,61,61.65,1910202
2020-06-25 00:00:00+05:30,61.3,62.3,61,61.6,697176
2020-06-26 00:00:00+05:30,62.1,62.5,61.4,62.05,1193268
2020-06-29 00:00:00+05:30,63,63,60.6,61.05,1498755
2020-06-30 00:00:00+05:30,61.7,61.9,59,59.9,1306545
2020-07-01 00:00:00+05:30,60.25,63.35,59.4,59.95,3442824
2020-07-02 00:00:00+05:30,60.6,61.85,60.6,61.3,738081
2020-07-03 00:00:00+05:30,61.3,63.35,61.3,62.6,1549200
2020-07-06 00:00:00+05:30,63.35,65.2,63.3,63.65,1980327
2020-07-07 00:00:00+05:30,63.95,64.15,61.5,62.85,1579509
2020-07-08 00:00:00+05:30,63.3,63.95,62.05,62.5,1247550
2020-07-09 00:00:00+05:30,63,63.65,61.45,62.1,1073301
2020-07-10 00:00:00+05:30,61.9,62.7,61.5,61.75,1000995
2020-07-13 00:00:00+05:30,61.65,62.65,60.95,61.95,1210476
2020-07-14 00:00:00+05:30,62.1,65.9,61.8,62.65,2648598
2020-07-15 00:00:00+05:30,63.3,64.4,61.85,62.55,2736561
2020-07-16 00:00:00+05:30,62.8,63.35,61.45,61.85,1432638
2020-07-17 00:00:00+05:30,62.15,62.9,61.45,62.15,1303137
2020-07-20 00:00:00+05:30,62.5,62.6,58.4,58.6,4261449
2020-07-21 00:00:00+05:30,58.45,59.4,57,57.65,3252447
2020-07-22 00:00:00+05:30,57.35,58.65,56.75,58.15,1969167
2020-07-23 00:00:00+05:30,58.6,58.8,57.1,57.7,1403784
2020-07-24 00:00:00+05:30,57.65,59.3,57.35,58.3,2669142
2020-07-27 00:00:00+05:30,58.6,58.6,57.25,57.75,973707
2020-07-28 00:00:00+05:30,57.85,58.9,57.8,58.45,1008936
2020-07-29 00:00:00+05:30,59.25,61.65,59,60.4,6759054
2020-07-30 00:00:00+05:30,61,61.9,59.15,60.05,2746368
2020-07-31 00:00:00+05:30,59.95,60.5,58.75,59.75,3522882
2020-08-03 00:00:00+05:30,60,60.1,58.2,58.5,3484575
2020-08-04 00:00:00+05:30,58.85,60.45,58.65,59.7,1198728
2020-08-05 00:00:00+05:30,60,62.65,59.25,60.85,2989524
2020-08-06 00:00:00+05:30,61.35,62.8,60.6,62.35,4413552
2020-08-07 00:00:00+05:30,62.9,64,60.8,61.2,3062379
2020-08-10 00:00:00+05:30,61.9,66.35,61.75,64.8,6950331
2020-08-11 00:00:00+05:30,65.4,66.95,62.85,63.8,4091793
2020-08-12 00:00:00+05:30,63.85,65.25,63.1,64.1,1868400
2020-08-13 00:00:00+05:30,64.55,65.05,63.2,63.35,1459197
2020-08-14 00:00:00+05:30,63.7,63.85,61,61.8,1570983
2020-08-17 00:00:00+05:30,62.25,62.85,61.35,61.85,1008243
2020-08-18 00:00:00+05:30,62.55,62.55,61.5,61.75,1482153
2020-08-19 00:00:00+05:30,62,64.2,61.85,63.35,5737188
2020-08-20 00:00:00+05:30,63.65,64.8,62.75,63.15,2031936
2020-08-21 00:00:00+05:30,63.65,64.2,62.7,62.9,1683705
2020-08-24 00:00:00+05:30,62.8,64.35,62.65,63.75,3324900
2020-08-25 00:00:00+05:30,65.1,65.5,63.65,64.1,4422279
2020-08-26 00:00:00+05:30,64.5,64.65,63.5,63.7,1582299
2020-08-27 00:00:00+05:30,64,64.35,62.75,63.8,2541135
2020-08-28 00:00:00+05:30,64.55,64.55,62.9,64.25,11047323
2020-08-31 00:00:00+05:30,66.15,66.35,60.75,64.3,5483751
2020-09-01 00:00:00+05:30,64.15,64.35,62.65,64,1542018
2020-09-02 00:00:00+05:30,64,64.55,63.65,64.35,3829764
2020-09-03 00:00:00+05:30,64.5,65.95,64.5,65,3128247
2020-09-04 00:00:00+05:30,64.5,64.9,63.25,63.7,2454198
2020-09-07 00:00:00+05:30,64,64.35,63,63.35,987051
2020-09-08 00:00:00+05:30,63.4,64.1,62.35,63.95,3124569
2020-09-09 00:00:00+05:30,63.9,63.9,62.6,62.9,1307577
2020-09-10 00:00:00+05:30,63.05,65.15,62.5,64.15,5443992
2020-09-11 00:00:00+05:30,64.15,64.65,63.05,63.45,2017032
2020-09-14 00:00:00+05:30,64.1,70.6,64.1,68.75,23828691
2020-09-15 00:00:00+05:30,70.65,71.6,67,68.25,12239613
2020-09-16 00:00:00+05:30,68.9,73.1,68.1,70.35,13717572
2020-09-17 00:00:00+05:30,70.25,71,68.55,69.2,5906250
2020-09-18 00:00:00+05:30,69.3,70.1,67.45,68.95,6924051
2020-09-21 00:00:00+05:30,69.45,70.05,64,65.15,6928230
2020-09-22 00:00:00+05:30,65.05,65.85,61.05,64,9356244
2020-09-23 00:00:00+05:30,64.95,65.85,61.4,63.3,6802833
2020-09-24 00:00:00+05:30,62.65,64.95,61.7,63.6,6094416
2020-09-25 00:00:00+05:30,64.6,64.8,62.85,63.4,3134709
2020-09-28 00:00:00+05:30,63.85,68.3,63.5,66.6,5536347
2020-09-29 00:00:00+05:30,67.85,70.65,66.3,69.8,7302258
2020-09-30 00:00:00+05:30,70.3,70.55,68.05,69.3,2955297
2020-10-01 00:00:00+05:30,69.95,71.95,68.35,68.65,4873926
2020-10-05 00:00:00+05:30,69.1,72.25,69,71.9,6586911
2020-10-06 00:00:00+05:30,72.4,72.6,70.5,71.25,2007330
2020-10-07 00:00:00+05:30,71.65,71.65,67.65,68.15,2370984
2020-10-08 00:00:00+05:30,68.35,69.2,65.05,65.45,3214812
2020-10-09 00:00:00+05:30,65.8,66.5,64.15,64.6,4103256
2020-10-12 00:00:00+05:30,64.9,65.35,63,63.35,2112312
2020-10-13 00:00:00+05:30,63.6,65.95,62.8,65.2,3396288
2020-10-14 00:00:00+05:30,64.65,65.85,63.35,65.65,4200195
2020-10-15 00:00:00+05:30,66.05,66.05,64.2,64.55,1673439
2020-10-16 00:00:00+05:30,65,65.25,64.1,65,1203186
2020-10-19 00:00:00+05:30,65.55,67.75,64.5,66.9,2610588
2020-10-20 00:00:00+05:30,67.1,67.45,65.5,66.25,1822752
2020-10-21 00:00:00+05:30,66.9,66.9,64.1,64.75,3345642
2020-10-22 00:00:00+05:30,65.15,65.85,64.4,65.35,1596501
2020-10-23 00:00:00+05:30,65.7,66.1,64.05,64.95,2477049
2020-10-26 00:00:00+05:30,65.4,65.4,64.05,64.25,4315281
2020-10-27 00:00:00+05:30,64.6,65.8,64.1,64.65,2192094
2020-10-28 00:00:00+05:30,64.65,65.2,64.25,64.5,2925009
2020-10-29 00:00:00+05:30,64,65.3,63.85,64.45,4358622
2020-10-30 00:00:00+05:30,65.05,65.55,63.65,63.75,3007629
2020-11-02 00:00:00+05:30,64,64.5,61.55,61.9,3067641
2020-11-03 00:00:00+05:30,62.35,63.4,61.65,62,1404681
2020-11-04 00:00:00+05:30,62.1,62.55,60.35,60.4,2470596
2020-11-05 00:00:00+05:30,61.2,62.5,61,62.25,1275318
2020-11-06 00:00:00+05:30,62.35,65.15,62.35,64.8,2277402
2020-11-09 00:00:00+05:30,65.15,67.15,64.85,65.55,3298758
2020-11-10 00:00:00+05:30,65.65,68.25,65.6,67.2,4079040
2020-11-11 00:00:00+05:30,67.35,69.1,66.65,68.1,2254440
2020-11-12 00:00:00+05:30,68.25,70,67.4,69.55,2807421
2020-11-13 00:00:00+05:30,69.55,71.15,68.65,69,1996302
2020-11-14 00:00:00+05:30,69.95,70,68.45,68.9,528198
2020-11-17 00:00:00+05:30,68.9,71.15,68.85,69.4,2315913
2020-11-18 00:00:00+05:30,69.5,70.25,69,69.45,1362843
2020-11-19 00:00:00+05:30,69.45,70.05,68.15,68.5,1243350
2020-11-20 00:00:00+05:30,68.5,69.4,67.9,68.4,1495272
2020-11-23 00:00:00+05:30,68.7,69.3,67.8,68.85,1204479
2020-11-24 00:00:00+05:30,69.2,71.4,68.75,70.75,2339997
2020-11-25 00:00:00+05:30,71.3,72.3,69.15,70.6,2299002
2020-11-26 00:00:00+05:30,70.6,71.6,70.35,70.85,1833171
2020-11-27 00:00:00+05:30,71,73,70.6,72.55,5136309
2020-12-01 00:00:00+05:30,73.15,74.5,71.4,72.65,5363349
2020-12-02 00:00:00+05:30,73.35,74.25,71.4,72.25,2502759
2020-12-03 00:00:00+05:30,73.35,73.65,71.35,71.65,2021112
2020-12-04 00:00:00+05:30,72.1,72.65,70.7,71.85,1477872
2020-12-07 00:00:00+05:30,72.15,72.7,71.3,71.4,1495551
2020-12-08 00:00:00+05:30,72.3,73,70.95,71.4,3616782
2020-12-09 00:00:00+05:30,72.15,74.15,71.45,72.85,4817547
2020-12-10 00:00:00+05:30,72.85,74.55,71.55,73.7,3628137
2020-12-11 00:00:00+05:30,74.4,75,72.2,72.45,2272821
2020-12-14 00:00:00+05:30,72.8,73.45,70.5,71.05,3064284
2020-12-15 00:00:00+05:30,71.15,73.5,69.45,73,2364009
2020-12-16 00:00:00+05:30,73.35,73.95,72.45,73.2,2771346
2020-12-17 00:00:00+05:30,72.7,74.85,72.7,73.1,1750011
2020-12-18 00:00:00+05:30,73.1,73.35,71.45,72.45,1901643
2020-12-21 00:00:00+05:30,72.65,73.3,66.55,68.6,1978230
2020-12-22 00:00:00+05:30,68.65,71.35,67.55,71.05,2799189
2020-12-23 00:00:00+05:30,71.75,72.1,70.95,71.35,564582
2020-12-24 00:00:00+05:30,71.45,72.65,70.85,71.05,1506075
2020-12-28 00:00:00+05:30,71.55,72,71.25,71.6,1502901
2020-12-29 00:00:00+05:30,71.95,72.85,71.4,72.5,1204266
2020-12-30 00:00:00+05:30,73,75.65,71.85,74.3,2960940
2020-12-31 00:00:00+05:30,75.8,77.55,75,75.95,6497118
2021-01-01 00:00:00+05:30,76.3,76.45,68.1,73.4,1999962
2021-01-04 00:00:00+05:30,73.9,76.7,72.75,76.3,5528469
2021-01-05 00:00:00+05:30,76.3,76.3,73.25,73.4,4155864
2021-01-06 00:00:00+05:30,73.35,74.85,73.35,74,1948929
2021-01-07 00:00:00+05:30,75,75.25,73.5,74.05,1745529
2021-01-08 00:00:00+05:30,74.55,75.05,73.95,74.4,4860501
2021-01-11 00:00:00+05:30,74.95,75.8,74.4,75.1,3577884
2021-01-12 00:00:00+05:30,75.35,75.9,74.1,75.25,3004782
2021-01-13 00:00:00+05:30,75.65,75.65,74,74.45,2578002
2021-01-14 00:00:00+05:30,74.95,77.2,74.45,76.7,3139047
2021-01-15 00:00:00+05:30,76.65,79.55,75.2,78.2,3244422
2021-01-18 00:00:00+05:30,79.35,84.4,77.15,80.05,10284327
2021-01-19 00:00:00+05:30,79.5,81.5,78.35,81.1,3075261
2021-01-20 00:00:00+05:30,81.55,82.85,80.5,81.85,9970632
2021-01-21 00:00:00+05:30,82.95,82.95,79.35,80.2,2037117
2021-01-22 00:00:00+05:30,83.35,83.6,76.9,77.65,7502043
2021-01-25 00:00:00+05:30,78.8,79.95,75.1,77.35,3099132
2021-01-27 00:00:00+05:30,77.55,81.95,75.65,81,3376314
2021-01-28 00:00:00+05:30,79.65,83.15,79.15,82.8,6715377
2021-01-29 00:00:00+05:30,83.4,83.65,80.65,82.1,3371028
2021-02-01 00:00:00+05:30,83,83.15,81.5,82.5,2930385
2021-02-02 00:00:00+05:30,82.95,85.15,81.4,83.7,8631972
2021-02-03 00:00:00+05:30,85.3,85.3,83.05,84.1,2866215
2021-02-04 00:00:00+05:30,84.35,86.2,83.9,85.8,2098749
2021-02-05 00:00:00+05:30,86.5,88.25,84.75,86.65,8266449
2021-02-08 00:00:00+05:30,87.65,88.25,84.85,85.5,4400991
2021-02-09 00:00:00+05:30,85.75,94.15,85.55,90.8,18067365
2021-02-10 00:00:00+05:30,90.65,95.35,89.5,90.2,11603235
2021-02-11 00:00:00+05:30,90.65,107.65,90.5,100.2,37252692
2021-02-12 00:00:00+05:30,101,104,98,99.45,15189690
2021-02-15 00:00:00+05:30,100.15,100.8,96,97.15,5682333
2021-02-16 00:00:00+05:30,97.15,98,92.2,92.4,4647600
2021-02-17 00:00:00+05:30,92.35,98,92.35,94.65,9104211
2021-02-18 00:00:00+05:30,95.45,100.75,94.9,99.3,7945053
2021-02-19 00:00:00+05:30,98.95,100.3,96.65,98.4,3049287
2021-02-22 00:00:00+05:30,97.95,101.65,96.7,98.4,11059719
2021-02-23 00:00:00+05:30,99.9,101.35,98.35,99.3,6408933
2021-02-24 00:00:00+05:30,99.4,103.95,98.65,102.8,3950505
2021-02-25 00:00:00+05:30,103.35,103.35,99.75,100.55,7800996
2021-02-26 00:00:00+05:30,98.35,100.35,95.6,97.8,9169794
2021-05-31 00:00:00+05:30,121.3,121.95,117.7,119.15,5811852
2021-06-01 00:00:00+05:30,119.75,119.95,116.9,117.25,5495877
2021-06-02 00:00:00+05:30,117.95,119.15,116.5,118.25,8126556
2021-06-03 00:00:00+05:30,119,121.15,118,119,11198820
2021-06-04 00:00:00+05:30,119.65,119.9,118,118.35,5147451
2021-06-07 00:00:00+05:30,118.95,122.5,118.35,121.75,12124878
2021-06-08 00:00:00+05:30,122.65,124,119.7,123.6,9870135
2021-06-09 00:00:00+05:30,125,125.3,119.4,119.8,10102362
2021-06-10 00:00:00+05:30,120.65,122.35,119.75,121.05,5363835
2021-06-11 00:00:00+05:30,122,123.3,121,121.6,5632467
2021-06-14 00:00:00+05:30,122.25,123.1,119,122,4038828
2021-06-15 00:00:00+05:30,122.55,126.3,121.95,125.1,14352024
2021-06-16 00:00:00+05:30,125.8,126.85,124.1,124.9,7585296
2021-06-17 00:00:00+05:30,123.35,125.65,122.7,124.35,5079798
2021-06-18 00:00:00+05:30,125,126.5,118.4,126.1,9527976
2021-06-21 00:00:00+05:30,124.35,126,122.95,125.15,3374439
2021-06-22 00:00:00+05:30,126,126.3,122.7,123.1,5983503
2021-06-23 00:00:00+05:30,124.25,125.15,122.4,123.75,4553568
2021-06-24 00:00:00+05:30,123.75,125.75,123.15,124.85,4319547
2021-06-25 00:00:00+05:30,125.6,126.25,124.65,125.25,2983440
2021-06-28 00:00:00+05:30,126.25,129.9,125.45,128.1,11686104
2021-06-29 00:00:00+05:30,128.95,129.15,125.4,126.35,3330567
2021-06-30 00:00:00+05:30,127.3,127.85,124.45,125.05,5494083
2021-07-01 00:00:00+05:30,125.95,128.2,124.65,126.8,3371715
2021-07-02 00:00:00+05:30,127.65,128.25,126.35,127.35,3312783
2021-07-05 00:00:00+05:30,128.45,132.05,127.7,130.2,9829404
2021-07-06 00:00:00+05:30,131.2,134.05,130.35,130.95,8250501
2021-07-07 00:00:00+05:30,131.3,133.55,129.05,132,5826330
2021-07-08 00:00:00+05:30,133.2,134,130.45,131.8,3963861
2021-07-09 00:00:00+05:30,132.35,133.65,130.7,132.3,3021906
2021-07-12 00:00:00+05:30,133.35,133.5,131.15,131.6,3338442
2021-07-13 00:00:00+05:30,132.65,137.95,131.05,136.35,13966398
2021-07-14 00:00:00+05:30,138.35,141.65,136.5,138,24811380
2021-07-15 00:00:00+05:30,139.15,140.65,135.4,136.45,12643767
2021-07-16 00:00:00+05:30,137.6,139.65,135.45,137.45,7707045
2021-07-19 00:00:00+05:30,136.6,148.25,136.2,145.3,31969179
2021-07-20 00:00:00+05:30,146.35,150.15,140.35,142.35,25707594
2021-07-22 00:00:00+05:30,143.95,149.65,143.7,148.55,13963971
2021-07-23 00:00:00+05:30,150,151.55,145.3,147.85,13969377
2021-07-26 00:00:00+05:30,148.3,150.3,146,146.6,7005198
2021-07-27 00:00:00+05:30,147.45,149.9,140,143.05,8563329
2021-07-28 00:00:00+05:30,142.5,143.85,138,139.65,6279666
2021-07-29 00:00:00+05:30,140.95,145.5,139.35,144.6,6044667
2021-07-30 00:00:00+05:30,145.35,146.25,142.2,143.65,3424437
2021-08-02 00:00:00+05:30,144.95,146.95,143.35,144.2,4349940
2021-08-03 00:00:00+05:30,145.7,145.7,141.25,143,3674622
2021-08-04 00:00:00+05:30,143.8,143.8,140.1,140.6,4087224
2021-08-05 00:00:00+05:30,140.95,141.35,136.35,139.6,4348086
2021-08-06 00:00:00+05:30,140,143.15,139.15,139.85,5315367
2021-08-09 00:00:00+05:30,140.55,140.55,138.1,138.7,3835779
2021-08-10 00:00:00+05:30,139.85,141.45,133.25,136.1,8743527
2021-08-11 00:00:00+05:30,136.25,136.55,128.35,132.8,10935381
2021-08-12 00:00:00+05:30,133.45,137.25,133.35,135.2,9766005
2021-08-13 00:00:00+05:30,135.95,137.85,135.45,136.5,5320410
2021-08-16 00:00:00+05:30,136.65,139,133.4,135.6,5402370
2021-08-17 00:00:00+05:30,135.55,137.45,133.9,135.5,5233590
2021-08-18 00:00:00+05:30,136.15,137.65,134,134.65,6194307
2021-08-20 00:00:00+05:30,133.6,136.2,133.1,133.8,7097133
2021-08-23 00:00:00+05:30,135.4,141.25,130.45,138.85,12691293
2021-08-24 00:00:00+05:30,140,144.25,138.55,143.55,12835326
2021-08-25 00:00:00+05:30,144.2,145.25,140.65,143.05,6606132
2021-08-26 00:00:00+05:30,143.8,147.9,143.7,146.9,17427579
2021-08-27 00:00:00+05:30,147.35,147.65,143.75,144.6,9440382
2021-08-30 00:00:00+05:30,145.25,162.3,145.05,160,43708764
2021-08-31 00:00:00+05:30,162.65,173.9,162.35,168.3,69757089
2021-09-01 00:00:00+05:30,169,191.25,165.6,186.75,100957857
2021-09-02 00:00:00+05:30,187.75,195.75,184.25,188.85,76084026
2021-09-03 00:00:00+05:30,188,188,178.95,179.75,32952378
2021-09-06 00:00:00+05:30,180.6,190.2,180.35,187.05,38561073
2021-09-07 00:00:00+05:30,188.05,194.85,185,190.35,43902405
2021-09-08 00:00:00+05:30,190.15,198.5,188.35,197,38036514
2021-09-09 00:00:00+05:30,197.6,204.6,197.35,199.6,55950489
2021-09-13 00:00:00+05:30,201,201.65,197.05,197.6,20719359
2021-09-14 00:00:00+05:30,198.95,199,194.5,195.45,13761252
2021-09-15 00:00:00+05:30,196.45,204,196.35,199.75,33229572
2021-09-16 00:00:00+05:30,200.65,206.4,199.75,203.05,25458294
2021-09-17 00:00:00+05:30,204.65,204.65,195.65,199.6,14220171
2021-09-20 00:00:00+05:30,195.95,202.2,191.9,194.15,14682888
2021-09-21 00:00:00+05:30,194.45,197.8,188.95,194.6,14560110
2021-09-22 00:00:00+05:30,195.65,201.6,195.35,200.2,12156864
2021-09-23 00:00:00+05:30,201.95,203.65,199.45,200.4,7892022
2021-09-24 00:00:00+05:30,201,205,196.25,197.1,12432618
2021-09-27 00:00:00+05:30,198.35,199.15,193.75,196.35,8689134
2021-09-28 00:00:00+05:30,197.25,201.65,195.4,198.8,13158930
2021-09-29 00:00:00+05:30,197.85,214.6,196.65,212.4,65574966
2021-09-30 00:00:00+05:30,215,222.3,213.35,215.3,57420351
2021-10-01 00:00:00+05:30,214.65,216.9,206,206.8,24948906
2021-10-04 00:00:00+05:30,208.4,212.65,207,210.8,14264052
2021-10-05 00:00:00+05:30,210.45,215,210,210.85,13982991
2021-10-06 00:00:00+05:30,211.9,214,208,209.2,10574964
2021-10-07 00:00:00+05:30,211,216.85,208.65,213.45,17383530
2021-10-08 00:00:00+05:30,215.05,234.75,212.4,231.95,72231231
2021-10-11 00:00:00+05:30,240,266.25,237.35,260.3,122555385
2021-10-12 00:00:00+05:30,262.15,269.75,254.05,263.5,74880363
2021-10-13 00:00:00+05:30,262.85,273,261,264.55,41488440
2021-10-14 00:00:00+05:30,266.65,267.35,261.4,264.35,20013033
2021-10-18 00:00:00+05:30,265.95,269.4,263.75,265.65,22744977
2021-10-19 00:00:00+05:30,292.2,318.65,262.25,281.8,196093809
2021-10-20 00:00:00+05:30,281.35,281.35,252.2,263.15,108893931
2021-10-21 00:00:00+05:30,266.15,270.75,247.5,252.65,55139037
2021-10-22 00:00:00+05:30,277.9,277.9,253.35,254.85,99174180
2021-10-25 00:00:00+05:30,258,258,230.2,233,50047248
2021-10-26 00:00:00+05:30,233.35,250.15,233.35,244,45663633
2021-10-27 00:00:00+05:30,246.65,249,243.35,245.65,18668898
2021-10-28 00:00:00+05:30,245,249.9,235.2,236.8,34789440
2021-10-29 00:00:00+05:30,224.95,241.65,213.75,236.1,37097502
2021-11-01 00:00:00+05:30,236.85,246,235,244.7,23851365
2021-11-02 00:00:00+05:30,245.65,252.95,243.35,248.3,26335668
2021-11-03 00:00:00+05:30,247.15,250.85,241.4,242.7,14569044
2021-11-04 00:00:00+05:30,245.9,246.75,244.7,245.75,3384018
2021-11-08 00:00:00+05:30,246.65,261.95,243.55,260.1,32354301
2021-11-09 00:00:00+05:30,260.1,264.95,257.4,260.7,25505739
2021-11-10 00:00:00+05:30,259.65,266.05,256,259.95,19969848
2021-11-11 00:00:00+05:30,259.8,264.65,256.95,262.95,15093882
2021-11-12 00:00:00+05:30,264.1,269,262.05,264.35,21474030
2021-11-15 00:00:00+05:30,265.2,274.3,264.5,270.9,29928279
2021-11-16 00:00:00+05:30,272.55,274.1,268.35,269.8,13575546
2021-11-17 00:00:00+05:30,273.3,275.65,270.75,272.2,20679987
2021-11-18 00:00:00+05:30,273.35,273.65,260.55,261.9,18467433
2021-11-22 00:00:00+05:30,263.25,264.4,251.4,256.5,15531753
2021-11-23 00:00:00+05:30,256.5,265.4,256.5,263.75,21351849
2021-11-24 00:00:00+05:30,266,267,259,260.5,14255856
2021-11-25 00:00:00+05:30,260.5,260.95,255,258.85,13875525
2021-11-26 00:00:00+05:30,256.65,258.35,250,250.95,16051776
2021-11-29 00:00:00+05:30,250,250,233.95,243.65,19186005
2021-11-30 00:00:00+05:30,245.95,258.1,244.65,248.15,24445347
2021-12-01 00:00:00+05:30,252.35,252.35,235,243.3,37656840
2021-12-02 00:00:00+05:30,239.35,244.7,234.35,243.2,30066357
2021-12-03 00:00:00+05:30,247.55,279.65,246.25,255.75,59275167
2021-12-06 00:00:00+05:30,258,259.75,250.1,251.4,15383551
2021-12-07 00:00:00+05:30,255,257.75,252.4,254.95,6856764
2021-12-08 00:00:00+05:30,256.7,264.5,256,262.1,12149458
2021-12-09 00:00:00+05:30,264,271.15,261.7,269.85,11462907
2021-12-10 00:00:00+05:30,271,303.8,269.85,295.25,67352246
2021-12-13 00:00:00+05:30,298.4,301.25,280,284.95,34983110
2021-12-14 00:00:00+05:30,281,285,276.6,278.95,21638654
2021-12-15 00:00:00+05:30,280.1,281,260.5,261.6,40586645
2021-12-16 00:00:00+05:30,265.55,267.55,256.1,265.9,26864347
2021-12-17 00:00:00+05:30,264,264,255,256.1,19362333
2021-12-20 00:00:00+05:30,250,251,235.4,238.6,23427782
2021-12-21 00:00:00+05:30,242.95,249.25,242.1,244.55,17647123
2021-12-22 00:00:00+05:30,248,255,245.5,254.05,16551555
2021-12-23 00:00:00+05:30,257,259,254.1,255.5,8686908
2021-12-24 00:00:00+05:30,256.8,258.5,250,250.75,10588760
2021-12-27 00:00:00+05:30,250.75,254.25,246.3,252.7,9533641
2021-12-28 00:00:00+05:30,254.55,257.55,253.8,255.2,9774111
2021-12-29 00:00:00+05:30,255.5,255.7,250.6,252.75,7429245
2021-12-30 00:00:00+05:30,252,252.25,247,247.7,8818959
2021-12-31 00:00:00+05:30,248.9,254.1,248.3,252.8,6021378
2022-01-03 00:00:00+05:30,253.5,259.7,253,258.2,7876078
2022-01-04 00:00:00+05:30,259.15,264.9,258,261.65,14969304
2022-01-05 00:00:00+05:30,261.45,263.5,258.85,260.65,6858801
2022-01-06 00:00:00+05:30,258,262.6,255,261.1,7141553
2022-01-07 00:00:00+05:30,265,265,258.15,260.85,6837243
2022-01-10 00:00:00+05:30,261.5,263.8,259.25,260.8,6268163
2022-01-11 00:00:00+05:30,260,262.8,258.75,259.3,4576771
2022-01-12 00:00:00+05:30,261,261.75,258.2,259.75,4221764
2022-01-13 00:00:00+05:30,260.7,272,259.75,265.95,23726527
2022-01-14 00:00:00+05:30,264.8,269.8,260.75,266.85,10756906
2022-01-17 00:00:00+05:30,268,269.45,264.15,266.05,6261775
2022-01-18 00:00:00+05:30,267.4,267.5,252,253.1,11993518
2022-01-19 00:00:00+05:30,254,262,251,260.05,11484514
2022-01-20 00:00:00+05:30,261,261.8,256.15,259.75,6529908
2022-01-21 00:00:00+05:30,257,258,250,251.7,10066661
2022-01-24 00:00:00+05:30,251,252.4,236.2,240.05,17907289
2022-01-25 00:00:00+05:30,238,245.55,232,238.7,16751275
2022-01-27 00:00:00+05:30,237.9,237.9,225.5,230.4,18001875
2022-01-28 00:00:00+05:30,232,238,232,232.9,12734661
2022-01-31 00:00:00+05:30,236.75,238.75,234.1,235.45,6087229
2022-02-01 00:00:00+05:30,238,238.6,229.5,233.75,13524070
2022-02-02 00:00:00+05:30,234.55,243.25,234.5,239.75,10421249
2022-02-03 00:00:00+05:30,239.75,240.95,235.15,235.6,5123711
2022-02-04 00:00:00+05:30,236.8,236.85,232.1,232.85,5622404
2022-02-07 00:00:00+05:30,232,233.4,224,225.65,9931957
2022-02-08 00:00:00+05:30,226.5,227.5,215.6,222.85,16038816
2022-02-09 00:00:00+05:30,223.95,224.9,217.55,222.05,15125046
2022-02-10 00:00:00+05:30,223.45,227.45,221.5,225.3,8898041
2022-02-11 00:00:00+05:30,223.5,224.8,218.5,219.45,8199030
2022-02-14 00:00:00+05:30,210.2,217.45,210,210.65,9900470
2022-02-15 00:00:00+05:30,213.55,222.2,208.85,221,12256445
2022-02-16 00:00:00+05:30,223.4,224,217.75,219.35,7433009
2022-02-17 00:00:00+05:30,220.4,222,216.05,216.9,5891723
2022-02-18 00:00:00+05:30,216.7,221.3,216.1,217.55,8950184
2022-02-21 00:00:00+05:30,215.55,217,209.1,210.2,11205929
2022-02-22 00:00:00+05:30,202,207.25,201.05,205.25,9435390
2022-02-23 00:00:00+05:30,208,211,206.55,208.8,7501776
2022-02-24 00:00:00+05:30,200,203.9,192,193.45,18074029
2022-02-25 00:00:00+05:30,199,207.95,199,204.2,9721308
2022-02-28 00:00:00+05:30,201.95,207.45,198.9,205.85,8312164
2022-03-02 00:00:00+05:30,204,215.25,202.5,214.05,16240103
2022-03-03 00:00:00+05:30,219,219,212.1,213.75,8735508
2022-03-04 00:00:00+05:30,214,215.55,209.1,211.1,7525040
2022-03-07 00:00:00+05:30,206.5,210.2,201.5,207.9,9280816
2022-03-08 00:00:00+05:30,207.15,217.3,207,214.2,9864026
2022-03-09 00:00:00+05:30,217.8,224,216.1,222.8,11567495
2022-03-10 00:00:00+05:30,231,231.6,223.1,224.55,9723445
2022-03-11 00:00:00+05:30,221.5,229.15,221.1,225.15,8768732
2022-03-14 00:00:00+05:30,225,225,217.2,219.5,7825793
2022-03-15 00:00:00+05:30,221.15,222.5,216.6,218.6,5881918
2022-03-16 00:00:00+05:30,220.05,225.45,220.05,222.75,6028962
2022-03-17 00:00:00+05:30,226,226.2,222.45,223.15,5324817
2022-03-21 00:00:00+05:30,224.05,224.6,220.2,220.95,3442367
2022-03-22 00:00:00+05:30,221,222.7,218.45,221.95,4360080
2022-03-23 00:00:00+05:30,223.4,232.45,223.2,228.8,13956017
2022-03-24 00:00:00+05:30,229.25,234.5,227.1,233.7,9267860
2022-03-25 00:00:00+05:30,234.9,235.5,228,228.9,6843275
2022-03-28 00:00:00+05:30,229.45,232.3,224.05,230.4,6684906
2022-03-29 00:00:00+05:30,231.6,232.4,224.5,225.35,5376248
2022-03-30 00:00:00+05:30,227.1,228.7,223,224.6,5360269
2022-03-31 00:00:00+05:30,224.9,226.5,223.5,224.7,5123460
2022-04-01 00:00:00+05:30,224.5,231.75,222.1,230.95,6136753
2022-04-04 00:00:00+05:30,230.95,241.55,230.1,238.95,12985586
2022-04-05 00:00:00+05:30,242,247.75,240.8,245.5,12897354
2022-04-06 00:00:00+05:30,245.45,250,243.15,246.35,13290505
2022-04-07 00:00:00+05:30,247.5,251.5,236.65,238.75,11276981
2022-04-08 00:00:00+05:30,240.25,243.45,239.3,241.05,5355404
2022-04-11 00:00:00+05:30,242,245.45,235.2,235.9,5999419
2022-04-12 00:00:00+05:30,237,237.8,231.1,234.7,6808065
2022-04-13 00:00:00+05:30,235.8,238.8,235.05,235.45,4073466
2022-04-18 00:00:00+05:30,234.55,234.55,226.65,231,4702035
2022-04-19 00:00:00+05:30,232.75,236.15,225,228.25,6001691
2022-04-20 00:00:00+05:30,230,234.4,228.15,232.05,6374137
2022-04-21 00:00:00+05:30,233.65,237.35,233.1,234.2,5583598
2022-04-22 00:00:00+05:30,232.6,235.15,229.05,230.2,4386634
2022-04-25 00:00:00+05:30,224.5,227.7,217.3,218.5,13868657
2022-04-26 00:00:00+05:30,221.9,227.8,221.7,226.1,9841957
2022-04-27 00:00:00+05:30,226,230,218.15,218.8,16359597
2022-04-28 00:00:00+05:30,224,224,211.35,214.55,22005669
2022-04-29 00:00:00+05:30,215.9,217.45,211,214.55,19805665
2022-05-02 00:00:00+05:30,214,214,208.2,210.4,8394905
2022-05-04 00:00:00+05:30,212.2,212.2,202.05,203.1,14197624
2022-05-05 00:00:00+05:30,206.4,207.1,198.05,199.95,8705844
2022-05-06 00:00:00+05:30,197,203.45,194,200.65,12678408
2022-05-09 00:00:00+05:30,200.65,206.6,195.3,204.4,10529145
2022-05-10 00:00:00+05:30,203.85,206,195.65,197.15,6971616
2022-05-11 00:00:00+05:30,197.45,199.1,186,191.65,15688613
2022-05-12 00:00:00+05:30,190,190.2,181.8,183.45,13248306
2022-05-13 00:00:00+05:30,187,193.1,186.1,186.9,8457087
2022-05-16 00:00:00+05:30,188.85,190.45,185.25,187.6,4872499
2022-05-17 00:00:00+05:30,189.5,196.25,188.8,195.3,8879828
2022-05-18 00:00:00+05:30,196.8,198.6,193.65,195,5690307
2022-05-19 00:00:00+05:30,189.45,195.3,187.5,194.3,9356654
2022-05-20 00:00:00+05:30,197.5,197.8,193,194.1,4038516
2022-05-23 00:00:00+05:30,195.1,198.2,192.3,193.8,5585151
2022-08-22 00:00:00+05:30,163,163,156.5,157.1,14559028
2022-08-23 00:00:00+05:30,156.05,159.25,155,157.9,7108128
2022-08-24 00:00:00+05:30,158,161.4,157.5,159.85,5591988
2022-08-25 00:00:00+05:30,162.35,162.6,158.55,159.1,7203084
2022-08-26 00:00:00+05:30,161.7,162.3,158.95,159.45,6065973
2022-08-29 00:00:00+05:30,155,159.3,154.5,158.05,5039685
2022-08-30 00:00:00+05:30,159.35,161.7,159,161,5900860
2022-09-01 00:00:00+05:30,161,161.45,159,160.2,4330501
2022-09-02 00:00:00+05:30,161,161.2,157.75,158,4791595
2022-09-05 00:00:00+05:30,158.5,161.3,158.25,160.65,5441549
2022-09-06 00:00:00+05:30,160.85,163,159.2,159.4,8115544
2022-09-07 00:00:00+05:30,158.9,160,157.5,158.7,11105086
2022-09-08 00:00:00+05:30,160,162.95,159.6,160,10595905
2022-09-09 00:00:00+05:30,161.95,161.95,159.1,159.4,6251018
2022-09-12 00:00:00+05:30,160.45,163.75,160,163.1,9565914
2022-09-13 00:00:00+05:30,164,165.45,162.4,163.05,7112481
2022-09-14 00:00:00+05:30,160.5,164.35,159.8,163.2,7111503
2022-09-15 00:00:00+05:30,164,164.45,161.8,162.6,3436251
2022-09-16 00:00:00+05:30,163.45,163.95,155.6,156.85,7733860
2022-09-19 00:00:00+05:30,157.5,158.2,152.55,152.95,7406954
2022-09-20 00:00:00+05:30,153.8,155.4,152.95,153.25,5305163
2022-09-21 00:00:00+05:30,153.3,154.55,150,151.1,7288988
2022-09-22 00:00:00+05:30,150.5,153.2,150,151.95,5550059
2022-09-23 00:00:00+05:30,152.5,152.95,145.7,147.1,8521927
2022-09-26 00:00:00+05:30,146,146.75,141,142.75,8634065
2022-09-27 00:00:00+05:30,144,145.5,140.7,141.7,6006530
2022-09-28 00:00:00+05:30,141,142.9,139.65,140.55,4648911
2022-09-29 00:00:00+05:30,142,142.8,139.2,139.75,4830070
2022-09-30 00:00:00+05:30,139.75,142.65,138.65,142.05,4456696
2022-10-03 00:00:00+05:30,142.9,143.9,139.4,139.9,4560848
2022-10-04 00:00:00+05:30,143,143.8,141.45,143.5,3700387
2022-10-06 00:00:00+05:30,144.5,146.7,143.65,145.8,5636347
2022-10-07 00:00:00+05:30,145.8,146.95,145,146.05,3090370
2022-10-10 00:00:00+05:30,145,145,141.9,143.1,4116049
2022-10-11 00:00:00+05:30,143.85,144.4,140.1,141,3914733
2022-10-12 00:00:00+05:30,141.4,142.45,139.25,142,3144139
2022-10-13 00:00:00+05:30,142.25,143.05,139.55,140.25,2823101
2022-10-14 00:00:00+05:30,141.9,143.05,139.7,139.95,2143082
2022-10-17 00:00:00+05:30,139.9,140.6,136.8,139.05,4033592
2022-10-18 00:00:00+05:30,140,140.3,138,139.7,4931209
2022-10-19 00:00:00+05:30,140,143.4,139.65,140.95,3865501
2022-10-20 00:00:00+05:30,140.8,141.5,138.6,140.7,2914481
2022-10-21 00:00:00+05:30,138.1,140.5,134,134.5,12292569
2022-10-24 00:00:00+05:30,136,136.95,135,136.45,1552966
2022-10-25 00:00:00+05:30,136.2,139.9,133.85,139.2,6925845
2022-10-27 00:00:00+05:30,140,140.6,137.45,139.3,4131765
2022-10-28 00:00:00+05:30,139.3,139.9,137.85,138.35,2869456
2022-10-31 00:00:00+05:30,138.8,140.3,137.7,139.9,3990118
2022-11-01 00:00:00+05:30,140,141.85,139.2,140.55,3623371
2022-11-02 00:00:00+05:30,141,144.2,140.65,143.25,5845477
2022-11-03 00:00:00+05:30,142.95,144.85,142.15,143.95,3819226
2022-11-04 00:00:00+05:30,142.45,143.4,140.5,141.85,4282449
2022-11-07 00:00:00+05:30,142.05,144.5,141.5,144.05,3841417
2022-11-09 00:00:00+05:30,145.5,145.5,142,142.6,3104143
2022-11-10 00:00:00+05:30,142.6,142.6,138.85,140.2,3163837
2022-11-11 00:00:00+05:30,141.9,145.8,141.5,144.7,6747484
2022-11-14 00:00:00+05:30,145.45,147.35,143.6,145.85,4744610
2022-11-15 00:00:00+05:30,146.5,146.5,144.2,145.35,2737765
2022-11-16 00:00:00+05:30,145.35,145.85,140.95,141.55,3913104
2022-11-17 00:00:00+05:30,140.8,141.2,138.3,139,4535918
2022-11-18 00:00:00+05:30,139.55,139.95,137.5,138.45,2551403
2022-11-21 00:00:00+05:30,142.95,146.35,141.2,145.25,17982197
2022-11-22 00:00:00+05:30,146.2,146.2,140.95,141.65,7227652
2022-11-23 00:00:00+05:30,142.5,143,141.45,141.9,2879306
2022-11-24 00:00:00+05:30,142.35,147.95,140.8,146.95,12795404
2022-11-25 00:00:00+05:30,147.6,151.8,145.55,150.35,15386976
2022-11-28 00:00:00+05:30,150.9,150.9,146.35,148.05,14305841
2022-11-29 00:00:00+05:30,148.05,150.85,147.05,148.4,8487402
2022-11-30 00:00:00+05:30,148.7,148.75,147.3,147.85,3117002
2022-12-01 00:00:00+05:30,148,149,147.1,148,4982670
2022-12-02 00:00:00+05:30,148.85,151,148.5,150.2,9043113
2022-12-05 00:00:00+05:30,150.9,152.4,150,151,5017611
2022-12-06 00:00:00+05:30,150.85,150.85,147.85,148.35,4435986
2022-12-07 00:00:00+05:30,148.1,148.7,145,146.2,4189529
2022-12-08 00:00:00+05:30,146.3,148.5,146,148.25,2609362
2022-12-09 00:00:00+05:30,148.95,149,144.4,145.1,3346784
2022-12-12 00:00:00+05:30,145.1,145.45,142.8,144.3,2952093
2022-12-13 00:00:00+05:30,145.8,148.2,145.4,146.9,4391799
2022-12-14 00:00:00+05:30,147.9,150.6,147.45,148.2,5533638
2022-12-15 00:00:00+05:30,148.2,148.95,147.15,147.95,2588538
2022-12-16 00:00:00+05:30,147.55,147.7,144.3,144.85,3590491
2022-12-19 00:00:00+05:30,144.85,145.5,143,144.8,2711447
2022-12-20 00:00:00+05:30,144.25,145.4,142.65,143.9,2613685
2022-12-21 00:00:00+05:30,144.25,145.7,140.4,141.1,3186119
2022-12-22 00:00:00+05:30,141.2,142.1,137.6,138.4,4826324
2022-12-23 00:00:00+05:30,137,137.9,129.5,130.2,7382430
2022-12-26 00:00:00+05:30,131,136.95,129.25,136.6,5396248
2022-12-27 00:00:00+05:30,137.85,139.3,136.7,138.5,3848284
2022-12-28 00:00:00+05:30,138.5,140.3,137.35,139.6,3673580
2022-12-29 00:00:00+05:30,138.5,140.3,137.3,139.6,3306486
2022-12-30 00:00:00+05:30,140.2,142.2,139.65,140,3993145
2023-01-02 00:00:00+05:30,140.45,142.65,140.45,142.25,2871484
2023-01-03 00:00:00+05:30,142.5,143.8,141.6,142.65,3722704
2023-01-04 00:00:00+05:30,142,142.35,140.05,140.5,2811241
2023-01-05 00:00:00+05:30,141,141.2,138.8,140.45,2394369
2023-01-06 00:00:00+05:30,140.65,141.6,138.6,139.15,2059984
2023-01-09 00:00:00+05:30,140.8,142.45,140.2,141.4,2987464
2023-01-10 00:00:00+05:30,141.4,143.2,140.65,141.7,3360177
2023-01-11 00:00:00+05:30,142.65,143,140.6,141.85,2683025
2023-01-12 00:00:00+05:30,142.5,142.6,140.55,141.4,2209469
2023-01-13 00:00:00+05:30,142,142.25,140.6,141.65,2106087
2023-01-16 00:00:00+05:30,142,142.9,140.3,140.75,2848783
2023-01-17 00:00:00+05:30,141.2,141.3,138.6,139.9,2612368
2023-01-18 00:00:00+05:30,140,140.35,139.2,139.5,1483758
2023-01-19 00:00:00+05:30,138.95,139.2,137.55,138.5,2235539
2023-01-20 00:00:00+05:30,138.5,138.8,134.8,135.7,2769418
2023-01-23 00:00:00+05:30,134.8,139.4,134.15,138.7,4204797
2023-01-24 00:00:00+05:30,138.15,140.25,137.85,138.75,3381979
2023-01-25 00:00:00+05:30,138.7,139.95,136.6,136.9,3331778
2023-01-27 00:00:00+05:30,137.6,138.15,132,134.25,3722486
2023-01-30 00:00:00+05:30,134.25,136.45,133.7,135.35,2520568
2023-01-31 00:00:00+05:30,135.85,138.9,134.95,138.6,2391135
2023-02-01 00:00:00+05:30,139.3,140.15,134.35,136.75,3455126
2023-02-02 00:00:00+05:30,136.75,139.55,135.4,138.75,3212837
2023-02-03 00:00:00+05:30,139.4,139.4,136.4,138.25,2476250
2023-02-06 00:00:00+05:30,137.95,140,137,139.55,3305043
2023-02-07 00:00:00+05:30,139.7,139.8,137.3,138.05,2194132
2023-02-08 00:00:00+05:30,138.1,138.6,137,138.1,2301525
2023-02-09 00:00:00+05:30,138.2,138.7,135.4,135.65,3533577
2023-02-10 00:00:00+05:30,135.7,136.85,134.5,134.95,2721918
2023-02-13 00:00:00+05:30,138,138,133.45,133.85,3323982
2023-02-14 00:00:00+05:30,134.25,134.5,132.5,133.4,2056516
2023-02-15 00:00:00+05:30,133.4,135.8,133.2,134.35,4614181
2023-02-16 00:00:00+05:30,134.75,136.4,134.55,136.15,1879323
2023-02-17 00:00:00+05:30,135.45,136.5,134.6,135.45,3464017
2023-02-20 00:00:00+05:30,135.6,139.3,135.05,138.25,4709889
2023-02-21 00:00:00+05:30,139,145.65,138.2,144.05,16677715
2023-02-22 00:00:00+05:30,144.05,146.4,142.65,145.5,12020712
2023-02-23 00:00:00+05:30,145.6,145.85,141.35,142.05,5625794
2023-02-24 00:00:00+05:30,142.8,145.75,142.15,143.85,4607346
2023-02-27 00:00:00+05:30,144.1,144.35,141,143,3757200
2023-02-28 00:00:00+05:30,143,145,142,144.55,3126399
2023-03-01 00:00:00+05:30,144.9,148.25,143.9,147.5,6600929
2023-03-02 00:00:00+05:30,147.8,148.8,147,147.8,4292476
2023-03-03 00:00:00+05:30,148.4,149.2,145,145.3,4988573
2023-03-06 00:00:00+05:30,145.45,147.8,143.6,146.7,5965477
2023-03-08 00:00:00+05:30,146.4,149,145.35,148.75,4133152
2023-03-09 00:00:00+05:30,149.55,152.2,147.4,148.15,8075892
2023-03-10 00:00:00+05:30,145.5,150.2,145.5,148.9,5092312
2023-03-13 00:00:00+05:30,149.35,149.65,142.65,143.2,6926584
2023-03-14 00:00:00+05:30,143,146.15,142.05,145.3,4928772
2023-03-15 00:00:00+05:30,147.2,153.8,147.2,151.45,24728907
2023-03-16 00:00:00+05:30,151.3,152.8,148.5,152.2,7008028
2023-03-17 00:00:00+05:30,152.85,154.6,150.6,151.4,5966519
2023-03-20 00:00:00+05:30,150.5,151.25,147.2,150.45,4965610
2023-03-21 00:00:00+05:30,150.5,151.95,149.45,150.15,3161625
2023-03-22 00:00:00+05:30,150.15,151.2,149.1,149.85,2056547
2023-03-23 00:00:00+05:30,149.45,150.4,147.15,147.95,2342064
2023-03-24 00:00:00+05:30,147.9,147.9,142.2,142.95,3671465
2023-03-27 00:00:00+05:30,142.95,143,133.5,134.15,7585816
2023-03-28 00:00:00+05:30,133.9,134.3,127.4,127.95,11174628
2023-03-29 00:00:00+05:30,127.3,130.5,125.8,128.6,10720997
2023-03-31 00:00:00+05:30,129.2,131.75,127.45,127.95,10429836
2023-04-03 00:00:00+05:30,129.65,134.45,128.9,133.85,8599988
2023-04-05 00:00:00+05:30,134.5,136.85,132.7,136.5,8358474
2023-04-06 00:00:00+05:30,137.5,151.9,136.75,150.85,44174907
2023-04-10 00:00:00+05:30,150.85,153.2,148.5,152.5,17163043
2023-04-11 00:00:00+05:30,152.5,157,151.2,155.95,11607279
2023-04-12 00:00:00+05:30,156.4,157.25,153.85,155.7,10608363
2023-04-13 00:00:00+05:30,156,157.1,154.25,154.8,5215575
2023-04-17 00:00:00+05:30,154.15,154.85,152.7,154.1,3442134
2023-04-18 00:00:00+05:30,154.5,156.85,153,153.85,5174823
2023-04-19 00:00:00+05:30,153.5,154.35,152.45,152.85,3136352
2023-04-20 00:00:00+05:30,153.1,155.15,151.6,153.85,3611626
2023-04-21 00:00:00+05:30,153.4,154.9,152.45,153.7,4465533
2023-04-24 00:00:00+05:30,154,155.1,152.6,152.85,4238634
2023-04-25 00:00:00+05:30,153.65,153.75,151.8,152.2,2947498
2023-04-26 00:00:00+05:30,152.2,152.85,151.4,152.2,4237477
2023-04-27 00:00:00+05:30,152.2,152.9,151,152.2,3492068
2023-04-28 00:00:00+05:30,152.45,156.9,152,156.55,7276330
2023-05-02 00:00:00+05:30,157.5,157.7,154.55,155.2,7246709
2023-05-03 00:00:00+05:30,154.9,157.5,154.5,155.5,4398958
2023-05-04 00:00:00+05:30,155.5,157.1,154.2,155.85,4137122
2023-05-05 00:00:00+05:30,155.85,162.15,155.85,158.25,17620263
2023-05-08 00:00:00+05:30,159,160.95,158,160.05,5352643
2023-05-09 00:00:00+05:30,160.4,162.15,159.4,160.4,6360124
2023-05-10 00:00:00+05:30,161.6,162.8,160.45,161.8,5782885
2023-05-11 00:00:00+05:30,162.35,163.75,160.15,162.55,4817736
2023-05-12 00:00:00+05:30,162.15,163.5,157.05,158.2,7588446
2023-05-15 00:00:00+05:30,158.2,158.5,152.5,155.8,8214051
2023-05-16 00:00:00+05:30,155.45,162,155,159.2,8224221
2023-05-17 00:00:00+05:30,160.05,160.75,157.5,159.35,6772095
2023-05-18 00:00:00+05:30,159.35,162.9,158.45,159.1,6144795
2023-05-19 00:00:00+05:30,160.1,160.1,157.6,158.95,4427580
2023-05-22 00:00:00+05:30,158.95,158.95,154.25,155.65,5899869
2023-05-23 00:00:00+05:30,156,157.8,155.75,156.65,3068702
2023-05-24 00:00:00+05:30,156.4,157.45,155.1,155.75,2869512
2023-05-25 00:00:00+05:30,155.75,156.65,154.3,155.5,3768295
2023-05-26 00:00:00+05:30,156.05,159.4,154.35,155.8,6172298
2023-05-29 00:00:00+05:30,156.15,157.9,154.8,155.1,3914243
2023-05-30 00:00:00+05:30,155.3,155.45,152.5,153.7,3549026
2023-05-31 00:00:00+05:30,153.7,155.05,152.7,153,1993319
2023-06-01 00:00:00+05:30,153.85,155,153,153.45,2216723
2023-06-02 00:00:00+05:30,154.1,154.35,152.55,152.75,1674551
2023-06-05 00:00:00+05:30,153.2,153.95,152.5,153.2,2919012
2023-06-06 00:00:00+05:30,153.75,153.75,146.6,147.2,11143867
2023-06-07 00:00:00+05:30,147.3,149.55,145.45,148.7,6665847
2023-06-08 00:00:00+05:30,149.65,150.95,135.35,136.45,24010073
2023-06-09 00:00:00+05:30,128,130,116,122.6,146159814
2023-06-12 00:00:00+05:30,126,127,123.05,123.6,36392534
2023-06-13 00:00:00+05:30,123.8,125.45,123.8,125.15,13246858
2023-06-14 00:00:00+05:30,125.5,125.75,123.1,123.35,11355031
2023-06-15 00:00:00+05:30,123.5,125.9,123.5,124.85,9763522
2023-06-16 00:00:00+05:30,125.45,126.4,124.2,125.8,9508717
2023-06-19 00:00:00+05:30,126,129.3,126,128.75,13447079
2023-06-20 00:00:00+05:30,129.9,132.5,128.8,130.7,19846063
2023-06-21 00:00:00+05:30,131.25,131.55,128,128.35,8866011
2023-06-22 00:00:00+05:30,129,129.25,126.35,126.7,6706174
2023-06-23 00:00:00+05:30,127,128.9,124.75,127.2,7786678
2023-06-26 00:00:00+05:30,127.6,129.65,126.25,129.45,6021252
2023-06-27 00:00:00+05:30,129.9,130.2,127.6,128.1,5773768
2023-06-28 00:00:00+05:30,129.3,129.3,126.2,126.5,7218458
2023-06-30 00:00:00+05:30,127,128.4,126.75,127.1,4393190
2023-07-03 00:00:00+05:30,127.6,128.2,126.6,126.8,3201986
2023-07-04 00:00:00+05:30,127.5,128,124.2,124.65,8303656
2023-07-05 00:00:00+05:30,124.65,128,124.5,126,8286761
2023-07-06 00:00:00+05:30,126.35,127.45,125.8,126.7,5863594
2023-07-07 00:00:00+05:30,127,127.5,124.8,125.4,7122820
2023-07-10 00:00:00+05:30,125.75,125.9,123.05,123.7,7069687
2023-07-11 00:00:00+05:30,124.15,125.35,123.7,123.9,5114917
2023-07-12 00:00:00+05:30,124,124.6,123,123.55,4440548
2023-07-13 00:00:00+05:30,123.8,124.3,120.5,121.6,6395490
2023-07-14 00:00:00+05:30,122,124,120.7,123.75,6508426
2023-07-17 00:00:00+05:30,124.1,124.8,123.75,124.55,4861204
2023-07-18 00:00:00+05:30,124.55,124.85,122.55,123.1,5189883
2023-07-19 00:00:00+05:30,123.1,125.55,122.55,124.85,6931772
2023-07-20 00:00:00+05:30,124.8,126.05,123.9,124.1,4685402
2023-07-21 00:00:00+05:30,124,124.65,123.35,123.6,3548501
2023-07-24 00:00:00+05:30,124,124.75,122.7,123.45,5683016
2023-07-25 00:00:00+05:30,123.7,124,122.8,123.4,4530828
2023-07-26 00:00:00+05:30,123.5,125.2,123.5,124.4,4553503
2023-07-27 00:00:00+05:30,125.4,125.5,119,119.95,16559787
2023-07-28 00:00:00+05:30,119.9,124.5,119.8,122.6,14041684
2023-07-31 00:00:00+05:30,122.6,124,122.4,122.65,5110124
2023-08-01 00:00:00+05:30,123.75,129.15,122.8,127.4,25952769
2023-08-02 00:00:00+05:30,128.1,130.25,125.3,126.9,16320596
2023-08-03 00:00:00+05:30,127,128.1,125,126.1,6271426
2023-08-04 00:00:00+05:30,126.5,128.45,126.3,127.05,5931555
2023-08-07 00:00:00+05:30,128.3,129.55,126.35,126.9,7795096
2023-08-08 00:00:00+05:30,127.8,130.2,127,129.05,10649648
2023-08-09 00:00:00+05:30,129.8,131.9,127.8,130.6,8299335
2023-08-10 00:00:00+05:30,131.2,132,128.7,129.1,6042570
2023-08-11 00:00:00+05:30,129.4,130.6,128.1,128.5,3337141
2023-08-14 00:00:00+05:30,128.7,128.95,125.05,126.2,4792415
2023-08-16 00:00:00+05:30,126.2,126.9,124.7,125.2,3313400
2023-11-15 00:00:00+05:30,133.7,136.75,132.9,135.5,8080904
2023-11-16 00:00:00+05:30,136,138.7,135.6,136.1,9696133
2023-11-17 00:00:00+05:30,136.8,138.95,135.85,138.05,8591473
2023-11-20 00:00:00+05:30,138.65,140,137,138,9003780
2023-11-21 00:00:00+05:30,138.9,143,136.55,141.85,18045021
2023-11-22 00:00:00+05:30,142.4,144.2,140.1,143.6,18931728
2023-11-23 00:00:00+05:30,150,150.4,144.7,145.1,31367331
2023-11-24 00:00:00+05:30,145.7,145.7,141.2,142.05,10550802
2023-11-28 00:00:00+05:30,142.8,145.5,141.6,144.45,9583712
2023-11-29 00:00:00+05:30,145.75,146.25,143.1,143.75,5937995
2023-11-30 00:00:00+05:30,144,144.85,141.6,143.85,6712211
2023-12-01 00:00:00+05:30,144.6,145.25,142.25,142.7,5105259
2023-12-04 00:00:00+05:30,145,147.4,143.45,144.95,10257368
2023-12-05 00:00:00+05:30,147,148.8,143.3,143.85,20091497
2023-12-06 00:00:00+05:30,144.7,149.3,144.2,147.75,16256391
2023-12-07 00:00:00+05:30,148.4,159.9,146.8,157.75,56706512
2023-12-08 00:00:00+05:30,158,160,150.45,152.7,22244444
2023-12-11 00:00:00+05:30,153.4,156.15,152.7,153.6,9152525
2023-12-12 00:00:00+05:30,154.45,154.45,150.3,151.3,7491560
2023-12-13 00:00:00+05:30,151.6,154,151.5,153.1,6661884
2023-12-14 00:00:00+05:30,154,154.95,152,152.55,6055516
2023-12-15 00:00:00+05:30,153.4,153.75,150.6,151,6120176
2023-12-18 00:00:00+05:30,151,155.95,150,153.1,10954977
2023-12-19 00:00:00+05:30,153.55,155.8,151.6,154.2,8137617
2023-12-20 00:00:00+05:30,155,157.05,142.3,143.95,16286010
2023-12-21 00:00:00+05:30,142.15,147.9,140.65,147.1,9483028
2023-12-22 00:00:00+05:30,148.1,154.5,146.9,152.55,15814245
2023-12-26 00:00:00+05:30,152.5,157.3,151.55,156.4,21794223
2023-12-27 00:00:00+05:30,157.1,159.5,153.35,154.75,11706004
2023-12-28 00:00:00+05:30,155.55,162.75,154.15,161.5,36602674
2023-12-29 00:00:00+05:30,162.5,172.3,162,168,78634602
2024-01-01 00:00:00+05:30,169.1,173.35,166.45,168,29812120
2024-01-02 00:00:00+05:30,168.5,168.7,162.05,165.95,22328576
2024-01-03 00:00:00+05:30,164.1,165.45,162.5,163.15,9076268
2024-01-04 00:00:00+05:30,166,167.9,164.4,165.95,17806032
2024-01-05 00:00:00+05:30,166.85,167.35,163,164.2,10729223
2024-01-08 00:00:00+05:30,164.2,164.6,159.55,160.9,10622236
2024-01-09 00:00:00+05:30,161.85,165.9,161.25,162.85,11833007
2024-01-10 00:00:00+05:30,163.2,166.5,160.55,164.05,7634305
2024-01-11 00:00:00+05:30,165.7,167.9,165,166.9,12550623
2024-01-12 00:00:00+05:30,167.5,169.2,163.9,164.4,13109691
2024-01-15 00:00:00+05:30,165.15,165.5,161.55,163.65,9204845
2024-01-16 00:00:00+05:30,163.75,167.15,162.4,164.1,13973367
2024-01-17 00:00:00+05:30,155.2,159.25,145.4,147.25,69324261
2024-01-18 00:00:00+05:30,145.1,145.8,134.3,137.2,52733975
2024-01-19 00:00:00+05:30,138.25,141.9,138.2,140.05,23184366
2024-01-20 00:00:00+05:30,141.85,143.5,140.4,142.25,9769668
2024-01-23 00:00:00+05:30,143.3,143.8,135.7,136.45,15901514
2024-01-24 00:00:00+05:30,137.95,139.4,134.6,136.8,15785141
2024-01-25 00:00:00+05:30,137.5,137.8,134.2,135.7,12951767
2024-01-29 00:00:00+05:30,138.55,141.7,137.3,140.45,17020958
2024-01-30 00:00:00+05:30,141.7,147,141.2,145.1,24150039
2024-01-31 00:00:00+05:30,146,148.2,144.85,147.6,13784111
2024-02-01 00:00:00+05:30,148.4,148.85,145,146.3,7936428
2024-02-02 00:00:00+05:30,147,148.2,145.55,146.05,7694451
2024-02-05 00:00:00+05:30,146.85,150.15,145.65,146.55,10164252
2024-02-06 00:00:00+05:30,149.4,153.8,148.2,152.85,26776884
2024-02-07 00:00:00+05:30,154.4,154.4,143.15,145.1,43105050
2024-02-08 00:00:00+05:30,145.1,148.25,144.05,144.45,12819592
2024-02-09 00:00:00+05:30,145.45,145.9,140,143.75,11404781
2024-02-12 00:00:00+05:30,144.05,144.6,139.5,140,7949500
2024-02-13 00:00:00+05:30,140.05,145.1,138.15,144.5,10942718
2024-02-14 00:00:00+05:30,142.4,144.45,140.85,143.95,4561800
2024-02-15 00:00:00+05:30,144.5,146.15,143.8,144.6,5353137
2024-02-16 00:00:00+05:30,145,147.4,144.4,145.65,5812909
2024-02-19 00:00:00+05:30,145.95,146.85,145.35,145.75,4277667
2024-02-20 00:00:00+05:30,145.1,147.55,145.05,146.45,6276461
2024-02-21 00:00:00+05:30,146.45,147.4,142.45,144.3,7038214
2024-02-22 00:00:00+05:30,144.3,145.65,143.1,144.85,3496690
2024-02-23 00:00:00+05:30,145.1,148.2,145.1,147,7968482
2024-02-26 00:00:00+05:30,147,148,146,147.05,6168601
2024-02-27 00:00:00+05:30,148.1,149.7,144.7,145.2,9776911
2024-02-28 00:00:00+05:30,145.9,145.9,140,140.9,8428285
2024-02-29 00:00:00+05:30,141.25,142.9,139,142.15,4964250
2024-03-01 00:00:00+05:30,143.15,145.35,142.55,144.35,4504563
2024-03-02 00:00:00+05:30,145.95,151.55,145.65,151.55,9541174
2024-03-04 00:00:00+05:30,153.85,158.4,152.75,153.55,35459341
2024-03-05 00:00:00+05:30,155,155,149.1,149.75,12167686
2024-03-06 00:00:00+05:30,154.4,154.4,145.45,147.6,10674957
2024-03-07 00:00:00+05:30,147.6,150.25,147.15,147.85,6250481
2024-03-11 00:00:00+05:30,148.2,148.45,142.95,143.6,8683757
2024-03-12 00:00:00+05:30,143.6,143.8,140.1,141,9100792
2024-03-13 00:00:00+05:30,141,141.5,131.6,133.1,11182822
2024-03-14 00:00:00+05:30,132,137.6,130.2,137.2,7822805
2024-03-15 00:00:00+05:30,137.65,138.25,133.4,136.85,6291607
2024-03-18 00:00:00+05:30,136.95,137.65,135.25,136.45,5440299
2024-03-19 00:00:00+05:30,136.55,137.1,133.85,134.5,5216404
2024-03-20 00:00:00+05:30,134,135.65,131.8,133.75,5374377
2024-03-21 00:00:00+05:30,135.25,136.35,134.8,135.95,5608993
2024-03-22 00:00:00+05:30,135.4,137.35,134.55,135.85,5944397
2024-03-26 00:00:00+05:30,135.8,136.65,133.5,134.05,8512425
2024-03-27 00:00:00+05:30,134.9,135.6,133.15,133.55,8884368
2024-03-28 00:00:00+05:30,134,135.55,134,134.35,7320353
2024-04-01 00:00:00+05:30,135.2,140.85,135.15,140.3,7437392
2024-04-02 00:00:00+05:30,140.65,143,139.85,142.4,6313419
2024-04-03 00:00:00+05:30,144,144.7,142.6,143.85,8179541
2024-04-04 00:00:00+05:30,145.85,147.8,144.55,144.8,10581111
2024-04-05 00:00:00+05:30,144.45,146.5,142.1,145.45,9754641
2024-04-08 00:00:00+05:30,146,147.4,144.65,145.5,5519683
2024-04-09 00:00:00+05:30,146.7,149.4,146.05,147.95,11157683
2024-04-10 00:00:00+05:30,146.35,152,146.35,150.45,14450765
2024-04-12 00:00:00+05:30,149.8,154.6,149.05,151.85,14590281
2024-04-15 00:00:00+05:30,149.05,150,145.3,146.5,10539167
2024-04-16 00:00:00+05:30,146,149.4,144.95,148.2,7918449
2024-04-18 00:00:00+05:30,148.2,150,144.4,144.95,7490930
2024-04-19 00:00:00+05:30,143,148.8,142.5,147.65,9692709
2024-04-22 00:00:00+05:30,147.65,149.8,147.25,148.9,5002481
2024-04-23 00:00:00+05:30,150,154.05,149.7,153.1,14225923
2024-04-24 00:00:00+05:30,154,155.5,152.4,153.85,8587421
2024-04-25 00:00:00+05:30,153,159.75,152.65,159.35,22174713
2024-04-26 00:00:00+05:30,160.2,160.5,156.4,158.85,12153652
2024-04-29 00:00:00+05:30,160,161.35,154.75,155.3,17265414
2024-04-30 00:00:00+05:30,156.1,157.1,155.7,156.3,5676131
2024-05-02 00:00:00+05:30,157.15,159.8,155.25,156.2,12625295
2024-05-03 00:00:00+05:30,158.15,160.4,154.7,157.55,16483488
2024-05-06 00:00:00+05:30,159.4,159.75,150.45,152.95,10326368
2024-05-07 00:00:00+05:30,152.3,153.75,147.3,148.7,8024021
2024-05-08 00:00:00+05:30,148.75,151,147.2,147.5,6327855
2024-05-09 00:00:00+05:30,148.25,149.3,142.1,142.8,8013843
2024-05-10 00:00:00+05:30,143.1,146,140.75,145.05,8379083
2024-05-13 00:00:00+05:30,145.05,145.7,142.5,145.1,4407501
2024-05-14 00:00:00+05:30,145.85,146.3,143.9,144.85,4465125
2024-05-15 00:00:00+05:30,146,147.85,144.6,145.55,12640662
2024-05-16 00:00:00+05:30,147.55,151.3,147,148,14910087
2024-05-17 00:00:00+05:30,148.4,151.85,146.5,151.4,8896137
2024-05-18 00:00:00+05:30,152.25,158.95,151,158.35,6788411
2024-05-21 00:00:00+05:30,158.35,166.4,158.35,160.45,44874163
2024-05-22 00:00:00+05:30,161.55,161.9,152.4,154.5,19979093
2024-05-23 00:00:00+05:30,155.7,156.6,152.35,155.75,8716554
2024-05-24 00:00:00+05:30,155.75,159.15,154.4,157.75,12481445
2024-05-27 00:00:00+05:30,158.4,163.95,158.2,160.8,23829842
2024-05-28 00:00:00+05:30,161.5,162,156.75,157.15,9300395
2024-05-29 00:00:00+05:30,157,158.3,154.65,156.8,5583572
2024-05-30 00:00:00+05:30,156.3,157.5,153.55,154.3,6451946
2024-05-31 00:00:00+05:30,155,155.65,152.5,153.15,5722784
2024-06-03 00:00:00+05:30,159.75,160.4,154.85,157.8,12225688
2024-06-04 00:00:00+05:30,157.8,157.8,134.15,145.15,21683927
2024-06-05 00:00:00+05:30,145.15,158.8,145.15,156.95,16873385
2024-06-06 00:00:00+05:30,161.8,167.5,160.6,162.55,33813919
2024-06-07 00:00:00+05:30,163.8,165.1,161.7,163.5,14464021
2024-06-10 00:00:00+05:30,164.45,167.5,163.2,165.43,13700748
2024-06-11 00:00:00+05:30,165.9,171.8,164.8,168.68,31422594
2024-06-12 00:00:00+05:30,169.7,174.6,168.2,173.61,25586903
2024-06-13 00:00:00+05:30,175.7,181.75,174.66,178.25,58082920
2024-06-14 00:00:00+05:30,179.15,182.55,176,179.67,20595360
2024-06-18 00:00:00+05:30,181.3,187.4,180.46,185.87,37756106
2024-06-19 00:00:00+05:30,186.65,187.14,180.8,181.25,17822528
2024-06-20 00:00:00+05:30,182.3,183.4,180.24,180.99,9283078
2024-06-21 00:00:00+05:30,180.99,184.3,178.7,181.76,15300459
2024-06-24 00:00:00+05:30,181.3,184.7,179.2,182.69,11413171
2024-06-25 00:00:00+05:30,182.99,184.95,177.91,179.47,10883214
2024-06-26 00:00:00+05:30,180,180.78,176.8,178.68,11367721
2024-06-27 00:00:00+05:30,178.4,182.73,177.55,179.83,13412203
2024-06-28 00:00:00+05:30,180.4,183.5,179.64,180.54,11880778
2024-07-01 00:00:00+05:30,181.99,190,181,189.34,35117376
2024-07-02 00:00:00+05:30,191,191.2,182,185.05,20172441
2024-07-03 00:00:00+05:30,189,189.7,184.5,185.29,15575143
2024-07-04 00:00:00+05:30,186.19,186.6,182.8,183.64,9952987
2024-07-05 00:00:00+05:30,183,186.18,182,184.35,7403916
2024-07-08 00:00:00+05:30,185,185.49,180.36,181.65,8737011
2024-07-09 00:00:00+05:30,182,185.4,181.65,183.38,10668839
2024-07-10 00:00:00+05:30,182.95,182.95,170.47,176.12,31541545
2024-07-11 00:00:00+05:30,178.2,178.87,176.01,177.07,6941666
2024-07-12 00:00:00+05:30,178,180,176.66,177.13,7366030
2024-07-15 00:00:00+05:30,178.25,179.15,174.16,178.22,7613554
2024-07-16 00:00:00+05:30,178.95,182.37,177,177.34,11969269
2024-07-18 00:00:00+05:30,177.01,177.09,172.5,173.56,7781301
2024-07-19 00:00:00+05:30,172.95,173.39,168.5,169.07,10733712
2024-07-22 00:00:00+05:30,168,172.86,166.4,171.54,10982909
2024-07-23 00:00:00+05:30,172,172.35,159.35,168.24,13090043
2024-07-24 00:00:00+05:30,169.1,175.14,168.21,174.43,11178623
2024-07-25 00:00:00+05:30,174.5,178.64,171.77,176.1,14791706
2024-07-26 00:00:00+05:30,177.8,177.95,175.61,176.66,4893874
2024-07-29 00:00:00+05:30,178.5,190.39,178.05,187.04,40759273
2024-07-30 00:00:00+05:30,187.95,192.15,187.05,188.86,17126857
2024-07-31 00:00:00+05:30,188.91,194.3,188.91,192.11,16154061
2024-08-01 00:00:00+05:30,192.9,193.5,187.55,190.43,13153852
2024-08-02 00:00:00+05:30,186,197.8,184.3,195.32,33779275
2024-08-05 00:00:00+05:30,192.89,197.29,185.32,188.31,33410920
2024-08-06 00:00:00+05:30,190.1,196.64,189.27,189.91,18912678
2024-08-07 00:00:00+05:30,193.51,199.75,191.05,197.87,16334341
2024-08-08 00:00:00+05:30,200.25,200.9,193.08,193.62,16338322
2024-08-09 00:00:00+05:30,196.25,197.7,192.39,192.67,7520604
2024-08-12 00:00:00+05:30,190,195.62,189.01,194.44,9168119
2024-08-13 00:00:00+05:30,195,195,187.05,187.96,8495576
2024-08-14 00:00:00+05:30,188.6,188.6,184.41,185.81,6590045
2024-08-16 00:00:00+05:30,187,195.5,187,194.82,14692697
2024-08-19 00:00:00+05:30,196.4,198.17,195.01,196.32,6305026
2024-08-20 00:00:00+05:30,196.89,197.25,193.42,195.32,3969340
2024-08-21 00:00:00+05:30,195.25,197.6,194.1,196.25,5334593
2024-08-22 00:00:00+05:30,196.75,200.69,195.02,195.55,18387252
2024-08-23 00:00:00+05:30,195.2,196,188.25,188.97,13452198
2024-08-26 00:00:00+05:30,190.76,190.96,186.3,188.95,9531606
2024-08-27 00:00:00+05:30,190.28,195.99,189.45,195.56,19944502
2024-08-28 00:00:00+05:30,196.4,205.44,194.75,203.51,53994365
2024-08-29 00:00:00+05:30,203.48,206.35,199.29,205.71,27970653
2024-08-30 00:00:00+05:30,206.35,208.76,202.9,203.63,15630541
2024-09-02 00:00:00+05:30,206,206,201.75,203.41,7970314
2024-09-03 00:00:00+05:30,204.05,207.8,203.42,205.86,10928702
2024-09-04 00:00:00+05:30,205.82,208.6,203.55,206.85,18267154
2024-09-05 00:00:00+05:30,207.2,211.25,206.6,209.34,18412659
2024-09-06 00:00:00+05:30,209.32,212.5,206.2,207.96,16850599
2024-09-09 00:00:00+05:30,207.99,213.94,207.85,213.52,18544014
2024-09-10 00:00:00+05:30,214.1,217.3,212.6,214.61,14229854
2024-09-11 00:00:00+05:30,214.75,216.6,210.88,211.85,8310394
2024-09-12 00:00:00+05:30,215.05,219.6,214.25,216.52,17156414
2024-09-13 00:00:00+05:30,216.75,220.7,216.06,219.07,9475492
2024-09-16 00:00:00+05:30,219.51,222.27,216.44,220.93,9019252
2024-09-17 00:00:00+05:30,222.05,226.28,219.6,221.9,16758314
2024-09-18 00:00:00+05:30,221.99,229.1,220.76,228.07,24545474
2024-09-19 00:00:00+05:30,228.25,230.29,221.57,225.41,13100758
2024-09-20 00:00:00+05:30,226.45,233.27,226.01,231.35,21702823
2024-09-23 00:00:00+05:30,231.85,240.25,231.2,239.37,17229006
2024-09-24 00:00:00+05:30,240.5,244.4,209.05,211.61,121892360
2024-09-25 00:00:00+05:30,209,210.28,199.5,202.52,71971589
2024-09-26 00:00:00+05:30,202.7,210.75,202.69,208.66,61377352
2024-09-27 00:00:00+05:30,209.77,213.6,203.65,206.25,37092117
2024-09-30 00:00:00+05:30,206,207.38,202.66,204.28,21703577
2024-10-01 00:00:00+05:30,204.28,209.6,202.85,208.34,12907273
2024-10-03 00:00:00+05:30,205,211.7,204.19,208.99,18521611
2024-10-04 00:00:00+05:30,207.5,211,205.6,207.95,14318574
2024-10-07 00:00:00+05:30,208.8,212.39,197.2,198.97,18012330
2024-10-08 00:00:00+05:30,198,205.4,197.5,204.59,9840977
2024-10-09 00:00:00+05:30,206,209,202.92,203.47,10228772
2024-10-10 00:00:00+05:30,205.8,205.9,200.98,202.37,6936763
2024-10-11 00:00:00+05:30,203.5,205.25,202.19,204.59,5203315
2024-10-14 00:00:00+05:30,203.99,204.16,192.06,196.18,24232368
2024-10-15 00:00:00+05:30,196.18,196.18,189.3,191.6,16202650
2024-10-16 00:00:00+05:30,191,195.49,190,194.65,9816205
2024-10-17 00:00:00+05:30,194.65,194.8,188.01,191.16,8275172
2024-10-18 00:00:00+05:30,188.5,192.5,186.71,190.96,5227032
2024-10-21 00:00:00+05:30,190.96,191.75,186.51,187.11,4088919
2024-10-22 00:00:00+05:30,187.1,187.82,178.27,179.16,8543480
2024-10-23 00:00:00+05:30,179.16,184,176.83,182.82,7669712
2024-10-24 00:00:00+05:30,183.1,186.1,181.64,184.42,5256532
2024-10-25 00:00:00+05:30,189.95,189.95,176.1,180.76,14268725
2024-10-28 00:00:00+05:30,180.75,183.9,178.37,182.44,10510684
2024-10-29 00:00:00+05:30,182.44,183.12,177.36,179.89,4995779
2024-10-30 00:00:00+05:30,179.89,180.82,175.79,176.28,7662753
2024-10-31 00:00:00+05:30,177,179.5,174.82,177.76,8074955
2024-11-01 00:00:00+05:30,179.13,180,178,179.35,1352003
2024-11-04 00:00:00+05:30,179.3,179.3,171.66,173.04,7269202
2024-11-05 00:00:00+05:30,173.8,173.99,169.69,173.15,6910677
2024-11-06 00:00:00+05:30,175.47,177.95,173.86,177.37,6112577
2024-11-07 00:00:00+05:30,177.37,178.9,173.57,174.01,4871088
2024-11-08 00:00:00+05:30,173.95,174.48,170.53,171.07,4425844
2025-02-07 00:00:00+05:30,183.09,185.15,180.11,182.24,4238355
2025-02-10 00:00:00+05:30,183,183.15,176.21,176.79,3518273
2025-02-11 00:00:00+05:30,177.66,177.9,169.87,171.38,4954937
2025-02-12 00:00:00+05:30,170,173.42,166.21,171.81,3679502
2025-02-13 00:00:00+05:30,172.15,173.6,169.05,169.6,2939542
2025-02-14 00:00:00+05:30,170.15,170.97,161.94,163.93,3587242
2025-02-17 00:00:00+05:30,161.5,167.5,159.76,167.21,4352960
2025-02-18 00:00:00+05:30,167,167.42,161.51,164.63,4345661
2025-02-19 00:00:00+05:30,164,170.33,163.18,169.45,4175975
2025-02-20 00:00:00+05:30,170.08,170.47,165.37,169.73,4748425
2025-02-21 00:00:00+05:30,169,172.19,166.34,168.92,4103115
2025-02-24 00:00:00+05:30,166.5,167.82,163.5,164.23,3427628
2025-02-25 00:00:00+05:30,164,167.6,161.7,166.24,4040595
2025-02-27 00:00:00+05:30,165.51,165.9,153.46,156.94,9872288
2025-02-28 00:00:00+05:30,156.17,162.49,154.5,155.93,17438779
2025-03-03 00:00:00+05:30,156.28,157.82,152,154.69,4800862
2025-03-04 00:00:00+05:30,154.69,155.79,151,152.82,6105064
2025-03-05 00:00:00+05:30,153.05,159,152.25,158.25,5232895
2025-03-06 00:00:00+05:30,162,165.5,160.74,163.3,5308139
2025-03-07 00:00:00+05:30,163.26,164.75,162,163.93,3941272
2025-03-10 00:00:00+05:30,164,164.99,158,159.06,4310024
2025-03-11 00:00:00+05:30,157.1,159.4,155.15,157.99,2734358
2025-03-12 00:00:00+05:30,158.24,159.74,154.61,156.49,3303576
2025-03-13 00:00:00+05:30,157.1,157.4,153.23,153.56,2171253
2025-03-17 00:00:00+05:30,153.7,163.22,153.36,162.67,16419062
2025-03-18 00:00:00+05:30,162.5,163.79,160.66,163.33,5005866
2025-03-19 00:00:00+05:30,163.33,169,162.33,167.96,4509322
2025-03-20 00:00:00+05:30,168,169.1,165.7,167.58,3327739
2025-03-21 00:00:00+05:30,167.85,172.97,167.55,172.67,6138007
2025-03-24 00:00:00+05:30,174,178.5,173.15,178.07,4988273
2025-03-25 00:00:00+05:30,178.75,180,175.27,175.99,5209870
2025-03-26 00:00:00+05:30,175,179,173.89,177.16,5398342
2025-03-27 00:00:00+05:30,177,180.5,175.21,178.44,5754346
2025-03-28 00:00:00+05:30,179.3,180.5,174.5,175.77,4414614
2025-04-01 00:00:00+05:30,175.15,178.94,174.15,176.73,4161026
2025-04-02 00:00:00+05:30,176.35,178.3,174.67,177.99,3095795
2025-04-03 00:00:00+05:30,175.5,182.89,175.5,182.05,4238026
2025-04-04 00:00:00+05:30,182.9,183.44,175.1,178.52,7089543
2025-04-07 00:00:00+05:30,160.66,176,160.66,173.8,6931298
2025-04-08 00:00:00+05:30,175.2,179.5,174.2,176.9,3039914
2025-04-09 00:00:00+05:30,176.8,179.51,173.45,177.4,3130795
2025-04-11 00:00:00+05:30,180,181.24,177.08,179.03,2959611
2025-04-15 00:00:00+05:30,181,184.49,180.26,184.01,4531924
2025-04-16 00:00:00+05:30,184.3,186.99,183.5,186.61,3694080
2025-04-17 00:00:00+05:30,186.61,189.53,185.61,187.62,4374184
2025-04-21 00:00:00+05:30,187.62,190.71,187.26,189.97,2993780
2025-04-22 00:00:00+05:30,190.15,192.8,188.34,189.7,3570060
2025-04-23 00:00:00+05:30,191,191.9,187.06,191.33,3918207
2025-04-24 00:00:00+05:30,191.33,192.92,189.23,190.84,4623926
2025-04-25 00:00:00+05:30,194.79,201.35,189.46,190.5,63450190
2025-04-28 00:00:00+05:30,190,196.9,190,195.21,11359210
2025-04-29 00:00:00+05:30,195.47,196.5,192.03,192.82,5621470
2025-04-30 00:00:00+05:30,193.5,194.65,188.52,190.35,5244268
2025-05-02 00:00:00+05:30,190.35,193.99,189.13,190.69,4236466
2025-05-05 00:00:00+05:30,191.5,196.49,190.25,195.14,6172085
2025-05-06 00:00:00+05:30,199,200,190.24,190.99,8886830
2025-05-07 00:00:00+05:30,187,197.8,186.63,196.46,9443756
2025-05-08 00:00:00+05:30,196.47,197.86,187.2,189.9,3495893
2025-05-09 00:00:00+05:30,182,190.05,182,189.38,4682343
2025-05-12 00:00:00+05:30,196,196.5,192.6,194.95,5491611
2025-05-13 00:00:00+05:30,195,195.7,193.4,194.8,3698819
2025-05-14 00:00:00+05:30,194.99,197.69,193.25,197.25,7080077
2025-05-15 00:00:00+05:30,199,200.89,196.26,197.48,4898463
2025-05-16 00:00:00+05:30,196.79,201,194.76,199.86,7133581
2025-05-19 00:00:00+05:30,200.9,202.39,197,197.63,5216563
2025-05-20 00:00:00+05:30,198.1,200.43,197.11,197.45,4117067
2025-05-21 00:00:00+05:30,197.45,200.77,195.33,199.18,3691869
2025-05-22 00:00:00+05:30,199,199.23,192.72,194.83,3789004
2025-05-23 00:00:00+05:30,195.5,195.95,193.25,195.03,2027729
2025-05-26 00:00:00+05:30,195.98,197.77,193.59,194.5,2182375
2025-05-27 00:00:00+05:30,194.5,199.99,194.42,199.45,5954518
2025-05-28 00:00:00+05:30,199.45,201.33,197.34,197.81,4606287
2025-05-29 00:00:00+05:30,197.81,200.5,197.21,199.81,5167254
2025-05-30 00:00:00+05:30,199.81,203.19,197.52,200.55,10105269
2025-06-02 00:00:00+05:30,200.5,203.35,198.67,200.63,7869316
2025-06-03 00:00:00+05:30,201,203,199.1,201.17,4776429
2025-06-04 00:00:00+05:30,202,204.5,197,202.01,17829093
2025-06-05 00:00:00+05:30,203,203.59,195.62,199.33,10137602
2025-06-06 00:00:00+05:30,200.19,204.35,198.57,202.13,12286701
2025-06-09 00:00:00+05:30,203.65,215.4,203.5,209.31,35814295
2025-06-10 00:00:00+05:30,210.9,212,207.7,210.01,12648712
2025-06-11 00:00:00+05:30,211.6,214.2,188.59,193.68,71166193
2025-06-12 00:00:00+05:30,195,196.33,188.93,190.21,22026039
2025-06-13 00:00:00+05:30,187.01,189,186,187.22,7101481
2025-06-16 00:00:00+05:30,187.22,191.08,183.7,190.1,7804072
2025-06-17 00:00:00+05:30,190.19,190.9,185.58,186.76,7294833
2025-06-18 00:00:00+05:30,186.76,188,182.78,183.31,5428591
2025-06-19 00:00:00+05:30,183.4,185.9,178.5,178.85,5713629
2025-06-20 00:00:00+05:30,179,183,178.86,182.51,4394466
2025-06-23 00:00:00+05:30,181.1,183.38,180,182.58,2886661
2025-06-24 00:00:00+05:30,184.5,189.52,184.15,187.77,9357972
2025-06-25 00:00:00+05:30,189,194.34,188.15,189.01,8160730
2025-06-26 00:00:00+05:30,188,191,186.06,190.14,7789161
2025-06-27 00:00:00+05:30,190.2,192.1,187.6,189.28,7150860
2025-06-30 00:00:00+05:30,190.01,193.5,189.75,193.11,5838078
2025-07-01 00:00:00+05:30,194,194.11,191.61,193.09,5051293
2025-07-02 00:00:00+05:30,193.09,196.8,192.96,195.24,7017146
2025-07-03 00:00:00+05:30,195.9,199,194.2,197.75,5983801
2025-07-04 00:00:00+05:30,198.8,200.69,196.01,197.63,5507326
2025-07-07 00:00:00+05:30,197.5,199.6,196.22,199.33,3414788
2025-07-08 00:00:00+05:30,198.92,202.5,198,200.99,8012831
2025-07-09 00:00:00+05:30,201,211.75,199.05,207.96,23167001
2025-07-10 00:00:00+05:30,208,209.7,205.51,206.38,5122463
2025-07-11 00:00:00+05:30,205.5,208,203.2,206.43,3543960
2025-07-14 00:00:00+05:30,205.7,208.6,205.1,207.13,4396685
2025-07-15 00:00:00+05:30,207.06,209.4,206.3,208.98,3061720
2025-07-16 00:00:00+05:30,208.5,209.99,207.32,208.31,3661850
2025-07-17 00:00:00+05:30,208.01,208.99,204.6,205.75,4645862
2025-07-18 00:00:00+05:30,205.6,206.47,202.66,203.14,1939814
2025-07-21 00:00:00+05:30,202.01,205,195.18,195.99,7836870
2025-07-22 00:00:00+05:30,196.94,200,191.54,192.56,9707232
2025-07-23 00:00:00+05:30,192.7,193.41,186.61,187.89,9214590
2025-07-24 00:00:00+05:30,169.1,169.1,131.5,132.32,127736986
2025-07-25 00:00:00+05:30,137.8,149.4,136.41,145.02,298471535
2025-07-28 00:00:00+05:30,146.4,146.4,132.16,139.12,84489906
2025-07-29 00:00:00+05:30,137.3,138.54,132,134.65,46588839
2025-07-30 00:00:00+05:30,135.89,138.4,133.05,136.05,38434079
2025-07-31 00:00:00+05:30,135,141.5,133.75,135.3,28369765
2025-08-01 00:00:00+05:30,135.44,136.47,131.72,132.09,13337730
2025-08-04 00:00:00+05:30,133.3,134.45,130.65,133.98,12654592
2025-08-05 00:00:00+05:30,135,135.3,131.71,133.49,18708771
2025-08-06 00:00:00+05:30,133.49,133.53,131.1,132.18,11870382
2025-08-07 00:00:00+05:30,131.8,134.05,130.26,133.46,14214767
2025-08-08 00:00:00+05:30,133.46,139.8,132.64,138.04,29027613
2025-08-11 00:00:00+05:30,138.45,139.04,135.2,137.9,11473028
2025-08-12 00:00:00+05:30,137.37,139.13,135.9,138.08,10917993
2025-08-13 00:00:00+05:30,138,142.29,137.81,141.17,16615911
2025-08-14 00:00:00+05:30,141,141.63,139.03,140.27,5839144
2025-08-18 00:00:00+05:30,140.25,141.5,138.66,141.01,8400424
2025-08-19 00:00:00+05:30,140.77,141.99,138.66,141.59,7788677
2025-08-20 00:00:00+05:30,141.99,144.15,140.73,143.15,7543910
2025-08-21 00:00:00+05:30,143.15,146.1,142.8,144.62,8787145
2025-08-22 00:00:00+05:30,144,146.07,143.43,143.92,6706865
2025-08-25 00:00:00+05:30,143.86,148.8,142.64,143.87,10187666
2025-08-26 00:00:00+05:30,144.3,144.45,140.86,141.26,6441292
2025-08-28 00:00:00+05:30,141.26,141.85,139.09,139.76,5592044
2025-08-29 00:00:00+05:30,140,141.29,139.26,139.8,3949076
2025-09-01 00:00:00+05:30,139.8,143.1,139.52,142.21,4039519
2025-09-02 00:00:00+05:30,143,143.75,140.85,141.19,3872440
2025-09-03 00:00:00+05:30,141.19,142.3,140.48,142.07,3303329
2025-09-04 00:00:00+05:30,144,144.25,141.92,142.65,4500009
2025-09-05 00:00:00+05:30,142.65,144.09,140,141.95,4808605
2025-09-08 00:00:00+05:30,143.9,144,141.55,142.3,2833263
2025-09-09 00:00:00+05:30,142.55,143.7,141.75,142.86,2870738
2025-09-10 00:00:00+05:30,143.59,145.69,143.41,144.74,6265716
2025-09-11 00:00:00+05:30,145,145,142.5,143.42,3436932
2025-09-12 00:00:00+05:30,143.6,145.9,143.26,144.84,3634402
2025-09-15 00:00:00+05:30,145.79,147.9,145,147.21,5369108
2025-09-16 00:00:00+05:30,148.08,148.89,146.57,147.38,5543060
2025-09-17 00:00:00+05:30,148,152.44,148,148.44,17256455
2025-09-18 00:00:00+05:30,149.61,149.76,146.81,148.61,6998033
2025-09-19 00:00:00+05:30,149,149.85,148.22,149.03,3282240
2025-09-22 00:00:00+05:30,149,149.73,145.85,146.09,4666556
2025-09-23 00:00:00+05:30,146.12,146.31,142.87,143.91,4643971
2025-09-24 00:00:00+05:30,143.5,144,140,140.41,4001048
2025-09-25 00:00:00+05:30,140.4,142.11,139.36,139.82,3714601
2025-09-26 00:00:00+05:30,139.09,140.35,136.75,137.76,3531957
2025-09-29 00:00:00+05:30,138,140.99,137.59,139.72,5753855
2025-09-30 00:00:00+05:30,140,140.24,137.62,139.19,3599755
2025-10-01 00:00:00+05:30,139.8,142,138.32,141.18,9457649
2025-10-03 00:00:00+05:30,141.77,143.89,141.6,143.59,6885047
2025-10-06 00:00:00+05:30,144.31,144.8,141.87,142.55,2830105
2025-10-07 00:00:00+05:30,142.96,143.6,141.09,141.58,2142047
2025-10-08 00:00:00+05:30,141.7,142.08,138.85,139.22,2671977
2025-10-09 00:00:00+05:30,139,140.69,138.86,140.42,2093488
2025-10-10 00:00:00+05:30,140.42,141,139.57,139.87,2161199
2025-10-13 00:00:00+05:30,139,140,136.1,137.03,6393814
2025-10-14 00:00:00+05:30,137.03,138.56,134.02,136.09,7214347
2025-10-15 00:00:00+05:30,136.09,136.8,134.65,135.36,4802387
2025-10-16 00:00:00+05:30,135,136.39,133.5,134.79,6846625
2025-10-17 00:00:00+05:30,134.79,135.03,133.5,134.18,4675489
2025-10-20 00:00:00+05:30,134.18,139.16,133.85,138.29,7367382
2025-10-21 00:00:00+05:30,140,140.46,138.61,139.14,1759872
2025-10-23 00:00:00+05:30,140,145,137.94,144.52,9280059
2025-10-24 00:00:00+05:30,144.97,148.49,144.06,147.05,12465685
2025-10-27 00:00:00+05:30,148,149.39,145.95,147.14,7557240
2025-10-28 00:00:00+05:30,147,149.27,144.87,147.52,8935101
2025-10-29 00:00:00+05:30,147,149.49,146.85,148.66,6025893
2025-10-30 00:00:00+05:30,149,149.32,140,143.55,18304555
2025-10-31 00:00:00+05:30,145.99,145.99,138.8,139.06,14549711
2025-11-03 00:00:00+05:30,140.09,140.5,138,140.01,4720034
2026-02-02 00:00:00+05:30,125,125.59,119,122.62,14961487
2026-02-03 00:00:00+05:30,126.51,128.17,124.26,126.26,7786225
2026-02-04 00:00:00+05:30,126,128.09,124.89,127.69,6394701
2026-02-05 00:00:00+05:30,127.7,127.75,124.45,124.85,5486599
2026-02-06 00:00:00+05:30,124.85,125,119.85,120.94,11969646
2026-02-09 00:00:00+05:30,121.5,126.21,120.43,125.34,11646073
2026-02-10 00:00:00+05:30,125.99,127.65,125.04,126.14,9592050
2026-02-11 00:00:00+05:30,126.93,127.65,125.03,127.16,6289575
2026-02-12 00:00:00+05:30,127.16,127.16,125.6,125.91,4363115
2026-02-13 00:00:00+05:30,125.01,125.29,119.38,123.95,19551693
2026-02-16 00:00:00+05:30,123.5,125.16,122.28,124.97,5033142
2026-02-17 00:00:00+05:30,124.7,126.45,124.26,126.25,4016445
2026-02-18 00:00:00+05:30,126.22,127.08,125,126.13,4736952
2026-02-19 00:00:00+05:30,126.01,126.49,123.36,123.87,2945718
2026-02-20 00:00:00+05:30,123.87,125.89,123.22,125.42,3070434
2026-02-23 00:00:00+05:30,125.75,126.52,124.7,125.72,4319720
2026-02-24 00:00:00+05:30,125.5,126.5,124.5,125.63,6405727
2026-02-25 00:00:00+05:30,125.63,129,125.63,127.72,5525290
2026-02-26 00:00:00+05:30,128.7,130.7,126.81,127.51,5828741
2026-02-27 00:00:00+05:30,127.5,128.2,125.07,125.64,5072021
2026-03-02 00:00:00+05:30,122.14,124.27,120.52,121.52,6617593
2026-03-04 00:00:00+05:30,120.27,120.91,117.84,118.59,5236510
2026-03-05 00:00:00+05:30,120.4,121.95,119.1,121.63,5657344
2026-03-06 00:00:00+05:30,121.01,123.5,121.01,121.76,4351385
2026-03-09 00:00:00+05:30,119.01,120.75,117.5,120.26,7843517
2026-03-10 00:00:00+05:30,121.41,122.13,119.6,121.13,7651092
2026-03-11 00:00:00+05:30,122,126.19,122,122.85,8946792
2026-03-12 00:00:00+05:30,122.5,124.48,119.87,122.76,5791203
2026-03-13 00:00:00+05:30,122.5,124.19,119.98,120.25,5204393
2026-03-16 00:00:00+05:30,120.28,120.89,117.19,118.8,6559285
2026-03-17 00:00:00+05:30,119.35,120.8,118.76,119.88,4736128
2026-03-18 00:00:00+05:30,120.23,124.1,120.02,123.06,4931026
2026-03-19 00:00:00+05:30,120.5,121.79,117.69,118.25,4867877
2026-03-20 00:00:00+05:30,119.7,121.8,119.01,120.53,5086862
2026-03-23 00:00:00+05:30,118.71,119.42,114.72,115.38,7773470
2026-03-24 00:00:00+05:30,117.8,120,115.5,119.62,5996523
2026-03-25 00:00:00+05:30,120.5,124,120.12,121.68,7993787
2026-03-27 00:00:00+05:30,121,122.76,118.31,118.84,11710831
2026-03-30 00:00:00+05:30,117.9,118.56,114.6,114.75,10966801
2026-04-01 00:00:00+05:30,117,121,117,119.95,4171559
2026-04-02 00:00:00+05:30,118.45,119.91,116,119.42,3916113
2026-04-06 00:00:00+05:30,120.6,126.48,118.51,126.16,10112144
2026-04-07 00:00:00+05:30,125.95,127.7,125.15,126.97,7149911
2026-04-08 00:00:00+05:30,129.1,130.65,128.01,129.44,5615281
2026-04-09 00:00:00+05:30,129,130,126.84,129.69,4860944
2026-04-10 00:00:00+05:30,130,131.4,129,129.99,3717367
