date,open,high,low,close,volume,cpr_pp,cpr_bc,cpr_tc,cpr_width,supertrend,supertrend_dir,bb_middle,bb_upper,bb_lower
2024-09-03 00:00:00+05:30,990.0,994.55,802.1,839.9,58922092,,,,,,1,,,
2024-09-04 00:00:00+05:30,816.6,872.65,803.05,841.9,11523876,878.85,898.325,859.375,0.044319280878420714,,1,,,
2024-09-05 00:00:00+05:30,856.1,1010.25,852.2,1004.8,36818046,839.1999999999999,837.8499999999999,840.55,0.0032173498570067273,,1,,,
2024-09-06 00:00:00+05:30,1010.0,1188.9,982.0,1096.05,44767796,955.75,931.225,980.275,0.05132095213183359,,1,,,
2024-09-09 00:00:00+05:30,1120.0,1235.0,1105.0,1208.65,28659020,1088.9833333333333,1085.45,1092.5166666666667,0.006489233076722881,,1,,,
2024-09-10 00:00:00+05:30,1240.0,1267.95,1111.9,1173.7,22676122,1182.8833333333334,1170.0,1195.7666666666669,0.021782931537345365,,1,,,
2024-09-11 00:00:00+05:30,1154.2,1167.95,1082.65,1098.1,8804576,1184.5166666666667,1189.9250000000002,1179.1083333333331,0.009131713357065802,,1,,,
2024-09-12 00:00:00+05:30,1111.0,1157.7,1085.0,1132.5,8259315,1116.2333333333333,1125.3000000000002,1107.1666666666665,0.016245110042703438,,1,,,
2024-09-13 00:00:00+05:30,1142.9,1144.0,1096.45,1112.15,3507316,1125.0666666666666,1121.35,1128.7833333333333,0.006607015880540467,,1,,,
2024-09-16 00:00:00+05:30,1110.0,1124.0,1045.0,1109.85,5561217,1117.5333333333333,1120.225,1114.8416666666667,0.004817156833502248,,1,,,
2024-09-17 00:00:00+05:30,1104.5,1128.7,1082.65,1113.3,3828734,1092.95,1084.5,1101.4,0.015462738460130921,,1,,,
2024-09-18 00:00:00+05:30,1122.9,1148.6,1090.0,1134.85,3803064,1108.216666666667,1105.6750000000002,1110.7583333333337,0.004586949002150738,,1,,,
2024-09-19 00:00:00+05:30,1145.0,1157.35,1075.0,1099.1,3699807,1124.4833333333333,1119.3,1129.6666666666667,0.009219048748314149,,1,,,
2024-09-20 00:00:00+05:30,1140.0,1140.0,1100.2,1109.2,1730908,1110.4833333333333,1116.175,1104.7916666666667,0.01025079169730887,,1,,,
2024-09-23 00:00:00+05:30,1116.0,1120.0,1080.0,1090.9,1625670,1116.4666666666665,1120.1,1112.833333333333,0.006508628411058888,,1,,,
2024-09-24 00:00:00+05:30,1083.9,1087.85,1062.35,1077.1,1541568,1096.9666666666667,1100.0,1093.9333333333334,0.005530402017685077,,1,,,
2024-09-25 00:00:00+05:30,1070.3,1073.0,1024.0,1036.35,2041656,1075.7666666666667,1075.1,1076.4333333333334,0.0012394261456946843,,1,,,
2024-09-26 00:00:00+05:30,1029.0,1086.35,1017.0,1049.35,3779481,1044.45,1048.5,1040.4,0.0077552778974579045,,1,,,
2024-09-27 00:00:00+05:30,1035.1,1077.0,1032.0,1051.65,1876970,1050.8999999999999,1051.675,1050.1249999999998,0.0014749262536874889,,1,,,
2024-09-30 00:00:00+05:30,1045.0,1091.0,1012.05,1082.9,4677852,1053.55,1054.5,1052.6,0.0018034265103697889,,1,,,
2024-10-01 00:00:00+05:30,1080.0,1122.0,1068.15,1109.35,3881983,1061.9833333333333,1051.525,1072.4416666666666,0.019695852100629182,,1,,,
2024-10-03 00:00:00+05:30,1084.0,1093.65,1056.05,1080.45,3090856,1099.8333333333333,1095.075,1104.5916666666665,0.008652826185785506,,1,,,
2024-10-04 00:00:00+05:30,1066.0,1103.9,1030.3,1047.4,2277332,1076.7166666666665,1074.85,1078.583333333333,0.0034673312384871802,,1,,,
2024-10-07 00:00:00+05:30,1045.75,1059.2,977.7,997.2,2917540,1060.5333333333333,1067.1,1053.9666666666667,0.012383706311289802,,1,,,
2024-10-08 00:00:00+05:30,990.0,1022.0,973.0,1014.3,2846197,1011.3666666666668,1018.45,1004.2833333333335,0.014007448666820322,,1,1068.44,1233.1050491148624,903.7749508851376
2024-10-09 00:00:00+05:30,1030.9,1087.8,1021.35,1079.05,4106614,1003.1,997.5,1008.7,0.011165387299371991,475.77804000000003,1,1078.0059999999999,1213.6882444389832,942.3237555610166
2024-10-10 00:00:00+05:30,1085.0,1119.3,1069.0,1105.7,2442587,1062.7333333333333,1054.575,1070.8916666666667,0.015353490998055271,524.4209184000001,1,1088.558,1184.305788193775,992.810211806225
2024-10-11 00:00:00+05:30,1101.3,1119.0,1090.05,1107.4,1518596,1098.0,1094.15,1101.85,0.007012750455373241,549.479081664,1,1092.662,1182.2979672452973,1003.0260327547029
2024-10-14 00:00:00+05:30,1120.0,1216.8,1120.0,1133.6,8088647,1105.4833333333333,1104.525,1106.4416666666666,0.0017337816038232282,604.9239183974402,1,1094.164,1185.2238331647932,1003.1041668352068
2024-10-15 00:00:00+05:30,1143.0,1166.6,1118.3,1148.25,2089567,1156.8,1168.4,1145.1999999999998,0.020055325034578384,604.9239183974402,1,1091.748,1173.230913448158,1010.2650865518422
2024-10-16 00:00:00+05:30,1135.0,1150.95,1125.7,1135.35,1369581,1144.3833333333332,1142.4499999999998,1146.3166666666666,0.0033788211991903545,604.9239183974402,1,1090.214,1166.7623717397043,1013.6656282602955
2024-10-17 00:00:00+05:30,1144.7,1144.7,1078.8,1084.1,1842194,1137.3333333333333,1138.325,1136.3416666666665,0.001743845252051796,604.9239183974402,1,1089.654,1166.1682440072434,1013.1397559927566
2024-10-18 00:00:00+05:30,1076.0,1111.95,1055.1,1094.65,1676203,1102.5333333333333,1111.75,1093.3166666666666,0.016719071229894845,604.9239183974402,1,1088.14,1162.67542513463,1013.6045748653703
2024-10-21 00:00:00+05:30,1100.0,1106.0,1035.1,1042.3,1225626,1087.2333333333333,1083.525,1090.9416666666666,0.006821596100193011,604.9239183974402,1,1085.346,1161.295166789373,1009.3968332106269
2024-10-22 00:00:00+05:30,1048.9,1050.45,991.0,997.65,1319705,1061.1333333333332,1070.55,1051.7166666666665,0.01774831940692356,604.9239183974402,1,1080.858,1163.454187224351,998.261812775649
2024-10-23 00:00:00+05:30,1000.0,1034.8,991.75,998.85,1831265,1013.0333333333333,1020.725,1005.3416666666666,0.015185416735217769,604.9239183974402,1,1076.28,1163.7211253358514,988.8388746641486
2024-10-24 00:00:00+05:30,1014.95,1018.5,975.05,978.35,941634,1008.4666666666667,1013.275,1003.6583333333334,0.009535929133337635,604.9239183974402,1,1070.02,1162.0785378984485,977.9614621015514
2024-10-25 00:00:00+05:30,985.0,992.45,925.1,945.05,2223957,990.6333333333333,996.775,984.4916666666667,0.012399475083280025,604.9239183974402,1,1063.858,1167.2329976735193,960.4830023264806
2024-10-28 00:00:00+05:30,952.85,982.0,922.85,960.25,2051338,954.2000000000002,958.7750000000001,949.6250000000002,0.009589184657304404,604.9239183974402,1,1057.9,1167.1382460496332,948.661753950367
2024-10-29 00:00:00+05:30,964.85,968.0,945.9,952.75,800779,955.0333333333333,952.425,957.6416666666667,0.005462287529231123,604.9239183974402,1,1052.374,1168.156776335689,936.591223664311
2024-10-30 00:00:00+05:30,950.0,1019.7,948.15,1001.65,2344186,955.5500000000001,956.95,954.1500000000001,0.0029302495944743385,604.9239183974402,1,1049.356,1166.3306376613332,932.3813623386668
2024-10-31 00:00:00+05:30,1000.4,1034.4,998.05,1021.2,1803848,989.8333333333334,983.925,995.7416666666668,0.011938036706516417,604.9239183974402,1,1048.75,1166.144095251849,931.355904748151
2024-11-01 00:00:00+05:30,1033.8,1090.0,1032.55,1075.95,1301411,1017.8833333333333,1016.225,1019.5416666666666,0.0032583956904032284,604.9239183974402,1,1049.8139999999999,1167.6917418175296,931.9362581824702
2024-11-04 00:00:00+05:30,1103.35,1119.65,1045.0,1075.65,3707097,1066.1666666666667,1061.275,1071.0583333333334,0.009176176332655904,604.9239183974402,1,1050.774,1169.086028534719,932.4619714652807
2024-11-05 00:00:00+05:30,1073.65,1185.0,1061.35,1168.15,7614525,1080.1000000000001,1082.325,1077.8750000000002,0.004119988889917431,626.5063837417867,1,1054.1840000000002,1180.6372758610873,927.7307241389132
2024-11-06 00:00:00+05:30,1200.0,1245.0,1170.0,1189.1,7807522,1138.1666666666667,1123.175,1153.1583333333335,0.026343534924586534,709.1801283921153,1,1057.374,1192.9290548522636,921.8189451477365
2024-11-07 00:00:00+05:30,1165.0,1176.95,1085.0,1093.1,3856973,1201.3666666666666,1207.5,1195.2333333333331,0.010210593490746827,709.1801283921153,1,1057.88,1193.869573129708,921.8904268702922
2024-11-08 00:00:00+05:30,1101.65,1143.0,1083.05,1127.95,3522594,1118.35,1130.975,1105.725,0.0225779049492556,709.1801283921153,1,1061.1019999999999,1199.7368974248552,922.4671025751445
2024-11-11 00:00:00+05:30,1100.0,1100.0,1001.0,1040.6,7238299,1118.0,1113.025,1122.975,0.008899821109123272,709.1801283921153,1,1062.838,1199.2985387062508,926.3774612937492
2024-11-12 00:00:00+05:30,1045.8,1086.3,1024.7,1028.65,3596126,1047.2,1050.5,1043.9,0.006302521008403274,709.1801283921153,1,1063.412,1199.1699530782641,927.6540469217359
2024-11-13 00:00:00+05:30,1029.0,1049.95,975.05,982.7,2890543,1046.55,1055.5,1037.6,0.0171038173044767,709.1801283921153,1,1059.558,1198.7484786398845,920.3675213601155
2024-11-14 00:00:00+05:30,990.0,1009.2,957.1,968.95,2200387,1002.5666666666666,1012.5,992.6333333333332,0.019815806097682735,709.1801283921153,1,1054.088,1196.3104378359483,911.8655621640517
2024-11-18 00:00:00+05:30,985.0,1097.9,969.45,1085.1,6860406,978.4166666666666,983.1500000000001,973.6833333333332,0.009675496124691516,709.1801283921153,1,1053.196,1194.345463817615,912.046536182385
2024-11-19 00:00:00+05:30,1064.05,1137.9,1050.0,1093.8,5523677,1050.8166666666668,1033.6750000000002,1067.9583333333335,0.032625418325429395,709.1801283921153,1,1051.604,1189.9602587525414,913.2477412474586
2024-11-21 00:00:00+05:30,1081.0,1123.0,1067.65,1085.45,3480938,1093.8999999999999,1093.95,1093.8499999999997,9.141603437276151e-05,709.1801283921153,1,1049.0919999999999,1182.531237647703,915.6527623522968
2024-11-22 00:00:00+05:30,1093.0,1109.9,1050.0,1061.4,2134800,1092.0333333333335,1095.325,1088.741666666667,0.00602850950825649,709.1801283921153,1,1046.134,1174.9936064560193,917.2743935439806
2024-11-25 00:00:00+05:30,1087.0,1104.85,1052.2,1095.9,2663046,1073.7666666666667,1079.95,1067.5833333333333,0.011517089373855389,709.1801283921153,1,1046.606,1176.1032781798915,917.1087218201085
2024-11-26 00:00:00+05:30,1129.0,1137.0,1097.0,1100.85,2939791,1084.3166666666668,1078.525,1090.1083333333336,0.010682611168324275,709.1801283921153,1,1046.854,1176.7415234039058,916.9664765960941
2024-11-27 00:00:00+05:30,1111.0,1149.0,1093.1,1111.0,2506692,1111.6166666666666,1117.0,1106.2333333333331,0.009685593055160095,709.1801283921153,1,1049.602,1181.8729264502226,917.3310735497776
2024-11-28 00:00:00+05:30,1102.05,1168.8,1102.05,1137.45,5990868,1117.7,1121.05,1114.3500000000001,0.005994452894336421,709.1801283921153,1,1055.1940000000002,1190.0028938312314,920.385106168769
2024-11-29 00:00:00+05:30,1142.75,1242.0,1125.0,1222.95,6446974,1136.1000000000001,1135.425,1136.7750000000003,0.0011882756799580702,709.1801283921153,1,1064.158,1211.9646755731962,916.3513244268036
2024-12-02 00:00:00+05:30,1235.0,1278.0,1182.1,1243.7,7664138,1196.6499999999999,1183.5,1209.7999999999997,0.021978021978021754,712.1810681249841,1,1074.772,1234.0696963549694,915.4743036450304
2024-12-03 00:00:00+05:30,1246.0,1251.7,1195.0,1214.8,4478213,1234.6000000000001,1230.05,1239.1500000000003,0.00737080835898296,712.1810681249841,1,1085.562,1244.7941155546205,926.3298844453793
2024-12-04 00:00:00+05:30,1214.0,1296.0,1202.05,1284.6,6995299,1220.5,1223.35,1217.65,0.004670217124129306,730.2100323839854,1,1098.536,1267.3780931403066,929.6939068596935
2024-12-05 00:00:00+05:30,1302.0,1329.0,1259.0,1273.4,6023408,1260.8833333333334,1249.025,1272.7416666666668,0.01880956472314385,776.3376310886259,1,1111.362,1282.6554471134257,940.0685528865745
2024-12-06 00:00:00+05:30,1272.95,1304.1,1256.05,1263.75,3061584,1287.1333333333334,1294.0,1280.2666666666669,0.01066970528823726,776.3376310886259,1,1121.846,1297.0357506591065,946.6562493408936
2024-12-09 00:00:00+05:30,1267.6,1325.0,1265.05,1291.6,3827579,1274.6333333333332,1280.0749999999998,1269.1916666666666,0.008538403200920431,787.8815208112778,1,1132.662,1314.9074219562176,950.4165780437824
2024-12-10 00:00:00+05:30,1300.0,1334.85,1251.4,1281.3,4235642,1293.8833333333334,1295.025,1292.7416666666668,0.001764713459482413,787.8815208112778,1,1140.876,1330.5173333005223,951.2346666994777
2024-12-11 00:00:00+05:30,1290.0,1344.5,1290.0,1329.15,5097261,1289.1833333333334,1293.125,1285.2416666666668,0.0061149823531692245,809.7392095796735,1,1151.016,1352.3698769827881,949.662123017212
2024-12-12 00:00:00+05:30,1336.1,1348.9,1295.0,1307.35,3193266,1321.2166666666667,1317.25,1325.1833333333334,0.006004566498051085,819.6476411964866,1,1156.5839999999998,1367.0189129208356,946.149087079164
2024-12-13 00:00:00+05:30,1307.0,1316.75,1264.0,1294.85,3163298,1317.0833333333333,1321.95,1312.2166666666665,0.007390066434672757,819.6476411964866,1,1160.8139999999999,1377.841446227429,943.7865537725705
2024-12-16 00:00:00+05:30,1299.75,1381.0,1295.75,1373.5,5096000,1291.8666666666666,1290.375,1293.3583333333331,0.002309319847249294,837.1519461266819,1,1172.03,1402.4681513551948,941.5918486448052
2024-12-17 00:00:00+05:30,1373.0,1388.0,1320.0,1323.95,2517300,1350.0833333333333,1338.375,1361.7916666666665,0.017344608357508683,853.7858682816146,1,1179.87,1417.01498012819,942.7250198718098
2024-12-18 00:00:00+05:30,1327.6,1333.3,1278.0,1290.5,2050792,1343.9833333333333,1354.0,1333.9666666666667,0.014905938813725346,853.7858682816146,1,1189.866,1423.731174354797,956.0008256452029
2024-12-19 00:00:00+05:30,1259.0,1317.35,1252.1,1295.4,2151769,1300.6000000000001,1305.65,1295.5500000000002,0.007765646624634713,853.7858682816146,1,1200.536,1428.2661394545737,972.8058605454263
2024-12-20 00:00:00+05:30,1320.9,1355.05,1289.0,1296.4,3591672,1288.2833333333333,1284.725,1291.8416666666667,0.005524147120845664,853.7858682816146,1,1213.0839999999998,1425.4732383714381,1000.6947616285617
2024-12-23 00:00:00+05:30,1312.4,1339.0,1284.8,1321.65,1909099,1313.4833333333333,1322.025,1304.9416666666666,0.0130061287416413,853.7858682816146,1,1227.192,1418.666991954562,1035.717008045438
2024-12-24 00:00:00+05:30,1322.45,1338.5,1307.7,1320.2,1395348,1315.15,1311.9,1318.4,0.004942402007375584,853.7858682816146,1,1236.596,1422.2370190017268,1050.9549809982732
2024-12-26 00:00:00+05:30,1328.8,1335.0,1274.8,1285.95,1910072,1322.1333333333332,1323.1,1321.1666666666665,0.001462283178701135,853.7858682816146,1,1244.2820000000002,1421.3512200920295,1067.2127799079708
2024-12-27 00:00:00+05:30,1285.0,1324.8,1281.75,1310.35,1703857,1298.5833333333333,1304.9,1292.2666666666664,0.009728550343323109,853.7858682816146,1,1253.278,1419.6864639193557,1086.8695360806444
2024-12-30 00:00:00+05:30,1310.5,1364.8,1297.5,1334.6,2341595,1305.6333333333334,1303.275,1307.9916666666668,0.0036125507416579668,862.8148616211632,1,1264.206,1413.810372449469,1114.6016275505308
2024-12-31 00:00:00+05:30,1330.0,1360.05,1300.0,1353.1,1810356,1332.3,1331.15,1333.4499999999998,0.0017263379118815036,863.6092671563167,1,1274.4940000000001,1411.2058643571195,1137.7821356428808
2025-01-01 00:00:00+05:30,1357.0,1384.0,1325.0,1332.6,1609505,1337.7166666666667,1330.025,1345.4083333333333,0.011499694753497785,890.220896470064,1,1283.764,1402.3483717190395,1165.1796282809603
2025-01-02 00:00:00+05:30,1331.65,1341.6,1309.7,1327.8,1264813,1347.2,1354.5,1339.9,0.010837292161520122,890.220896470064,1,1292.436,1388.8523991030538,1196.019600896946
2025-01-03 00:00:00+05:30,1336.0,1379.0,1317.3,1324.7,2433129,1326.3666666666668,1325.65,1327.0833333333335,0.0010806463773215505,894.4196581868111,1,1299.926,1373.3764628712395,1226.4755371287604
2025-01-06 00:00:00+05:30,1334.0,1339.0,1263.55,1274.75,1770229,1340.3333333333333,1348.15,1332.5166666666664,0.011663765232529471,894.4196581868111,1,1301.998,1369.3119063195663,1234.6840936804338
2025-01-07 00:00:00+05:30,1280.0,1311.0,1271.25,1305.15,1112019,1292.4333333333334,1301.275,1283.5916666666667,0.013682201531993959,894.4196581868111,1,1304.4560000000001,1367.4226535239038,1241.4893464760964
2025-01-08 00:00:00+05:30,1295.0,1304.9,1220.25,1255.65,1908335,1295.8,1291.125,1300.475,0.007215619694397214,894.4196581868111,1,1306.09,1361.308946023981,1250.8710539760189
2025-01-09 00:00:00+05:30,1252.0,1252.0,1201.15,1212.0,1242117,1260.2666666666667,1262.575,1257.9583333333333,0.0036632458738892204,894.4196581868111,1,1303.186,1369.2009711504847,1237.171028849515
2025-01-10 00:00:00+05:30,1200.0,1209.8,1116.0,1127.1,2187068,1221.7166666666667,1226.575,1216.8583333333333,0.007953289769859375,894.4196581868111,1,1297.334,1392.4131490075472,1202.254850992453
2025-01-13 00:00:00+05:30,1115.0,1170.95,1090.55,1095.9,2321556,1150.9666666666667,1162.9,1139.0333333333333,0.02073619276550157,894.4196581868111,1,1290.62,1413.792142954482,1167.4478570455178
2025-01-14 00:00:00+05:30,1122.0,1137.3,1086.1,1116.0,1977483,1119.1333333333334,1130.75,1107.5166666666669,0.02076011199142174,894.4196581868111,1,1283.596,1424.4953255342245,1142.6966744657755
2025-01-15 00:00:00+05:30,1166.1,1179.0,1126.65,1147.0,2772232,1113.1333333333332,1111.6999999999998,1114.5666666666666,0.00257531293046666,894.4196581868111,1,1278.224,1428.9611808678915,1127.4868191321084
2025-01-16 00:00:00+05:30,1160.0,1183.5,1156.85,1170.45,1200386,1150.8833333333334,1152.825,1148.9416666666668,0.0033742198021808278,894.4196581868111,1,1271.876,1426.8082229105341,1116.9437770894658
2025-01-17 00:00:00+05:30,1169.1,1169.1,1134.25,1140.9,655244,1170.2666666666667,1170.175,1170.3583333333333,0.00015665945083746777,894.4196581868111,1,1265.218,1427.6066914289277,1102.8293085710725
2025-01-20 00:00:00+05:30,1148.0,1199.0,1145.05,1193.95,1358542,1148.0833333333333,1151.675,1144.4916666666666,0.006256804819626967,894.4196581868111,1,1261.182,1425.4290745675535,1096.9349254324466
2025-01-21 00:00:00+05:30,1192.75,1212.0,1170.0,1176.05,1158878,1179.3333333333333,1172.025,1186.6416666666664,0.012394007914075467,894.4196581868111,1,1253.284,1414.1215819763513,1092.446418023649
2025-01-22 00:00:00+05:30,1180.0,1180.0,1023.1,1038.8,3153329,1186.0166666666667,1191.0,1181.0333333333333,0.00840347943395964,894.4196581868111,1,1241.878,1420.5114035503982,1063.2445964496017
2025-01-23 00:00:00+05:30,1030.0,1056.35,1011.0,1036.45,3033184,1080.6333333333332,1101.55,1059.7166666666665,0.03871186649804142,894.4196581868111,1,1231.7160000000001,1426.3199007214387,1037.1120992785616
2025-01-24 00:00:00+05:30,1042.0,1062.2,971.15,999.35,2155689,1034.6000000000001,1033.675,1035.5250000000003,0.001788130678523452,894.4196581868111,1,1219.874,1432.7116735824734,1007.0363264175267
2025-01-27 00:00:00+05:30,971.1,991.3,925.8,932.4,2520932,1010.9,1016.675,1005.125,0.011425462459194732,894.4196581868111,1,1205.314,1443.5103736415808,967.1176263584193
2025-01-28 00:00:00+05:30,932.9,941.9,818.0,880.1,5966126,949.8333333333334,958.55,941.1166666666668,0.018354097210036672,1362.4568768766762,-1,1187.652,1452.6926391178522,922.6113608821479
2025-01-29 00:00:00+05:30,890.25,945.75,880.35,939.2,4790205,880.0,879.95,880.05,0.00011363636363626028,1362.4568768766762,-1,1172.412,1448.7867778361833,896.0372221638169
2025-01-30 00:00:00+05:30,944.0,966.9,918.0,949.5,2235479,921.7666666666668,913.05,930.4833333333336,0.018912957002857143,1362.4568768766762,-1,1158.954,1444.5172468228354,873.3907531771645
2025-01-31 00:00:00+05:30,997.95,1049.0,976.55,1032.05,5257280,944.8000000000001,942.45,947.1500000000001,0.0049745977984759155,1362.4568768766762,-1,1147.822,1430.5941741331696,865.0498258668301
2025-02-01 00:00:00+05:30,1040.0,1118.1,1039.0,1092.95,3756879,1019.1999999999999,1012.775,1025.625,0.012607927786499239,1362.4568768766762,-1,1138.156,1411.077898454484,865.2341015455158
2025-02-03 00:00:00+05:30,1079.85,1081.15,1017.5,1070.4,2453915,1083.3500000000001,1078.55,1088.1500000000003,0.008861402132275223,1362.4568768766762,-1,1126.848,1386.303721817808,867.3922781821918
2025-02-04 00:00:00+05:30,1145.0,1170.0,997.15,1019.25,9921270,1056.3500000000001,1049.325,1063.3750000000002,0.013300515927486326,1362.4568768766762,-1,1114.314,1362.8453220018755,865.7826779981247
2025-02-05 00:00:00+05:30,1034.9,1048.35,1014.3,1021.0,1896868,1062.1333333333334,1083.575,1040.6916666666668,0.040374717549585624,1362.4568768766762,-1,1102.0420000000001,1337.1300833730202,866.9539166269802
2025-02-06 00:00:00+05:30,1028.0,1042.7,1015.2,1021.95,1089124,1027.8833333333332,1031.3249999999998,1024.4416666666666,0.0066966095373987445,1362.4568768766762,-1,1089.932,1308.5044170704073,871.3595829295928
2025-02-07 00:00:00+05:30,1022.8,1042.4,1012.1,1036.45,1137893,1026.6166666666668,1028.95,1024.2833333333335,0.004545675925775458,1362.4568768766762,-1,1080.4,1286.3196114992454,874.4803885007549
2025-02-10 00:00:00+05:30,1028.55,1034.5,978.1,984.05,1145912,1030.3166666666666,1027.25,1033.3833333333332,0.005952862388585916,1362.4568768766762,-1,1067.556,1255.0295572180785,880.0824427819215
2025-02-11 00:00:00+05:30,983.6,987.2,915.0,934.65,1888494,998.8833333333332,1006.3,991.4666666666665,0.014849915739242308,1362.4568768766762,-1,1054.7160000000001,1232.6272603968628,876.8047396031376
2025-02-12 00:00:00+05:30,929.4,983.6,894.5,970.6,3248435,945.6166666666667,951.1,940.1333333333333,0.01159737032271713,1362.4568768766762,-1,1045.06,1213.741422806426,876.3785771935738
2025-02-13 00:00:00+05:30,976.15,1020.45,964.1,1000.25,1977917,949.5666666666666,939.05,960.0833333333333,0.02215045459332324,1362.4568768766762,-1,1039.986,1206.1028878109637,873.8691121890364
2025-02-14 00:00:00+05:30,1014.9,1017.95,954.1,961.8,2295939,994.9333333333334,992.2750000000001,997.5916666666667,0.005343741624229368,1362.4568768766762,-1,1034.622,1201.8272584819042,867.416741518096
2025-02-17 00:00:00+05:30,961.0,978.0,927.55,969.05,1458839,977.9500000000002,986.0250000000001,969.8750000000002,0.016514136714555816,1362.4568768766762,-1,1028.7440000000001,1194.4176679620525,863.0703320379478
2025-02-18 00:00:00+05:30,976.7,987.0,947.5,979.65,1379669,958.1999999999999,952.775,963.6249999999999,0.011323314548110948,1362.4568768766762,-1,1022.05,1181.4759828258882,862.6240171741117
2025-02-19 00:00:00+05:30,970.0,1012.0,959.4,999.9,1553437,971.3833333333333,967.25,975.5166666666667,0.008510200229912652,1362.4568768766762,-1,1015.2280000000001,1162.8266966880144,867.6293033119858
2025-02-20 00:00:00+05:30,990.0,1018.35,980.0,986.15,870348,990.4333333333334,985.7,995.1666666666667,0.009558105879581358,1362.4568768766762,-1,1009.038,1147.7479254703876,870.3280745296125
2025-02-21 00:00:00+05:30,982.7,998.0,959.0,970.85,858321,994.8333333333334,999.175,990.4916666666668,0.008728430222817725,1362.4568768766762,-1,1000.1139999999999,1117.0944787817202,883.1335212182796
2025-02-24 00:00:00+05:30,954.0,964.4,936.2,940.4,753520,975.9499999999999,978.5,973.3999999999999,0.005225677544956337,1362.4568768766762,-1,990.688,1085.276584004628,896.099415995372
2025-02-25 00:00:00+05:30,945.0,963.45,942.55,945.15,516657,947.0,950.3,943.7,0.006969376979936546,1362.4568768766762,-1,986.942,1081.0286693214325,892.8553306785675
2025-02-27 00:00:00+05:30,952.9,953.55,907.35,924.3,744649,950.3833333333333,953.0,947.7666666666667,0.005506549988601107,1356.9398161142253,-1,982.4559999999999,1077.3637502420145,887.5482497579853
2025-02-28 00:00:00+05:30,875.0,906.0,840.15,873.3,3020606,928.4,930.45,926.3499999999999,0.004416199913830392,1306.0672234696563,-1,977.4140000000001,1081.1759102368526,873.6520897631475
2025-03-03 00:00:00+05:30,878.0,884.6,827.1,855.7,2212033,873.15,873.075,873.2249999999999,0.00017179178835236052,1287.6225345308699,-1,974.3459999999999,1087.372410789694,861.3195892103058
2025-03-04 00:00:00+05:30,844.95,882.0,838.0,857.5,831012,855.8000000000001,855.85,855.7500000000001,0.00011684973124551185,1286.821633149635,-1,973.442,1089.782059068236,857.1019409317638
2025-03-05 00:00:00+05:30,861.3,946.0,859.35,901.35,2479725,859.1666666666666,860.0,858.3333333333333,0.001939864209505423,1286.821633149635,-1,971.928,1090.9649659559614,852.8910340440386
2025-03-06 00:00:00+05:30,910.5,926.85,905.55,923.2,1154720,902.2333333333332,902.675,901.7916666666665,0.0009790519821185645,1286.821633149635,-1,970.8760000000001,1091.1456840271926,850.6063159728077
2025-03-07 00:00:00+05:30,921.0,959.6,919.0,940.45,1080186,918.5333333333334,916.2,920.8666666666668,0.005080563216722393,1286.821633149635,-1,967.212,1085.3663677736913,849.0576322263086
2025-03-10 00:00:00+05:30,940.0,948.75,890.0,897.15,624450,939.6833333333334,939.3,940.0666666666668,0.000815877689292718,1286.821633149635,-1,959.38,1068.7914984816532,849.9685015183469
2025-03-11 00:00:00+05:30,883.4,915.9,878.8,911.55,1048513,911.9666666666667,919.375,904.5583333333334,0.016246938850104104,1286.821633149635,-1,953.026,1054.037611688958,852.014388311042
2025-03-12 00:00:00+05:30,916.0,919.95,890.45,895.25,413414,902.0833333333334,897.3499999999999,906.8166666666668,0.010494226327944858,1286.821633149635,-1,948.0659999999999,1047.7521624098392,848.3798375901606
2025-03-13 00:00:00+05:30,900.0,907.0,881.9,888.15,509422,901.8833333333333,905.2,898.5666666666666,0.007354979394969903,1286.821633149635,-1,942.752,1040.4641588340003,845.0398411659996
2025-03-17 00:00:00+05:30,890.6,919.0,883.3,887.95,1373666,892.35,894.45,890.25,0.0047066733904858465,1286.821633149635,-1,937.3919999999999,1031.7831931485186,843.0008068514813
2025-03-18 00:00:00+05:30,900.0,903.9,885.1,894.2,803886,896.75,901.15,892.35,0.009813214385280128,1273.109227524423,-1,931.702,1018.354655954685,845.049344045315
2025-03-19 00:00:00+05:30,896.95,937.5,896.0,930.7,1049924,894.4,894.5,894.3,0.0002236135957066698,1273.109227524423,-1,929.568,1013.5452439652613,845.5907560347387
2025-03-20 00:00:00+05:30,936.0,953.9,928.3,947.95,902891,921.4,916.75,926.05,0.010093336227479873,1273.109227524423,-1,930.1,1014.3672937740439,845.8327062259561
2025-03-21 00:00:00+05:30,952.0,952.0,900.9,915.7,7125588,943.3833333333332,941.0999999999999,945.6666666666665,0.0048407328233485225,1273.109227524423,-1,927.9040000000001,1010.6833738560581,845.1246261439421
2025-03-24 00:00:00+05:30,928.7,934.95,912.1,921.25,1261491,922.8666666666668,926.45,919.2833333333335,0.0077656577331501634,1273.109227524423,-1,924.7439999999999,1002.0882658249533,847.3997341750465
2025-03-25 00:00:00+05:30,927.1,941.8,905.4,910.05,2023075,922.7666666666668,923.5250000000001,922.0083333333334,0.0016436079904634448,1273.109227524423,-1,922.674,998.699249068984,846.6487509310159
2025-03-26 00:00:00+05:30,915.0,918.65,891.0,898.2,886027,919.0833333333334,923.5999999999999,914.5666666666668,0.009828633602320872,1253.2395363113096,-1,919.84,993.998149922993,845.6818500770071
2025-03-27 00:00:00+05:30,896.05,961.3,883.3,948.6,2075003,902.6166666666668,904.825,900.4083333333335,0.004893180936905495,1253.2395363113096,-1,918.5980000000001,989.6841813857033,847.5118186142969
2025-03-28 00:00:00+05:30,948.95,952.4,930.25,937.95,1075416,931.0666666666666,922.3,939.8333333333333,0.01883144780180435,1253.2395363113096,-1,916.12,979.6101630175976,852.6298369824024
2025-04-01 00:00:00+05:30,924.0,935.65,908.0,910.0,579415,940.2000000000002,941.325,939.0750000000003,0.0023931078493935037,1253.2395363113096,-1,913.074,969.776812064316,856.3711879356839
2025-04-02 00:00:00+05:30,895.0,896.35,883.35,889.8,738005,917.8833333333333,921.825,913.9416666666666,0.008588600584678634,1226.325645310006,-1,909.832,962.0406650279546,857.6233349720454
2025-04-03 00:00:00+05:30,880.0,905.85,877.35,894.4,513686,889.8333333333334,889.85,889.8166666666667,3.746019853901818e-05,1222.5966194976058,-1,907.992,958.9900523549791,856.9939476450209
2025-04-04 00:00:00+05:30,890.0,896.0,840.0,879.25,1554324,892.5333333333333,891.6,893.4666666666666,0.002091425156856768,1201.4367547177014,-1,905.3560000000001,955.1984423157736,855.5135576842266
2025-04-07 00:00:00+05:30,776.0,864.0,774.05,843.15,1040472,871.75,868.0,875.5,0.008603383997705764,1168.5802845289934,-1,902.11,956.9172695908238,847.3027304091762
2025-04-08 00:00:00+05:30,873.15,879.75,842.55,847.55,705939,827.0666666666666,819.025,835.1083333333332,0.019446235692406808,1168.5802845289934,-1,901.08,958.8993531613875,843.2606468386126
2025-04-09 00:00:00+05:30,849.0,864.0,827.6,854.15,941301,856.6166666666667,861.15,852.0833333333334,0.010584275346810054,1168.5802845289934,-1,901.018,959.0348518966796,843.0011481033205
2025-04-11 00:00:00+05:30,875.0,895.0,867.6,892.95,813505,848.5833333333334,845.8,851.3666666666668,0.006559952862614357,1168.5802845289934,-1,902.436,957.8012997463325,847.0707002536676
2025-04-15 00:00:00+05:30,905.0,932.0,901.15,929.15,1326160,885.1833333333334,881.3,889.0666666666668,0.00877407693321558,1168.5802845289934,-1,903.548,959.8894907861091,847.2065092138909
2025-04-16 00:00:00+05:30,929.0,945.1,913.55,940.75,1105970,920.7666666666668,916.575,924.9583333333335,0.00910473156427626,1168.5802845289934,-1,904.25,961.9738113779853,846.5261886220147
2025-04-17 00:00:00+05:30,940.0,974.85,936.8,967.25,1554139,933.1333333333333,929.325,936.9416666666666,0.00816246338501096,1168.5802845289934,-1,905.3220000000001,966.582193143682,844.0618068563182
2025-04-21 00:00:00+05:30,974.0,1014.5,963.85,1009.4,1509969,959.6333333333333,955.825,963.4416666666666,0.007937059293480039,1168.5802845289934,-1,909.812,983.2602309113104,836.3637690886897
2025-04-22 00:00:00+05:30,1036.85,1090.0,1015.0,1026.9,6168704,995.9166666666666,989.175,1002.6583333333333,0.013538616015396217,1168.5802845289934,-1,914.426,1001.0431997700292,827.8088002299709
2025-04-23 00:00:00+05:30,1060.0,1097.7,1026.9,1068.7,6480548,1043.9666666666667,1052.5,1035.4333333333334,0.01634790382834695,1168.5802845289934,-1,921.364,1026.526900378418,816.201099621582
2025-04-24 00:00:00+05:30,1067.0,1067.0,1034.05,1037.25,1289073,1064.4333333333334,1062.3000000000002,1066.5666666666666,0.004008392571947287,1168.5802845289934,-1,927.328,1040.858531858179,813.7974681418209
2025-04-25 00:00:00+05:30,1035.0,1057.4,982.0,989.35,2037791,1046.1000000000001,1050.525,1041.6750000000002,0.00845999426441058,1168.5802845289934,-1,931.3839999999999,1046.2350051153273,816.5329948846723
2025-04-28 00:00:00+05:30,989.65,1017.0,969.7,1008.85,1124722,1009.5833333333334,1019.7,999.4666666666667,0.02004127115146514,1168.5802845289934,-1,935.97,1053.6371610943384,818.3028389056617
2025-04-29 00:00:00+05:30,1015.2,1024.0,998.65,1002.05,709485,998.5166666666668,993.35,1003.6833333333335,0.010348683881090434,1168.5802845289934,-1,938.8240000000001,1059.2697823919166,818.3782176080834
2025-04-30 00:00:00+05:30,1005.9,1009.35,970.8,982.0,739967,1008.2333333333332,1011.325,1005.1416666666664,0.006132839620458514,1168.5802845289934,-1,940.186,1061.778383050917,818.5936169490831
2025-05-02 00:00:00+05:30,977.7,1007.0,967.0,999.3,744710,987.3833333333333,990.075,984.6916666666666,0.005452120925679091,1168.5802845289934,-1,943.53,1066.8311046179265,820.2288953820733
2025-05-05 00:00:00+05:30,999.7,1019.0,985.05,990.0,892806,991.1,987.0,995.2,0.008273635354656488,1168.5802845289934,-1,946.28,1070.5337822361994,822.0262177638006
2025-05-06 00:00:00+05:30,991.0,997.05,940.0,950.75,830976,998.0166666666668,1002.025,994.0083333333336,0.008032597986005334,1168.5802845289934,-1,947.908,1071.2837664373392,824.5322335626608
2025-05-07 00:00:00+05:30,925.0,968.95,924.1,954.7,899946,962.6,968.525,956.6750000000001,0.012310409308123736,1168.5802845289934,-1,950.168,1071.8774437749216,828.4585562250783
2025-05-08 00:00:00+05:30,958.1,984.0,940.0,944.7,1060110,949.25,946.5250000000001,951.9749999999999,0.00574137476955472,1168.5802845289934,-1,950.0120000000002,1071.7390792551964,828.2849207448039
2025-05-09 00:00:00+05:30,922.0,954.0,917.05,945.65,765949,956.2333333333332,962.0,950.4666666666665,0.012061212395858958,1168.5802845289934,-1,950.32,1071.9623774841682,828.677622515832
2025-05-12 00:00:00+05:30,990.0,998.5,979.0,990.55,623227,938.9,935.525,942.275,0.007189264032378315,1168.5802845289934,-1,953.5419999999999,1075.0087977020914,832.0752022979085
2025-05-13 00:00:00+05:30,990.0,1025.0,985.3,1019.55,878350,989.35,988.75,989.95,0.0012129175721433724,1168.5802845289934,-1,958.732,1079.9486684247706,837.5153315752294
2025-05-14 00:00:00+05:30,1027.4,1036.0,1009.15,1019.9,1098889,1009.9499999999999,1005.15,1014.7499999999999,0.009505421060448448,1168.5802845289934,-1,963.752,1084.2889071446614,843.2150928553385
2025-05-15 00:00:00+05:30,1025.0,1040.0,1007.0,1035.7,1141349,1021.6833333333334,1022.575,1020.7916666666667,0.0017454853917554065,1168.5802845289934,-1,970.01,1088.5774660267339,851.4425339732661
2025-05-16 00:00:00+05:30,1047.0,1135.0,1040.55,1125.95,4261946,1027.5666666666666,1023.5,1031.6333333333332,0.007915139325915477,1168.5802845289934,-1,981.322,1103.2326659156638,859.4113340843361
2025-08-18 00:00:00+05:30,1002.2,1028.9,992.4,998.6,744295,1100.5,1087.775,1113.225,0.02312585188550642,1168.5802845289934,-1,987.3639999999999,1096.454606451704,878.2733935482959
2025-08-19 00:00:00+05:30,1003.0,1032.0,1002.8,1026.6,832833,1006.6333333333333,1010.6500000000001,1002.6166666666666,0.00798039670187774,1168.5802845289934,-1,994.2620000000002,1089.7470240823163,898.7769759176839
2025-08-20 00:00:00+05:30,1025.2,1045.0,1025.2,1037.5,541295,1020.4666666666666,1017.4,1023.5333333333332,0.006010322074867589,1168.5802845289934,-1,1000.044,1087.4541152956594,912.6338847043406
2025-08-21 00:00:00+05:30,1036.9,1055.0,1015.8,1022.7,1071305,1035.8999999999999,1035.1,1036.6999999999998,0.0015445506323003276,1168.5802845289934,-1,1003.786,1086.6261570254453,920.9458429745546
2025-08-22 00:00:00+05:30,1036.1,1045.0,1006.0,1008.6,588091,1031.1666666666667,1035.4,1026.9333333333334,0.008210764506222754,1168.5802845289934,-1,1006.5,1085.2462405451868,927.7537594548132
2025-08-25 00:00:00+05:30,1011.0,1019.0,989.0,1003.9,713970,1019.8666666666667,1025.5,1014.2333333333333,0.011047195711857744,1168.5802845289934,-1,1007.9659999999999,1085.0825700482094,930.8494299517904
2025-08-26 00:00:00+05:30,1004.0,1019.0,981.3,1011.2,1429245,1003.9666666666667,1004.0,1003.9333333333334,6.6403267040678e-05,1168.5802845289934,-1,1008.038,1085.1631516951534,930.9128483048468
2025-08-28 00:00:00+05:30,1002.0,1030.0,996.4,1002.6,767641,1003.8333333333334,1000.15,1007.5166666666668,0.007338535613481774,1168.5802845289934,-1,1007.066,1083.8274315656008,930.3045684343992
2025-08-29 00:00:00+05:30,1005.0,1015.2,990.0,994.1,699568,1009.6666666666666,1013.2,1006.1333333333332,0.006999009574117036,1168.5802845289934,-1,1004.082,1076.7166962821518,931.4473037178482
2025-09-01 00:00:00+05:30,996.0,1042.0,994.05,1036.35,1975967,999.7666666666668,1002.6,996.9333333333335,0.0056679891974792595,1168.5802845289934,-1,1004.0459999999999,1076.6157673690664,931.4762326309334
2025-09-02 00:00:00+05:30,1049.95,1073.95,1018.0,1020.25,2124192,1024.1333333333332,1018.025,1030.2416666666663,0.011928785314411884,1168.5802845289934,-1,1005.2819999999999,1077.8610321236129,932.7029678763871
2025-09-03 00:00:00+05:30,1029.0,1034.1,1017.0,1025.05,689435,1037.3999999999999,1045.975,1028.8249999999998,0.016531713900135043,1168.5802845289934,-1,1005.93,1078.9130336448166,932.9469663551835
2025-09-04 00:00:00+05:30,1040.0,1040.0,1004.3,1012.5,494240,1025.3833333333332,1025.55,1025.2166666666665,0.00032508167677143665,1168.5802845289934,-1,1006.3479999999998,1079.357054123447,933.3389458765529
2025-09-05 00:00:00+05:30,1012.0,1015.7,996.5,1000.25,433772,1018.9333333333334,1022.15,1015.7166666666668,0.0063137922009943405,1168.5802845289934,-1,1007.0779999999999,1079.4609266056602,934.6950733943396
2025-09-08 00:00:00+05:30,1004.0,1017.0,993.0,995.05,456144,1004.15,1006.1,1002.1999999999999,0.003883881890155944,1168.5802845289934,-1,1006.908,1079.3831029250764,934.4328970749236
2025-09-09 00:00:00+05:30,999.1,1003.5,991.0,998.55,367931,1001.6833333333334,1005.0,998.3666666666668,0.006622185986921893,1168.5802845289934,-1,1007.25,1079.4830173812531,935.016982618747
2025-09-10 00:00:00+05:30,1002.45,1047.0,1001.45,1041.8,1626318,997.6833333333334,997.25,998.1166666666668,0.0008686791065970711,1168.5802845289934,-1,1010.8919999999999,1080.4964865220652,941.2875134779346
2025-09-11 00:00:00+05:30,1042.0,1069.95,1029.0,1067.05,2551316,1030.0833333333333,1024.225,1035.9416666666666,0.011374484265027131,1168.5802845289934,-1,1015.386,1084.4033109878987,946.3686890121012
2025-09-12 00:00:00+05:30,1072.0,1079.9,1040.7,1055.2,1282836,1055.3333333333333,1049.475,1061.1916666666666,0.011102337334175646,1168.5802845289934,-1,1019.8059999999999,1084.144376230678,955.4676237693217
2025-09-15 00:00:00+05:30,1051.95,1067.0,1049.0,1051.4,518436,1058.6000000000001,1060.3000000000002,1056.9,0.0032117891554884663,1168.5802845289934,-1,1024.036,1081.8953641167984,966.1766358832016
2025-09-16 00:00:00+05:30,1052.3,1089.0,1049.1,1081.35,1381673,1055.8,1058.0,1053.6,0.004167455957567808,1168.5802845289934,-1,1027.6680000000001,1088.0096398849107,967.3263601150895
2025-09-17 00:00:00+05:30,1089.95,1093.0,1072.1,1078.3,812276,1073.1499999999999,1069.05,1077.2499999999998,0.0076410567022315795,1168.5802845289934,-1,1030.018,1093.4108631945287,966.6251368054715
2025-09-18 00:00:00+05:30,1078.3,1081.2,1050.0,1052.0,523907,1081.1333333333332,1082.55,1079.7166666666665,0.0026207066658446247,1168.5802845289934,-1,1031.302,1095.1220124099032,967.4819875900967
2025-09-19 00:00:00+05:30,1053.0,1065.0,1044.0,1051.3,2285424,1061.0666666666666,1065.6,1056.5333333333333,0.008544860517717964,1168.5802845289934,-1,1031.926,1096.209192951192,967.6428070488078
2025-09-22 00:00:00+05:30,1040.0,1048.0,1022.55,1027.0,410275,1053.4333333333334,1054.5,1052.3666666666668,0.0020251241970697833,1168.5802845289934,-1,1027.9679999999998,1079.5341352439777,976.401864756022
2025-09-23 00:00:00+05:30,1025.8,1025.8,1003.7,1012.35,585032,1032.5166666666667,1035.275,1029.7583333333332,0.005342932317476921,1168.5802845289934,-1,1028.518,1079.1034435979386,977.9325564020614
2025-09-24 00:00:00+05:30,1012.0,1066.9,1008.8,1044.7,2896665,1013.9499999999999,1014.75,1013.1499999999999,0.0015779870802309153,1168.5802845289934,-1,1029.242,1080.2135503393827,978.2704496606174
2025-09-25 00:00:00+05:30,1045.0,1052.0,1032.0,1049.5,568691,1040.1333333333332,1037.85,1042.4166666666665,0.004390462761184406,1168.5802845289934,-1,1029.7220000000002,1081.2188743129157,978.2251256870848
2025-09-26 00:00:00+05:30,1038.0,1045.9,1006.25,1028.35,931729,1044.5,1042.0,1047.0,0.004786979415988511,1168.5802845289934,-1,1029.948,1081.36915891343,978.5268410865701
2025-09-29 00:00:00+05:30,1031.15,1036.6,1007.65,1020.2,715732,1026.8333333333333,1026.075,1027.5916666666665,0.001477032949196323,1168.5802845289934,-1,1030.412,1081.2604043407482,979.563595659252
2025-09-30 00:00:00+05:30,1024.1,1028.5,1009.1,1021.55,575064,1021.4833333333332,1022.125,1020.8416666666665,0.0012563429000311938,1168.5802845289934,-1,1031.118,1080.9544355065668,981.281564493433
2025-10-01 00:00:00+05:30,1028.0,1028.0,1015.8,1017.9,266195,1019.7166666666666,1018.8,1020.6333333333332,0.0017978850334242431,1168.5802845289934,-1,1031.386,1080.861864984861,981.9101350151388
2025-10-03 00:00:00+05:30,1020.9,1050.0,1020.6,1043.4,682135,1020.5666666666666,1021.9,1019.2333333333332,0.002612927458601505,1168.5802845289934,-1,1033.0179999999998,1081.2644496517637,984.7715503482358
2025-10-06 00:00:00+05:30,1043.0,1043.0,1015.0,1020.4,883686,1038.0,1035.3,1040.7,0.005202312138728411,1168.5802845289934,-1,1034.07,1079.9658560220876,988.1741439779123
2025-10-07 00:00:00+05:30,1020.3,1030.4,1016.0,1019.2,511043,1026.1333333333334,1029.0,1023.2666666666669,0.00558731808731788,1168.5802845289934,-1,1033.384,1079.6343424419777,987.1336575580224
2025-10-08 00:00:00+05:30,1017.8,1024.9,1010.2,1019.1,323376,1021.8666666666668,1023.2,1020.5333333333335,0.0026096033402921268,1168.5802845289934,-1,1033.338,1079.6427581140447,987.0332418859552
2025-10-09 00:00:00+05:30,1022.0,1038.8,1012.7,1029.1,534010,1018.0666666666667,1017.5500000000001,1018.5833333333334,0.0010149957435662067,1168.5802845289934,-1,1033.5,1079.7158933701405,987.2841066298595
2025-10-10 00:00:00+05:30,1024.9,1035.0,1020.2,1023.6,320319,1026.8666666666666,1025.75,1027.9833333333331,0.0021749009933127845,1168.5802845289934,-1,1033.9440000000002,1079.5536684486985,988.3343315513018
2025-10-13 00:00:00+05:30,1018.0,1043.6,1015.7,1031.0,787140,1026.2666666666667,1027.6,1024.9333333333334,0.0025984149668700617,1168.5802845289934,-1,1035.174,1078.693320950587,991.6546790494131
2025-10-14 00:00:00+05:30,1035.0,1066.0,1032.0,1057.0,1711829,1030.1000000000001,1029.65,1030.5500000000002,0.0008737015823707318,1168.5802845289934,-1,1037.652,1078.7372721057095,996.5667278942906
2025-10-15 00:00:00+05:30,1061.0,1080.0,1049.0,1059.6,1518194,1051.6666666666667,1049.0,1054.3333333333335,0.005071315372424867,1168.5802845289934,-1,1040.094,1078.7797319434464,1001.4082680565538
2025-10-16 00:00:00+05:30,1065.0,1075.0,1050.2,1067.7,585850,1062.8666666666666,1064.5,1061.2333333333331,0.003073449162642112,1168.5802845289934,-1,1041.13,1081.3016516961923,1000.958348303808
2025-10-17 00:00:00+05:30,1075.0,1075.9,1050.0,1065.7,782521,1064.3,1062.6,1066.0,0.003194587992107574,1168.5802845289934,-1,1041.076,1081.1115354154304,1001.0404645845697
2025-10-20 00:00:00+05:30,1072.9,1072.9,1025.3,1052.0,961027,1063.8666666666668,1062.95,1064.7833333333335,0.0017232735931822453,1168.5802845289934,-1,1040.948,1080.8222270646113,1001.0737729353888
2025-10-21 00:00:00+05:30,1058.9,1066.7,1056.0,1059.5,110035,1050.0666666666666,1049.1,1051.0333333333333,0.0018411529426703645,1168.5802845289934,-1,1041.272,1081.609615993018,1000.934384006982
2025-10-23 00:00:00+05:30,1060.0,1080.7,1054.5,1063.3,999862,1060.7333333333333,1061.35,1060.1166666666668,0.0011627176167429336,1168.5802845289934,-1,1040.55,1078.5720462363636,1002.5279537636362
2025-10-24 00:00:00+05:30,1069.9,1077.0,1058.7,1070.7,559540,1066.1666666666667,1067.6,1064.7333333333336,0.0026887603564167573,1168.5802845289934,-1,1040.246,1077.1613076108026,1003.3306923891975
2025-10-27 00:00:00+05:30,1070.9,1119.1,1068.5,1100.0,5463372,1068.8,1067.85,1069.75,0.0017776946107785283,1168.5802845289934,-1,1042.1660000000002,1085.7225813167217,998.6094186832786
2025-10-28 00:00:00+05:30,1107.0,1108.6,1069.0,1090.9,1588818,1095.8666666666666,1093.8,1097.9333333333332,0.003771748387881627,1168.5802845289934,-1,1043.75,1091.2241108394899,996.27588916051
2025-10-29 00:00:00+05:30,1099.0,1109.0,1066.4,1099.2,3275562,1089.5,1088.8,1090.2,0.00128499311610839,1168.5802845289934,-1,1046.638,1098.2857630106103,994.9902369893896
2025-10-30 00:00:00+05:30,1094.5,1117.0,1088.1,1099.8,1895907,1091.5333333333335,1087.7,1095.366666666667,0.007023758627008155,1168.5802845289934,-1,1050.136,1103.8261519461453,996.4458480538548
2025-10-31 00:00:00+05:30,1094.5,1101.4,1071.6,1093.2,1115958,1101.6333333333332,1102.55,1100.7166666666665,0.0016641955883689235,1168.5802845289934,-1,1052.076,1108.2860640099277,995.8659359900724
2025-11-03 00:00:00+05:30,1087.0,1087.0,1050.0,1065.9,1517414,1088.7333333333333,1086.5,1090.9666666666667,0.004102626905884542,1168.5802845289934,-1,1052.732,1109.188750738952,996.275249261048
2025-11-04 00:00:00+05:30,1055.1,1064.9,1035.0,1041.8,809394,1067.6333333333334,1068.5,1066.7666666666669,0.0016235286771361461,1168.5802845289934,-1,1053.27,1109.0392675225357,997.5007324774643
2025-11-06 00:00:00+05:30,1039.9,1039.9,1000.0,1004.2,1248767,1047.2333333333333,1049.95,1044.5166666666667,0.005188273864468339,1168.5802845289934,-1,1052.63,1110.2394714435063,995.0205285564939
2025-11-07 00:00:00+05:30,998.0,1040.0,992.5,1029.8,2044854,1014.7000000000002,1019.95,1009.4500000000003,0.010347886074701657,1168.5802845289934,-1,1052.96,1109.9446856620282,995.9753143379719
2025-11-10 00:00:00+05:30,1020.0,1031.9,1000.0,1023.5,1308037,1020.7666666666668,1016.25,1025.2833333333335,0.008849557522124086,1168.5802845289934,-1,1053.184,1109.6573899814784,996.7106100185215
2025-11-11 00:00:00+05:30,1022.9,1031.0,1010.0,1025.1,482937,1018.4666666666667,1015.95,1020.9833333333333,0.0049420697780977645,1168.5802845289934,-1,1052.4520000000002,1109.8800243783485,995.0239756216521
2025-11-12 00:00:00+05:30,1024.0,1068.0,1019.3,1063.6,1383241,1022.0333333333333,1020.5,1023.5666666666666,0.0030005544502787968,1168.5802845289934,-1,1054.18,1110.2294924151875,998.1305075848127
2025-11-13 00:00:00+05:30,1060.1,1072.5,1043.0,1061.2,830037,1050.3,1043.65,1056.9499999999998,0.012663048652765617,1168.5802845289934,-1,1055.86,1110.1035692041014,1001.6164307958984
2025-11-14 00:00:00+05:30,1056.8,1059.2,995.0,997.9,3133496,1058.8999999999999,1057.75,1060.0499999999997,0.0021720653508355155,1168.5802845289934,-1,1055.012,1112.1152277896806,997.9087722103194
2025-11-17 00:00:00+05:30,1014.0,1019.9,996.0,1010.0,2207587,1017.3666666666667,1027.1,1007.6333333333334,0.0191343665017527,1168.5802845289934,-1,1054.248,1113.1987216580098,995.2972783419902
2025-11-18 00:00:00+05:30,1009.0,1009.4,991.6,995.9,592851,1008.6333333333333,1007.95,1009.3166666666666,0.001354968769622156,1168.5802845289934,-1,1053.14,1115.306769258183,990.9732307418171
2025-11-19 00:00:00+05:30,989.0,998.0,983.0,994.1,692546,998.9666666666667,1000.5,997.4333333333334,0.0030698388334611825,1168.5802845289934,-1,1051.664,1117.5068402789564,985.8211597210436
2025-11-20 00:00:00+05:30,1000.0,1007.3,992.0,997.9,675796,991.6999999999999,990.5,992.8999999999999,0.002420086719773988,1168.5802845289934,-1,1049.3,1118.3714181119815,980.2285818880184
2025-11-21 00:00:00+05:30,997.0,998.0,984.2,989.2,390218,999.0666666666666,999.65,998.4833333333332,0.0011677565728013572,1168.5802845289934,-1,1046.4840000000002,1119.2857072327306,973.6822927672697
2025-11-24 00:00:00+05:30,991.1,994.9,973.0,989.3,480580,990.4666666666667,991.1,989.8333333333334,0.0012788584505620093,1168.5802845289934,-1,1043.348,1118.9253324747585,967.7706675252414
2025-11-25 00:00:00+05:30,992.0,992.0,959.9,967.4,749656,985.7333333333332,983.95,987.5166666666664,0.00361828756932204,1168.5802845289934,-1,1039.416,1119.9954550490397,958.8365449509602
2025-11-26 00:00:00+05:30,970.2,987.0,970.1,981.4,698312,973.1,975.95,970.25,0.005857568595211227,1168.5802845289934,-1,1036.5919999999999,1120.1045651863253,953.0794348136745
2025-11-27 00:00:00+05:30,985.0,1002.8,980.0,989.3,666755,979.5,978.55,980.45,0.0019397651863196437,1168.5802845289934,-1,1033.7839999999999,1118.7351046190704,948.8328953809294
2025-11-28 00:00:00+05:30,987.0,989.0,971.2,975.7,831670,990.6999999999999,991.4,989.9999999999999,0.0014131422226709308,1168.5802845289934,-1,1030.28,1117.2741791156182,943.2858208843817
2025-12-01 00:00:00+05:30,970.1,976.8,965.0,971.75,404223,978.6333333333333,980.1,977.1666666666666,0.0029973772948670534,1168.5802845289934,-1,1026.322,1114.5945419595487,938.0494580404512
2025-12-02 00:00:00+05:30,970.8,975.7,962.5,965.6,550419,971.1833333333334,970.9,971.4666666666668,0.000583480633591495,1168.5802845289934,-1,1020.9459999999999,1106.9566408300757,934.935359169924
2025-12-03 00:00:00+05:30,964.0,982.9,958.05,971.1,546909,967.9333333333334,969.1,966.7666666666668,0.0024106343412079938,1168.5802845289934,-1,1016.1540000000001,1099.3438259163966,932.9641740836037
2025-12-04 00:00:00+05:30,971.1,971.1,935.0,941.95,772498,970.6833333333333,970.4749999999999,970.8916666666667,0.000429250871379347,1154.6571886715426,-1,1009.864,1090.733190771272,928.9948092287282
2025-12-05 00:00:00+05:30,941.95,943.0,891.6,900.2,1223663,949.35,953.05,945.6500000000001,0.0077948069731920405,1125.234901124681,-1,1001.88,1085.0357718982898,918.7242281017102
2025-12-08 00:00:00+05:30,901.5,903.7,860.05,869.7,1282745,911.6,917.3,905.9000000000001,0.012505484861781333,1093.714505079694,-1,992.94,1082.6971256224288,903.1828743775714
2025-12-09 00:00:00+05:30,863.95,880.95,849.4,869.55,1779517,877.8166666666666,881.875,873.7583333333332,0.009246425791262551,1077.3749248765062,-1,985.086,1082.0081812383546,888.1638187616453
2025-12-10 00:00:00+05:30,873.0,876.05,854.0,864.3,772513,866.6333333333332,865.175,868.0916666666665,0.0033655140582328344,1074.9109278814458,-1,977.9860000000001,1082.9236672887316,873.0483327112686
2025-12-11 00:00:00+05:30,865.0,917.0,834.1,904.9,3860640,864.7833333333333,865.025,864.5416666666666,0.0005589068552816873,1074.9109278814458,-1,974.0139999999999,1082.150530441847,865.8774695581528
2025-12-12 00:00:00+05:30,905.0,929.8,897.4,919.25,1398977,885.3333333333334,875.55,895.1166666666668,0.022100903614458017,1074.9109278814458,-1,969.592,1077.2823697830058,861.9016302169941
2025-12-15 00:00:00+05:30,910.0,940.9,898.55,935.4,1261435,915.4833333333332,913.5999999999999,917.3666666666666,0.004114402228331102,1074.9109278814458,-1,966.068,1072.2264886101934,859.9095113898065
2025-12-16 00:00:00+05:30,930.2,933.8,905.25,911.1,464703,924.9499999999999,919.7249999999999,930.175,0.011297907995026809,1074.9109278814458,-1,961.5079999999999,1066.9230034103334,856.0929965896665
2025-12-17 00:00:00+05:30,909.85,919.4,898.5,907.5,699819,916.7166666666667,919.525,913.9083333333334,0.0061269385306254864,1074.9109278814458,-1,955.2639999999999,1054.0335642189466,856.4944357810532
2025-12-18 00:00:00+05:30,905.0,908.65,880.8,894.7,659584,908.4666666666667,908.95,907.9833333333333,0.0010640639906069167,1074.9109278814458,-1,948.6039999999999,1040.087847404887,857.1201525951128
2025-12-19 00:00:00+05:30,906.0,912.0,879.0,885.55,1897381,894.7166666666666,894.7249999999999,894.7083333333333,1.8627871020604113e-05,1074.9109278814458,-1,944.11,1036.499523215572,851.7204767844281
2025-12-22 00:00:00+05:30,895.0,895.0,880.5,885.7,766316,892.1833333333334,895.5,888.8666666666668,0.007434944237918079,1074.9109278814458,-1,939.138,1030.1774344446446,848.0985655553555
2025-12-23 00:00:00+05:30,886.95,895.0,877.6,880.45,676713,887.0666666666666,887.75,886.3833333333332,0.001540658349616851,1074.9109278814458,-1,934.52,1025.2859187140236,843.7540812859763
2025-12-24 00:00:00+05:30,881.2,910.45,879.5,886.65,1621357,884.35,886.3,882.4000000000001,0.00441001865777109,1074.9109278814458,-1,930.2220000000001,1019.4590016529063,840.9849983470939
2025-12-26 00:00:00+05:30,890.0,896.4,875.0,877.0,540325,892.1999999999999,894.975,889.4249999999998,0.006220578345662612,1074.9109278814458,-1,925.3860000000001,1012.506939021574,838.2650609784262
2025-12-29 00:00:00+05:30,881.0,881.0,854.1,857.4,653135,882.8000000000001,885.7,879.9000000000001,0.006570004531037556,1074.9109278814458,-1,920.1139999999999,1007.1017072694805,833.1262927305194
2025-12-30 00:00:00+05:30,856.05,859.85,841.5,852.05,938042,864.1666666666666,867.55,860.7833333333333,0.007830279652844727,1058.193013381717,-1,914.6239999999999,1000.7730667157856,828.4749332842142
2025-12-31 00:00:00+05:30,880.0,881.5,840.0,842.15,2137470,851.1333333333332,850.675,851.5916666666665,0.0010769953787105606,1058.193013381717,-1,909.614,997.4548174825401,821.77318251746
2026-01-01 00:00:00+05:30,847.0,854.6,843.5,847.2,539672,854.5500000000001,860.75,848.3500000000001,0.014510561114036466,1054.9398011325904,-1,904.2460000000001,990.2664158092773,818.2255841907229
2026-01-02 00:00:00+05:30,851.15,856.75,843.7,845.9,649867,848.4333333333334,849.05,847.8166666666668,0.0014536596864807147,1051.5332090872869,-1,898.51,980.0888992325895,816.9311007674105
2026-01-05 00:00:00+05:30,847.1,849.9,782.4,787.75,5448347,848.7833333333333,850.225,847.3416666666666,0.003397019262866581,1028.3058807237953,-1,890.992,977.2390436826737,804.7449563173262
2026-01-06 00:00:00+05:30,788.0,788.95,748.2,762.1,5498822,806.6833333333334,816.15,797.2166666666668,0.023470589450630977,983.6546454948435,-1,882.6060000000001,976.2642054921037,788.9477945078966
2026-01-07 00:00:00+05:30,767.75,768.9,746.3,752.05,2417170,766.4166666666666,768.575,764.2583333333332,0.005632271392845711,970.4044596750497,-1,874.0640000000001,974.5881006724316,773.5398993275686
2026-01-08 00:00:00+05:30,754.0,769.4,725.5,730.25,2621866,755.75,757.5999999999999,753.9000000000001,0.004895798875289207,964.0342812880479,-1,864.43,971.8379885297234,757.0220114702765
2026-01-09 00:00:00+05:30,730.45,732.3,709.05,717.45,2536594,741.7166666666667,747.45,735.9833333333333,0.015459631934925775,935.1059100365259,-1,855.45,972.5350870094106,738.3649129905895
2026-01-12 00:00:00+05:30,716.5,750.9,715.05,745.6,7119994,719.6,720.675,718.5250000000001,0.0029877709838797436,935.1059100365259,-1,849.2660000000001,972.4173856032538,726.1146143967463
2026-01-13 00:00:00+05:30,750.0,759.85,734.0,748.8,3130618,737.1833333333333,732.9749999999999,741.3916666666667,0.011417331735660613,935.1059100365259,-1,844.43,973.3518957353688,715.5081042646311
2026-01-14 00:00:00+05:30,750.0,760.35,722.0,728.4,1669700,747.5499999999998,746.925,748.1749999999997,0.0016721289545846738,935.1059100365259,-1,838.784,974.9693787159302,702.5986212840697
2026-01-16 00:00:00+05:30,730.2,755.4,727.0,739.7,1574047,736.9166666666666,741.175,732.6583333333333,0.011557163858419069,935.1059100365259,-1,833.8,974.9160798775298,692.6839201224701
2026-01-19 00:00:00+05:30,739.7,752.5,730.0,738.95,1076085,740.7000000000002,741.2,740.2000000000003,0.0013500742540836675,935.1059100365259,-1,827.1620000000001,969.8788729478105,684.4451270521898
2026-01-20 00:00:00+05:30,742.0,746.25,725.35,732.65,1446895,740.4833333333332,741.25,739.7166666666665,0.002070719575052597,935.1059100365259,-1,819.698,961.8867182022592,677.5092817977408
2026-01-21 00:00:00+05:30,732.6,740.15,708.35,711.2,1673249,734.75,735.8,733.7,0.0028581150051036532,935.1059100365259,-1,810.73,950.8638988253789,670.5961011746211
2026-01-22 00:00:00+05:30,730.4,758.2,720.0,739.75,4916795,719.9,724.25,715.55,0.012085011807195508,935.1059100365259,-1,803.8760000000001,940.4184626114587,667.3335373885415
2026-01-23 00:00:00+05:30,725.0,738.0,675.2,683.1,5967336,739.3166666666666,739.1,739.5333333333332,0.0005861268288281971,932.1119620333324,-1,794.9,932.5132086683601,657.2867913316398
2026-01-27 00:00:00+05:30,683.55,721.0,683.55,707.6,4371219,698.7666666666668,706.6,690.9333333333335,0.02242045508753496,929.378483551999,-1,787.416,922.8381332574615,651.9938667425386
2026-01-28 00:00:00+05:30,708.1,719.95,701.0,715.05,1492524,704.0500000000001,702.275,705.8250000000002,0.005042255521625142,929.378483551999,-1,780.596,912.6950292772877,648.4969707227123
2026-01-29 00:00:00+05:30,717.0,726.95,703.9,713.9,1403451,712.0,710.475,713.525,0.004283707865168475,929.378483551999,-1,773.7239999999999,901.0248126289921,646.4231873710078
2026-01-30 00:00:00+05:30,712.8,729.8,706.15,719.9,1216991,714.9166666666666,715.425,714.4083333333333,0.0014220771651707446,929.378483551999,-1,767.302,888.4695781057037,646.1344218942963
2026-02-01 00:00:00+05:30,724.0,738.95,660.0,691.45,1307827,718.6166666666667,717.9749999999999,719.2583333333334,0.0017858385323656985,929.378483551999,-1,759.4940000000001,873.8585725563729,645.1294274436274
2026-02-02 00:00:00+05:30,693.7,738.0,692.05,734.2,2593795,696.8000000000001,699.475,694.1250000000001,0.007677956371986092,929.378483551999,-1,753.7819999999999,857.9063866920803,649.6576133079195
2026-02-03 00:00:00+05:30,800.0,808.95,781.5,791.55,6486207,721.4166666666666,715.025,727.8083333333333,0.017719764352547032,929.378483551999,-1,751.148,847.7114153497167,654.5845846502833
2026-02-04 00:00:00+05:30,783.95,791.1,765.1,781.7,1688240,794.0,795.225,792.775,0.00308564231738041,929.378483551999,-1,748.3340000000001,836.726152230851,659.9418477691491
2026-02-05 00:00:00+05:30,780.75,794.0,767.75,787.05,1070802,779.3000000000001,778.1,780.5000000000001,0.003079686898498769,929.378483551999,-1,746.13,827.5261915571112,664.7338084428887
2026-02-06 00:00:00+05:30,785.95,799.7,781.35,795.55,961811,782.9333333333334,780.875,784.9916666666668,0.005258004087193615,929.378483551999,-1,744.064,817.3075472652844,670.8204527347156
2026-02-09 00:00:00+05:30,800.0,816.6,791.35,806.4,1586742,792.2000000000002,790.5250000000001,793.8750000000002,0.004228730118657076,929.378483551999,-1,742.484,808.1883725790146,676.7796274209854
2026-02-10 00:00:00+05:30,810.45,827.7,807.4,823.85,1277319,804.7833333333333,803.975,805.5916666666666,0.0020088222502949787,929.378483551999,-1,743.928,814.9220171000484,672.9339828999516
2026-02-11 00:00:00+05:30,828.5,833.85,772.6,780.65,3876337,819.65,817.55,821.75,0.0051241383517355524,929.378483551999,-1,744.67,816.7870825810497,672.5529174189502
2026-02-12 00:00:00+05:30,780.4,780.55,768.0,771.45,999725,795.6999999999999,803.225,788.1749999999998,0.01891416362950884,929.378483551999,-1,745.446,818.277981546584,672.6140184534161
2026-02-13 00:00:00+05:30,770.0,770.0,747.5,759.2,1150500,773.3333333333334,774.275,772.3916666666668,0.00243534482758605,929.378483551999,-1,746.6039999999999,819.353256601026,673.8547433989738
2026-02-16 00:00:00+05:30,753.65,767.4,750.35,762.95,646849,758.9,758.75,759.05,0.00039530899986817044,929.378483551999,-1,748.424,820.437627154879,676.410372845121
2026-02-17 00:00:00+05:30,756.8,767.0,750.9,759.3,845484,760.2333333333332,758.875,761.5916666666665,0.003573464287279962,929.378483551999,-1,748.972,821.099742679235,676.844257320765
2026-02-18 00:00:00+05:30,759.3,768.4,747.95,763.65,1081371,759.0666666666666,758.95,759.1833333333332,0.0003073950465481132,929.378483551999,-1,749.566,821.9225213094296,677.2094786905704
2026-02-19 00:00:00+05:30,763.5,767.8,743.25,752.8,1467843,760.0,758.175,761.825,0.004802631578947488,929.378483551999,-1,750.5419999999999,822.3866194506027,678.6973805493972
2026-02-20 00:00:00+05:30,752.0,775.7,748.9,768.75,1583508,754.6166666666667,755.525,753.7083333333334,0.0024074033173575185,929.378483551999,-1,751.704,823.7490243667245,679.6589756332754
2026-02-23 00:00:00+05:30,769.15,780.0,759.0,776.25,839634,764.4499999999999,762.3,766.5999999999999,0.0056249591209365625,929.378483551999,-1,753.196,825.666379714763,680.725620285237
2026-02-24 00:00:00+05:30,772.5,784.9,760.8,777.05,1270065,771.75,769.5,774.0,0.0058309037900874635,929.378483551999,-1,754.972,827.5174289669716,682.4265710330284
2026-02-25 00:00:00+05:30,699.35,744.95,666.9,729.4,12482197,774.25,772.8499999999999,775.6500000000001,0.003616402970616961,929.378483551999,-1,755.7,826.8251685411144,684.5748314588857
2026-02-26 00:00:00+05:30,734.0,741.6,713.95,725.25,2431010,713.75,705.925,721.575,0.021926444833625346,929.378483551999,-1,755.12,826.9885744954074,683.2514255045926
2026-02-27 00:00:00+05:30,725.25,741.4,720.5,731.0,5802610,726.9333333333334,727.7750000000001,726.0916666666667,0.0023156639765224605,929.378483551999,-1,757.0360000000001,823.4708614509124,690.6011385490878
2026-03-02 00:00:00+05:30,699.0,722.4,696.35,712.85,1154965,730.9666666666667,730.95,730.9833333333333,4.5601714624428405e-05,929.378483551999,-1,757.2459999999999,823.0849849253609,691.4070150746388
2026-03-04 00:00:00+05:30,704.0,710.0,691.0,706.2,945565,710.5333333333333,709.375,711.6916666666666,0.0032604616250702847,926.657478736221,-1,756.8919999999999,823.7223923675591,690.0616076324408
2026-03-05 00:00:00+05:30,713.0,722.8,698.55,720.1,1135214,702.4,700.5,704.3,0.005410022779043216,926.657478736221,-1,757.14,823.3737497051308,690.9062502948692
2026-03-06 00:00:00+05:30,720.0,735.0,714.15,723.65,805581,713.8166666666666,710.675,716.9583333333333,0.008802446940157329,926.657478736221,-1,757.29,823.2019230488833,691.3780769511167
2026-03-09 00:00:00+05:30,708.0,725.55,699.9,721.65,1174663,724.2666666666668,724.575,723.9583333333335,0.0008514359351986752,926.657478736221,-1,758.498,820.5318067830914,696.4641932169087
2026-03-10 00:00:00+05:30,728.0,750.0,721.85,747.75,1392796,715.6999999999999,712.7249999999999,718.675,0.008313539192399114,926.657478736221,-1,759.04,820.4487811310557,697.6312188689442
2026-03-11 00:00:00+05:30,749.0,795.0,747.75,788.1,5224183,739.8666666666667,735.925,743.8083333333334,0.01065507298612377,926.657478736221,-1,758.9019999999999,820.0328071597447,697.7711928402551
2026-03-12 00:00:00+05:30,781.05,794.35,767.25,789.35,1671737,776.9499999999999,771.375,782.5249999999999,0.014350987837054976,926.657478736221,-1,759.2079999999999,820.8665285585205,697.5494714414792
2026-03-13 00:00:00+05:30,781.95,804.0,773.25,781.85,2919116,783.65,780.8,786.5,0.007273655330823768,926.657478736221,-1,759.0,820.3155640926666,697.6844359073334
2026-03-16 00:00:00+05:30,781.0,800.65,768.05,795.75,1878694,786.3666666666667,788.625,784.1083333333333,0.005743715823831103,926.657478736221,-1,759.008,820.3426863039334,697.6733136960667
2026-03-17 00:00:00+05:30,795.75,830.9,792.2,811.2,3228018,788.15,784.3499999999999,791.95,0.0096428344858214,926.657478736221,-1,759.2,821.153827968915,697.246172031085
2026-03-18 00:00:00+05:30,818.8,876.0,813.3,869.6,6329950,811.4333333333334,811.55,811.3166666666668,0.00028755699790468034,926.657478736221,-1,761.03,832.4880100478729,689.5719899521271
2026-03-19 00:00:00+05:30,850.0,874.25,847.2,864.35,2653688,852.9666666666667,844.65,861.2833333333334,0.01950056664973243,926.657478736221,-1,764.378,846.2793019676849,682.4766980323152
2026-03-20 00:00:00+05:30,870.0,879.0,848.55,864.75,2542018,861.9333333333334,860.725,863.1416666666668,0.0028037744605152086,926.657478736221,-1,768.11,858.9727316340527,677.2472683659473
2026-03-23 00:00:00+05:30,851.0,875.0,843.9,866.55,2931759,864.1,863.775,864.4250000000001,0.0007522277514177652,926.657478736221,-1,772.4040000000001,870.9943115726991,673.8136884273011
2026-03-24 00:00:00+05:30,880.0,904.85,868.4,889.35,3008287,861.8166666666666,859.45,864.1833333333332,0.0054922740722115546,926.657478736221,-1,777.46,886.0496643332222,668.8703356667779
2026-03-25 00:00:00+05:30,891.5,923.75,891.45,916.9,2747719,887.5333333333333,886.625,888.4416666666666,0.002046871479005415,926.657478736221,-1,783.7640000000001,904.9702292788695,662.5577707211307
2026-03-27 00:00:00+05:30,905.2,920.65,889.25,893.8,2400261,910.6999999999999,907.6,913.7999999999998,0.006807949928626132,926.657478736221,-1,788.97,917.2473401657589,660.6926598342411
2026-03-30 00:00:00+05:30,885.0,900.8,874.35,891.65,2035849,901.2333333333332,904.95,897.5166666666664,0.008247956504050327,926.657478736221,-1,794.5239999999999,927.9753937581837,661.0726062418161
2026-04-01 00:00:00+05:30,911.0,941.8,884.05,937.7,5836550,888.9333333333334,887.575,890.2916666666667,0.003056097195140277,676.5868430586502,1,801.2819999999999,945.5047551532759,657.0592448467239
2026-04-02 00:00:00+05:30,930.0,931.3,894.05,917.35,2050183,921.1833333333334,912.925,929.4416666666668,0.01792983662318418,676.5868430586502,1,806.926,957.6841271308509,656.1678728691492
2026-04-06 00:00:00+05:30,918.0,932.5,909.9,925.95,1173910,914.2333333333332,912.675,915.7916666666665,0.0034090494767928256,685.3296345628521,1,812.8820000000001,970.0760810081658,655.6879189918343
2026-04-07 00:00:00+05:30,919.0,952.85,919.0,943.3,2193891,922.7833333333334,921.2,924.3666666666668,0.0034316470099518583,700.0114491803379,1,821.438,982.7559972104841,660.1200027895159
2026-04-08 00:00:00+05:30,962.5,973.95,939.05,959.65,1663028,938.3833333333332,935.925,940.8416666666665,0.005239507663889862,720.2509912131245,1,830.814,995.8834605794837,665.7445394205163
2026-04-09 00:00:00+05:30,971.95,977.8,949.15,956.45,2616652,957.5500000000001,956.5,958.6000000000001,0.002193096966216006,728.6539515645994,1,839.832,1006.7274184631852,672.9365815368147
2026-04-10 00:00:00+05:30,964.0,979.35,956.2,975.2,1387510,961.1333333333332,963.4749999999999,958.7916666666665,0.004872719705902817,735.8647935020156,1,850.326,1016.9561152133123,683.6958847866878
2026-04-13 00:00:00+05:30,955.0,994.6,955.0,974.0,2541810,970.25,967.7750000000001,972.7249999999999,0.0051017778922956124,741.0782017619349,1,861.038,1023.6119223368917,698.4640776631084
2026-04-15 00:00:00+05:30,980.0,1005.5,980.0,998.5,1972332,974.5333333333333,974.8,974.2666666666667,0.0005472704884388798,759.5570736914575,1,872.174,1032.73365650188,711.6143434981201
2026-04-16 00:00:00+05:30,1009.9,1022.7,998.2,1003.1,957309,994.6666666666666,992.75,996.5833333333333,0.003853887399463731,779.7247907437993,1,883.352,1039.853663837806,726.850336162194
2026-04-17 00:00:00+05:30,1008.0,1050.8,1004.0,1048.0,7484061,1008.0,1010.45,1005.55,0.004861111111111201,792.5477991140474,1,896.406,1051.2122384272727,741.5997615727272
2026-04-20 00:00:00+05:30,1038.4,1044.6,1001.85,1010.75,1891731,1034.2666666666667,1027.4,1041.1333333333332,0.013278329250998892,792.5477991140474,1,906.9259999999999,1055.5141586668385,758.3378413331614
2026-04-21 00:00:00+05:30,1013.0,1017.25,992.25,995.7,1128955,1019.0666666666666,1023.2249999999999,1014.9083333333333,0.008161062410048351,792.5477991140474,1,915.23,1059.4673321994053,770.9926678005949
2026-04-22 00:00:00+05:30,991.1,1000.15,986.45,990.8,995070,1001.7333333333332,1004.75,998.7166666666665,0.006022893651005122,792.5477991140474,1,923.288,1060.8492250018207,785.7267749981793
2026-04-23 00:00:00+05:30,990.0,1010.55,981.6,1000.7,1371374,992.4666666666666,993.3,991.6333333333332,0.0016793175253577712,792.5477991140474,1,932.0419999999999,1060.0053781360962,804.0786218639037
2026-04-24 00:00:00+05:30,990.0,1032.0,956.55,1007.55,4534019,997.6166666666668,996.075,999.1583333333335,0.0030906995004762864,792.5477991140474,1,940.5139999999999,1058.9525022532855,822.0754977467143
2026-04-27 00:00:00+05:30,1014.85,1027.65,1005.0,1022.6,2055103,998.6999999999999,994.275,1003.1249999999999,0.008861519975968669,792.5477991140474,1,948.97,1059.170831212843,838.769168787157
2026-04-28 00:00:00+05:30,1029.0,1047.0,1024.6,1037.35,1370400,1018.4166666666666,1016.325,1020.5083333333332,0.004107683495622126,800.678695854288,1,955.68,1066.1605648066732,845.1994351933268
2026-04-29 00:00:00+05:30,1039.0,1045.0,1028.7,1039.15,1410468,1036.3166666666666,1035.8,1036.8333333333333,0.0009971212145579405,806.5695480201165,1,962.672,1071.2564116989242,854.0875883010758
2026-04-30 00:00:00+05:30,1024.0,1024.0,990.6,1018.15,2043351,1037.6166666666666,1036.85,1038.3833333333332,0.0014777454744044555,806.5695480201165,1,968.8079999999999,1071.7556903286395,865.8603096713604
2026-05-04 00:00:00+05:30,1023.3,1041.0,1016.0,1035.1,839815,1010.9166666666666,1007.3,1014.5333333333333,0.007155222158107343,806.5695480201165,1,975.55,1072.7429915168857,878.3570084831142
2026-05-05 00:00:00+05:30,1030.0,1045.0,1024.7,1042.9,1071705,1030.7,1028.5,1032.9,0.004268943436499554,806.5695480201165,1,981.692,1075.6732435755212,887.710756424479
2026-05-06 00:00:00+05:30,1051.8,1054.4,1027.0,1033.0,1013513,1037.5333333333333,1034.85,1040.2166666666667,0.005172524577523731,813.5051490916408,1,986.3359999999999,1078.5082757449406,894.1637242550592
2026-05-07 00:00:00+05:30,1033.0,1033.4,1011.3,1018.5,944895,1038.1333333333334,1040.7,1035.5666666666668,0.004944772668892768,813.5051490916408,1,991.324,1076.1276891650439,906.520310834956
2026-05-08 00:00:00+05:30,1020.0,1040.0,1008.6,1011.6,795310,1021.0666666666666,1022.35,1019.7833333333332,0.002513711151736909,813.5051490916408,1,996.122,1070.793119343434,921.450880656566
2026-05-11 00:00:00+05:30,1011.6,1022.1,999.4,1003.8,847953,1020.0666666666666,1024.3,1015.8333333333333,0.008300111103849452,813.5051490916408,1,998.7660000000001,1069.555438308277,927.9765616917232
2026-05-12 00:00:00+05:30,1000.0,1011.8,954.5,966.8,1150317,1008.4333333333334,1010.75,1006.1166666666668,0.004594585660926068,813.5051490916408,1,1000.7439999999999,1064.762874216916,936.7251257830837
2026-05-13 00:00:00+05:30,958.0,980.7,943.1,967.4,920025,977.6999999999999,983.15,972.2499999999999,0.01114861409430305,813.5051490916408,1,1002.4019999999999,1060.455847279929,944.3481527200709
2026-05-14 00:00:00+05:30,972.2,985.2,969.9,977.4,484774,963.7333333333335,961.9000000000001,965.5666666666668,0.003804648588821329,813.5051490916408,1,1003.766,1057.6541784438973,949.8778215561026
2026-05-15 00:00:00+05:30,983.9,988.0,971.2,981.6,751397,977.5,977.55,977.45,0.00010230179028123688,813.5051490916408,1,1004.6440000000001,1056.2973624849471,952.9906375150532
2026-05-18 00:00:00+05:30,998.1,1029.6,980.3,986.9,5620159,980.2666666666668,979.6,980.9333333333335,0.001360174102285247,813.5051490916408,1,1005.862,1054.2447017021716,957.4792982978283
2026-05-19 00:00:00+05:30,986.8,997.8,971.0,983.1,921637,998.9333333333333,1004.9499999999999,992.9166666666666,0.012046182594767722,813.5051490916408,1,1006.178,1053.853554155157,958.5024458448429
2026-05-20 00:00:00+05:30,983.1,995.5,976.8,992.4,1042987,983.9666666666667,984.4,983.5333333333334,0.0008807886446016741,813.5051490916408,1,1006.914,1053.125440315157,960.702559684843
2026-05-21 00:00:00+05:30,994.2,1026.1,992.7,1015.1,2372125,988.2333333333332,986.15,990.3166666666665,0.004216278206901051,813.5051490916408,1,1007.578,1053.763799376013,961.392200623987
2026-05-22 00:00:00+05:30,1019.0,1019.8,962.0,983.4,9877098,1011.3000000000001,1009.4,1013.2000000000002,0.0037575398002572744,813.5051490916408,1,1006.79,1053.9171471659522,959.6628528340477
2026-05-25 00:00:00+05:30,996.0,1005.0,977.0,985.0,3295126,988.4,990.9,985.9,0.005058680696074464,813.5051490916408,1,1004.27,1048.989266541406,959.5507334585938
2026-05-26 00:00:00+05:30,1008.0,1024.6,1001.0,1016.8,3696906,989.0,991.0,987.0,0.004044489383215369,813.5051490916408,1,1004.5120000000002,1049.4339347758014,959.5900652241991
2026-05-27 00:00:00+05:30,1024.0,1056.0,1015.8,1046.0,4606992,1014.1333333333332,1012.8,1015.4666666666665,0.0026295030239283286,813.5051490916408,1,1006.5239999999999,1054.1135376737504,958.9344623262493
2026-05-29 00:00:00+05:30,1060.0,1081.2,1040.0,1061.0,4187722,1039.2666666666667,1035.9,1042.6333333333332,0.006478927448841928,826.5566682031897,1,1009.3320000000001,1060.989401250947,957.6745987490534
2026-06-01 00:00:00+05:30,1077.6,1077.6,1045.0,1052.7,1479712,1060.7333333333333,1060.6,1060.8666666666668,0.0002513984036203371,827.4904014750622,1,1011.4119999999999,1065.6354729983361,957.1885270016636
2026-06-02 00:00:00+05:30,1044.7,1083.0,1030.5,1074.4,1609616,1058.4333333333334,1061.3,1055.5666666666668,0.005416811009983108,827.4904014750622,1,1014.086,1073.6174674437082,954.5545325562917
2026-06-03 00:00:00+05:30,1075.7,1095.7,1063.0,1089.0,2316777,1062.6333333333334,1056.75,1068.5166666666669,0.011073120235892166,840.6030739994173,1,1016.742,1083.0904539684332,950.3935460315669
2026-06-04 00:00:00+05:30,1086.4,1093.9,1067.9,1077.8,1366622,1082.5666666666666,1079.35,1085.7833333333333,0.0059426671182683695,844.4229510394407,1,1018.36,1088.5040517791872,948.215948220813
2026-06-05 00:00:00+05:30,1082.0,1099.2,1074.3,1080.1,1147886,1079.8666666666668,1080.9,1078.8333333333335,0.0019138165205580373,852.760032997863,1,1019.9979999999999,1093.823418278539,946.1725817214607
2026-06-08 00:00:00+05:30,1080.0,1103.8,1065.5,1090.5,1992512,1084.5333333333333,1086.75,1082.3166666666666,0.0040877796901893845,852.760032997863,1,1022.8920000000002,1101.7046268056158,944.0793731943844
2026-06-09 00:00:00+05:30,1099.0,1103.9,1079.0,1085.0,1031866,1086.6000000000001,1084.65,1088.5500000000002,0.0035891772501381283,858.5378064108306,1,1024.888,1107.2823749536412,942.4936250463585
2026-06-10 00:00:00+05:30,1087.9,1094.7,1061.2,1065.9,802759,1089.3,1091.45,1087.1499999999999,0.003947489213256387,858.5378064108306,1,1025.808,1109.4898722543971,942.1261277456028
2026-06-11 00:00:00+05:30,1065.9,1076.0,1046.2,1058.0,854495,1073.9333333333334,1077.95,1069.9166666666667,0.007480290520826838,858.5378064108306,1,1026.808,1111.402277253259,942.213722746741
2026-06-12 00:00:00+05:30,1070.0,1084.7,1025.4,1034.6,1125401,1060.0666666666666,1061.1,1059.0333333333333,0.0019495629205709762,858.5378064108306,1,1027.4520000000002,1112.028613694338,942.8753863056625
2026-06-15 00:00:00+05:30,1047.7,1052.0,1028.9,1045.4,951457,1048.2333333333333,1055.0500000000002,1041.4166666666665,0.01300601011225268,858.5378064108306,1,1028.8039999999999,1113.4043967839466,944.2036032160531
2026-06-16 00:00:00+05:30,1046.0,1069.0,1020.1,1055.3,1566623,1042.1000000000001,1040.45,1043.7500000000002,0.0031666826600136085,858.5378064108306,1,1030.864,1115.4367309243423,946.2912690756576
2026-06-17 00:00:00+05:30,1058.0,1074.1,1051.1,1055.8,741569,1048.1333333333332,1044.55,1051.7166666666665,0.006837552474239774,858.5378064108306,1,1034.424,1115.323132850737,953.524867149263
2026-06-18 00:00:00+05:30,1053.0,1062.3,1047.0,1057.7,959162,1060.3333333333333,1062.6,1058.0666666666666,0.004275385099025435,858.5378064108306,1,1038.0359999999998,1114.5893305350012,961.4826694649985
2026-06-19 00:00:00+05:30,1055.3,1087.5,1050.0,1079.6,1350684,1055.6666666666667,1054.65,1056.6833333333334,0.0019261130407325256,858.5378064108306,1,1042.124,1116.1625041448108,968.0854958551893
2026-06-22 00:00:00+05:30,1082.0,1085.9,1053.3,1062.8,1310849,1072.3666666666666,1068.75,1075.9833333333331,0.006745205309129143,858.5378064108306,1,1045.372,1115.5275191271587,975.2164808728413
2026-06-23 00:00:00+05:30,1062.8,1071.4,1041.0,1046.0,750493,1067.3333333333333,1069.6,1065.0666666666666,0.004247345409119272,858.5378064108306,1,1047.736,1113.709252276973,981.7627477230271
2026-06-24 00:00:00+05:30,1049.2,1067.7,1041.4,1053.4,1012924,1052.8,1056.2,1049.3999999999999,0.006458966565349717,858.5378064108306,1,1050.5479999999998,1111.02546343888,990.0705365611195
2026-06-25 00:00:00+05:30,1051.0,1071.0,1043.8,1050.6,900685,1054.1666666666667,1054.5500000000002,1053.7833333333333,0.0007272727272729286,858.5378064108306,1,1052.876,1108.507423638094,997.244576361906
2026-06-29 00:00:00+05:30,1050.6,1067.7,1018.5,1029.3,824375,1055.1333333333334,1057.4,1052.8666666666668,0.004296455424274944,858.5378064108306,1,1053.444,1107.7963049741322,999.0916950258677
2026-06-30 00:00:00+05:30,1035.0,1055.6,1032.0,1051.0,1097545,1038.5,1043.1,1033.9,0.008858931150697948,858.5378064108306,1,1056.1480000000001,1102.4178215254942,1009.8781784745061
2026-07-01 00:00:00+05:30,1051.0,1063.5,1040.0,1051.6,528331,1046.2,1043.8,1048.6000000000001,0.004588032880902487,858.5378064108306,1,1058.812,1094.9491308213733,1022.6748691786264
2026-07-02 00:00:00+05:30,1053.2,1062.2,1045.5,1050.1,843752,1051.7,1051.75,1051.65,9.508414947219649e-05,858.5378064108306,1,1060.144,1092.2148256208202,1028.0731743791798
2026-07-03 00:00:00+05:30,1056.0,1061.1,1028.5,1045.0,865622,1052.6,1053.85,1051.35,0.002375071252137564,858.5378064108306,1,1060.104,1092.2477013425812,1027.960298657419
2026-07-06 00:00:00+05:30,1047.0,1049.8,1017.0,1022.9,1188747,1044.8666666666666,1044.8,1044.9333333333332,0.00012760798825994904,858.5378064108306,1,1058.58,1093.868253002962,1023.2917469970379
2026-07-07 00:00:00+05:30,1022.0,1044.0,1012.9,1024.5,1500957,1029.9,1033.4,1026.4,0.006796776386056898,858.5378064108306,1,1057.452,1095.1411335002686,1019.7628664997313
2026-07-08 00:00:00+05:30,1025.5,1064.9,1021.6,1043.9,2197053,1027.1333333333334,1028.45,1025.8166666666668,0.0025637697150644625,858.5378064108306,1,1056.232,1093.6210987321315,1018.8429012678685
2026-07-09 00:00:00+05:30,1055.0,1095.5,1048.0,1089.2,1970046,1043.4666666666667,1043.25,1043.6833333333334,0.00041528239202663614,858.5378064108306,1,1056.24,1093.6572152892365,1018.8227847107635
2026-07-10 00:00:00+05:30,1099.0,1134.0,1085.8,1117.2,2453790,1077.5666666666666,1071.75,1083.3833333333332,0.010795929099514226,872.8729871807553,1,1057.816,1101.5231959292869,1014.1088040707132
2026-07-13 00:00:00+05:30,1114.9,1119.8,1098.1,1109.5,1108267,1112.3333333333333,1109.9,1114.7666666666664,0.004375187293976326,875.3280676935249,1,1058.9920000000002,1106.454959705449,1011.5290402945514
2026-07-14 00:00:00+05:30,1105.0,1110.0,1088.0,1100.9,1330092,1109.1333333333332,1108.9499999999998,1109.3166666666666,0.00033058844743654624,875.3280676935249,1,1059.4080000000001,1108.133809834225,1010.6821901657751
2026-07-15 00:00:00+05:30,1105.0,1111.0,1087.5,1090.7,922550,1099.6333333333334,1099.0,1100.2666666666669,0.0011518991178879738,875.3280676935249,1,1059.636,1108.8891706187637,1010.3828293812362
2026-07-16 00:00:00+05:30,1099.0,1110.9,1094.1,1100.6,1157759,1096.3999999999999,1099.25,1093.5499999999997,0.005198832542867816,878.1564100988985,1,1061.024,1112.7963719371735,1009.2516280628262
2026-07-17 00:00:00+05:30,1105.0,1106.7,1076.6,1086.2,1096921,1101.8666666666666,1102.5,1101.2333333333331,0.0011495643756052267,878.1564100988985,1,1062.152,1114.8325351529486,1009.4714648470515
2026-07-20 00:00:00+05:30,1063.0,1096.2,1020.5,1086.4,2526545,1089.8333333333333,1091.65,1088.0166666666664,0.003333843095274813,878.1564100988985,1,1064.224,1116.4799326392806,1011.9680673607194
2026-07-21 00:00:00+05:30,1086.5,1087.0,1045.0,1045.0,909594,1067.7,1058.35,1077.0500000000002,0.017514283038306894,878.1564100988985,1,1064.208,1116.4872171326335,1011.9287828673666
2026-07-22 00:00:00+05:30,1045.0,1048.4,1007.2,1021.9,1272619,1059.0,1066.0,1052.0,0.013220018885741265,878.1564100988985,1,1062.872,1117.6412912497601,1008.10270875024
2026-07-23 00:00:00+05:30,1021.0,1045.0,1016.0,1024.7,1035098,1025.8333333333335,1027.8000000000002,1023.8666666666668,0.0038342810722990024,878.1564100988985,1,1061.628,1118.3608763945654,1004.8951236054345
2026-07-24 00:00:00+05:30,1020.0,1024.1,1007.5,1019.3,934272,1028.5666666666666,1030.5,1026.6333333333332,0.003759276663318004,878.1564100988985,1,1060.0919999999999,1119.1968132050263,1000.9871867949736
2026-07-27 00:00:00+05:30,1028.9,1042.7,1017.7,1039.9,547770,1016.9666666666666,1015.8,1018.1333333333332,0.002294404929692803,878.1564100988985,1,1058.504,1117.560216743041,999.4477832569587
2026-07-28 00:00:00+05:30,1036.0,1043.7,1011.5,1016.9,449205,1033.4333333333334,1030.2,1036.6666666666667,0.006257458955584973,878.1564100988985,1,1056.6680000000001,1117.8900801998846,995.4459198001157
2026-07-29 00:00:00+05:30,1024.0,1042.0,1016.3,1036.2,640029,1024.0333333333333,1027.6,1020.4666666666667,0.00696591907815489,878.1564100988985,1,1056.276,1117.8905250407815,994.6614749592187
2026-07-30 00:00:00+05:30,1018.0,1018.0,977.4,982.7,2265269,1031.5,1029.15,1033.85,0.004556471158506852,878.1564100988985,1,1053.4479999999999,1121.4861097915064,985.4098902084934
2026-07-31 00:00:00+05:30,992.0,1027.0,981.3,1022.2,1706896,992.7000000000002,997.7,987.7000000000003,0.010073536818776842,878.1564100988985,1,1052.312,1121.441983538267,983.1820164617327
2026-08-03 00:00:00+05:30,1027.3,1040.1,1020.7,1020.7,617990,1010.1666666666666,1004.15,1016.1833333333333,0.011912225705329123,878.1564100988985,1,1051.968,1121.636098179878,982.2999018201222
2026-08-04 00:00:00+05:30,1023.2,1054.0,1023.2,1036.3,1063672,1027.1666666666667,1030.4,1023.9333333333334,0.0062956352425766965,878.1564100988985,1,1051.38,1121.3184643812053,981.4415356187949
2026-08-05 00:00:00+05:30,1041.9,1045.9,1031.0,1044.0,454099,1037.8333333333333,1038.6,1037.0666666666666,0.001477436968042367,878.1564100988985,1,1051.076,1121.0740406583006,981.0779593416994
2026-08-06 00:00:00+05:30,1044.0,1045.2,1030.0,1041.7,589524,1040.3,1038.45,1042.1499999999999,0.0035566663462461004,878.1564100988985,1,1050.74,1120.8341309954058,980.6458690045941
2026-08-07 00:00:00+05:30,1050.9,1063.0,1022.0,1047.2,2579738,1038.9666666666665,1037.6,1040.333333333333,0.0026308190830630963,878.1564100988985,1,1050.828,1120.898604849688,980.757395150312
2026-08-10 00:00:00+05:30,1052.0,1058.3,1038.9,1044.1,1171794,1044.0666666666666,1042.5,1045.6333333333332,0.0030010854990101645,878.1564100988985,1,1051.6760000000002,1120.8819252954625,982.4700747045379
2026-08-11 00:00:00+05:30,1044.1,1053.2,1033.2,1050.0,470027,1047.1,1048.6,1045.6,0.002865055868589438,878.1564100988985,1,1052.6960000000001,1121.0157067909481,984.3762932090522
2026-08-12 00:00:00+05:30,1049.0,1056.0,1021.4,1026.1,595125,1045.4666666666667,1043.2,1047.7333333333333,0.0043361816094885566,878.1564100988985,1,1051.984,1121.0227642994942,982.9452357005058
2026-08-13 00:00:00+05:30,1033.8,1039.0,1028.9,1035.8,294930,1034.5,1038.7,1030.3,0.008119864668922273,878.1564100988985,1,1049.848,1117.4379665926913,982.2580334073086
2026-08-14 00:00:00+05:30,1036.0,1038.8,1015.0,1017.3,535800,1034.5666666666666,1033.95,1035.1833333333332,0.00119212552759589,878.1564100988985,1,1045.8519999999999,1108.6868978196123,983.0171021803873
2026-08-17 00:00:00+05:30,1021.0,1027.8,1013.0,1015.5,430713,1023.7000000000002,1026.9,1020.5000000000002,0.006251831591286375,878.1564100988985,1,1042.0919999999999,1100.3234532190393,983.8605467809605
2026-08-18 00:00:00+05:30,1020.0,1029.9,1010.6,1014.7,538817,1018.7666666666668,1020.4,1017.1333333333336,0.003206491509341122,878.1564100988985,1,1038.644,1092.5889520900816,984.6990479099184
2026-08-19 00:00:00+05:30,1019.5,1023.3,1002.0,1002.0,421715,1018.4,1020.25,1016.55,0.0036331500392773426,878.1564100988985,1,1035.096,1086.4864420685524,983.7055579314476
2026-08-20 00:00:00+05:30,1012.9,1049.6,1007.5,1040.0,1306864,1009.1,1012.65,1005.5500000000001,0.007035972648894964,878.1564100988985,1,1032.672,1076.6583440626891,988.6856559373109
2026-08-21 00:00:00+05:30,1050.0,1072.4,1045.7,1053.0,2710310,1032.3666666666666,1028.55,1036.1833333333332,0.007394013754802763,878.1564100988985,1,1031.344,1070.5284491603657,992.1595508396344
