entry_dt,exit_dt,direction,entry_px,exit_px,shares,reason,pnl_pct,pnl_abs
2015-09-07 15:15:00,2015-09-08 15:15:00,Long,1267.86,1270.15,78,EOD,0.02,20.33
2015-09-09 09:30:00,2015-09-09 15:15:00,Short,1284.14,1275.5,77,EOD,0.513,512.64
2015-09-10 14:00:00,2015-09-10 15:15:00,Long,1271.87,1275.5,78,EOD,0.126,125.75
2015-09-11 15:15:00,2015-09-14 15:15:00,Long,1272.84,1274.5,78,EOD,-0.029,-29.28
2015-09-15 12:15:00,2015-09-15 15:15:00,Long,1272.47,1268.63,78,EOD,-0.461,-461.46
2015-09-16 09:30:00,2015-09-16 15:15:00,Short,1279.46,1274.0,78,EOD,0.267,266.74
2015-09-22 13:45:00,2015-09-22 14:00:00,Long,1276.52,1266.31,78,SL,-0.96,-960.0
2015-09-22 14:00:00,2015-09-22 14:15:00,Long,1267.38,1257.24,78,SL,-0.96,-960.0
2015-09-22 14:15:00,2015-09-22 15:15:00,Long,1259.36,1261.28,79,EOD,-0.007,-7.49
2015-09-23 14:00:00,2015-09-23 15:15:00,Short,1272.14,1267.33,78,EOD,0.218,218.39
2015-10-15 10:00:00,2015-10-15 15:15:00,Short,1248.88,1234.75,80,EOD,0.971,971.04
2015-10-16 10:15:00,2015-10-16 15:15:00,Short,1243.38,1236.0,80,EOD,0.433,433.38
2015-10-19 15:00:00,2015-10-19 15:15:00,Short,1239.96,1246.98,80,EOD,-0.726,-726.17
2015-10-20 14:30:00,2015-10-20 15:15:00,Long,1258.16,1261.6,79,EOD,0.114,113.51
2015-10-29 09:15:00,2015-10-29 14:45:00,Short,1266.15,1245.89,78,TP,1.44,1440.0
2015-11-06 09:30:00,2015-11-06 15:15:00,Short,1254.4,1252.6,79,EOD,-0.016,-16.31
2015-11-09 09:30:00,2015-11-09 11:45:00,Long,1245.62,1235.66,80,SL,-0.96,-960.0
2015-11-16 14:15:00,2015-11-16 15:15:00,Short,1188.21,1187.28,84,EOD,-0.082,-82.1
2015-11-17 09:30:00,2015-11-17 15:15:00,Short,1191.73,1195.0,83,EOD,-0.434,-434.07
2015-11-18 10:30:00,2015-11-18 13:15:00,Long,1185.64,1176.16,84,SL,-0.96,-960.0
2015-11-23 14:00:00,2015-11-23 15:15:00,Long,1197.1,1194.65,83,EOD,-0.365,-364.52
2015-12-07 09:30:00,2015-12-07 15:15:00,Long,1166.61,1160.3,85,EOD,-0.701,-701.14
2015-12-09 10:15:00,2015-12-09 12:15:00,Short,1172.44,1181.82,85,SL,-0.96,-960.0
2015-12-10 14:00:00,2015-12-10 15:15:00,Short,1187.79,1189.75,84,EOD,-0.325,-325.37
2015-12-10 15:15:00,2015-12-11 15:15:00,Short,1191.25,1191.5,83,EOD,-0.181,-180.64
2015-12-14 09:30:00,2015-12-14 15:15:00,Long,1182.09,1185.65,84,EOD,0.141,141.1
2015-12-14 15:15:00,2015-12-15 15:15:00,Short,1189.06,1189.75,84,EOD,-0.218,-218.44
2015-12-16 09:30:00,2015-12-16 12:15:00,Short,1196.28,1205.85,83,SL,-0.96,-960.0
2015-12-21 11:15:00,2015-12-21 15:15:00,Short,1215.69,1220.83,82,EOD,-0.583,-582.65
2015-12-22 09:30:00,2015-12-22 15:00:00,Long,1210.94,1201.25,82,SL,-0.96,-960.0
2015-12-23 09:30:00,2015-12-23 15:15:00,Short,1210.22,1209.4,82,EOD,-0.092,-91.87
2015-12-28 09:30:00,2015-12-28 15:15:00,Short,1222.52,1232.3,81,SL,-0.96,-960.0
2015-12-28 15:15:00,2015-12-29 15:15:00,Short,1231.38,1224.68,81,EOD,0.384,384.43
2016-01-04 09:30:00,2016-01-04 11:00:00,Long,1203.1,1193.48,83,SL,-0.96,-960.0
2016-01-07 09:30:00,2016-01-07 15:15:00,Long,1183.57,1189.5,84,EOD,0.341,340.9
2016-01-08 09:15:00,2016-01-08 10:45:00,Short,1189.93,1199.45,84,SL,-0.96,-960.0
2016-01-08 11:15:00,2016-01-08 15:15:00,Short,1197.4,1200.4,83,EOD,-0.41,-410.46
2016-01-11 09:30:00,2016-01-11 15:15:00,Long,1183.34,1181.4,84,EOD,-0.324,-324.06
2016-01-18 09:30:00,2016-01-18 10:00:00,Short,1134.46,1143.54,88,SL,-0.96,-960.0
2016-01-19 13:45:00,2016-01-19 15:15:00,Short,1141.33,1144.0,87,EOD,-0.394,-394.02
2016-01-20 09:30:00,2016-01-20 15:15:00,Long,1130.46,1140.0,88,EOD,0.683,683.46
2016-01-21 10:45:00,2016-01-21 15:15:00,Long,1128.56,1129.0,88,EOD,-0.121,-121.37
2016-01-22 09:30:00,2016-01-22 11:15:00,Short,1135.46,1144.55,88,SL,-0.96,-960.0
2016-01-28 09:30:00,2016-01-28 10:30:00,Short,1162.52,1171.82,86,SL,-0.96,-960.0
2016-02-08 15:15:00,2016-02-09 09:15:00,Long,1184.34,1174.87,84,SL,-0.96,-960.0
2016-02-10 10:00:00,2016-02-10 15:15:00,Short,1144.31,1141.5,87,EOD,0.085,85.35
2016-02-15 09:45:00,2016-02-15 11:00:00,Short,1135.18,1144.26,88,SL,-0.96,-960.0
2016-02-16 13:30:00,2016-02-16 15:15:00,Short,1138.71,1131.25,87,EOD,0.495,495.16
2016-02-22 14:30:00,2016-02-22 14:45:00,Long,1165.08,1155.76,85,SL,-0.96,-960.0
2016-02-26 10:00:00,2016-02-26 11:45:00,Short,1118.42,1100.53,89,TP,1.44,1440.0
2016-03-09 14:15:00,2016-03-09 15:15:00,Short,1175.59,1180.0,85,EOD,-0.535,-534.97
2016-03-10 14:15:00,2016-03-10 15:15:00,Short,1167.92,1174.0,85,EOD,-0.681,-680.95
2016-03-14 09:30:00,2016-03-14 14:15:00,Short,1194.9,1175.78,83,TP,1.44,1440.0
2016-03-16 09:30:00,2016-03-16 15:15:00,Long,1159.48,1161.78,86,EOD,0.038,38.41
2016-03-17 09:30:00,2016-03-17 10:00:00,Short,1167.77,1177.11,85,SL,-0.96,-960.0
2016-03-17 10:00:00,2016-03-17 15:00:00,Short,1171.24,1180.61,85,SL,-0.96,-960.0
2016-03-22 09:15:00,2016-03-22 15:00:00,Short,1221.79,1231.56,81,SL,-0.96,-960.0
2016-03-28 10:00:00,2016-03-28 15:15:00,Short,1246.93,1238.0,80,EOD,0.556,555.86
2016-03-29 11:15:00,2016-03-29 15:15:00,Long,1228.84,1231.2,81,EOD,0.032,31.72
2016-03-30 11:15:00,2016-03-30 14:45:00,Short,1242.38,1252.32,80,SL,-0.96,-960.0
2016-04-01 09:15:00,2016-04-01 11:15:00,Short,1251.37,1231.35,79,TP,1.44,1440.0
2016-04-07 09:45:00,2016-04-07 15:15:00,Long,1235.62,1233.13,80,EOD,-0.361,-361.32
2016-04-13 09:30:00,2016-04-13 15:15:00,Short,1267.02,1264.0,78,EOD,0.078,78.05
2016-04-22 15:00:00,2016-04-22 15:15:00,Long,1207.9,1211.7,82,EOD,0.154,154.29
2016-04-26 09:15:00,2016-04-26 11:45:00,Short,1223.39,1233.18,81,SL,-0.96,-960.0
2016-05-02 10:00:00,2016-05-02 15:15:00,Long,1256.86,1262.55,79,EOD,0.293,292.87
2016-05-03 11:45:00,2016-05-03 12:45:00,Long,1254.18,1244.14,79,SL,-0.96,-960.0
2016-05-04 13:15:00,2016-05-04 15:15:00,Short,1243.88,1239.0,80,EOD,0.232,232.14
2016-05-05 14:15:00,2016-05-05 15:15:00,Short,1238.36,1234.65,80,EOD,0.14,139.63
2016-05-16 10:00:00,2016-05-16 14:30:00,Short,1270.51,1280.68,78,SL,-0.96,-960.0
2016-05-18 09:30:00,2016-05-18 10:45:00,Long,1280.17,1269.93,78,SL,-0.96,-960.0
2016-05-18 11:00:00,2016-05-18 15:15:00,Long,1268.73,1276.5,78,EOD,0.452,452.1
2016-05-19 09:15:00,2016-05-19 15:15:00,Short,1278.64,1277.5,78,EOD,-0.071,-70.81
2016-05-20 15:15:00,2016-05-23 12:30:00,Long,1265.63,1255.51,79,SL,-0.96,-960.0
2016-05-23 15:00:00,2016-05-23 15:15:00,Long,1251.56,1241.54,79,SL,-0.96,-960.0
2016-05-23 15:15:00,2016-05-24 09:15:00,Long,1247.75,1237.77,80,SL,-0.96,-960.0
2016-05-31 11:15:00,2016-05-31 14:15:00,Long,1299.38,1288.98,76,SL,-0.96,-960.0
2016-06-01 09:45:00,2016-06-01 10:30:00,Short,1303.2,1313.62,76,SL,-0.96,-960.0
2016-06-01 10:45:00,2016-06-01 15:15:00,Short,1313.37,1316.95,76,EOD,-0.432,-432.35
2016-06-02 11:00:00,2016-06-02 15:15:00,Long,1313.54,1327.0,76,EOD,0.865,864.99
2016-06-06 09:30:00,2016-06-06 15:15:00,Long,1308.68,1305.0,76,EOD,-0.442,-441.51
2016-06-16 10:00:00,2016-06-16 15:15:00,Long,1264.63,1278.55,79,EOD,0.941,940.56
2016-06-24 09:30:00,2016-06-24 09:45:00,Long,1291.35,1281.01,77,SL,-0.96,-960.0
2016-06-24 09:45:00,2016-06-24 10:00:00,Long,1283.39,1273.12,77,SL,-0.96,-960.0
2016-06-24 10:00:00,2016-06-24 10:15:00,Long,1280.64,1270.39,78,SL,-0.96,-960.0
2016-06-24 10:15:00,2016-06-24 10:30:00,Long,1273.04,1262.85,78,SL,-0.96,-960.0
2016-06-28 11:30:00,2016-06-28 15:15:00,Long,1241.87,1231.94,80,SL,-0.96,-960.0
2016-06-29 12:15:00,2016-06-29 15:15:00,Short,1241.96,1251.89,80,SL,-0.96,-960.0
2016-06-30 14:30:00,2016-06-30 15:00:00,Short,1265.37,1275.49,79,SL,-0.96,-960.0
2016-07-12 09:45:00,2016-07-12 15:15:00,Long,1220.61,1231.75,81,EOD,0.753,752.66
2016-07-15 10:15:00,2016-07-15 10:30:00,Long,1240.6,1230.68,80,SL,-0.96,-960.0
2016-07-15 10:30:00,2016-07-15 10:45:00,Long,1237.85,1227.95,80,SL,-0.96,-960.0
2016-07-15 10:45:00,2016-07-15 11:15:00,Long,1233.12,1223.25,81,SL,-0.96,-960.0
2016-07-15 11:15:00,2016-07-15 11:30:00,Long,1229.96,1220.12,81,SL,-0.96,-960.0
2016-07-15 11:30:00,2016-07-15 15:15:00,Long,1223.91,1223.0,81,EOD,-0.234,-234.49
2016-07-27 09:30:00,2016-07-27 15:15:00,Short,1286.04,1289.0,77,EOD,-0.39,-390.42
2016-08-03 09:30:00,2016-08-03 15:15:00,Long,1332.82,1325.13,75,EOD,-0.737,-736.68
2016-08-05 13:15:00,2016-08-05 15:15:00,Long,1322.61,1321.73,75,EOD,-0.227,-226.61
2016-08-09 09:30:00,2016-08-09 15:15:00,Long,1317.64,1327.23,75,EOD,0.568,567.93
2016-08-18 14:15:00,2016-08-18 15:15:00,Long,1323.96,1315.5,75,EOD,-0.799,-799.12
2016-08-23 10:00:00,2016-08-23 15:15:00,Short,1295.2,1300.2,77,EOD,-0.546,-545.88
2016-08-26 10:15:00,2016-08-26 13:30:00,Short,1285.24,1264.67,77,TP,1.44,1440.0
2016-08-29 14:30:00,2016-08-29 15:15:00,Short,1246.38,1255.0,80,EOD,-0.852,-851.89
2016-09-02 10:15:00,2016-09-02 15:15:00,Long,1251.23,1255.5,79,EOD,0.182,181.64
2016-09-06 10:15:00,2016-09-06 15:15:00,Long,1248.62,1242.35,80,EOD,-0.662,-662.47
2016-09-08 09:30:00,2016-09-08 10:45:00,Long,1162.21,1152.91,86,SL,-0.96,-960.0
2016-09-16 14:45:00,2016-09-16 15:00:00,Short,1165.92,1175.24,85,SL,-0.96,-960.0
2016-09-27 09:30:00,2016-09-27 10:00:00,Short,1209.89,1219.57,82,SL,-0.96,-960.0
2016-09-27 10:00:00,2016-09-27 15:15:00,Short,1214.84,1218.5,82,EOD,-0.461,-461.09
2016-10-03 14:30:00,2016-10-03 15:15:00,Short,1213.19,1203.75,82,EOD,0.618,618.37
2016-10-17 14:15:00,2016-10-17 15:15:00,Short,1182.94,1187.0,84,EOD,-0.503,-503.36
2016-10-18 09:15:00,2016-10-18 15:00:00,Short,1187.66,1197.16,84,SL,-0.96,-960.0
2016-10-19 14:15:00,2016-10-19 15:15:00,Short,1197.63,1195.0,83,EOD,0.06,59.67
2016-10-20 13:45:00,2016-10-20 15:15:00,Short,1201.78,1201.5,83,EOD,-0.137,-136.8
2016-10-25 09:45:00,2016-10-25 15:15:00,Long,1202.23,1200.0,83,EOD,-0.346,-345.56
2016-10-26 15:15:00,2016-10-27 15:00:00,Short,1199.05,1208.64,83,SL,-0.96,-960.0
2016-10-30 19:00:00,2016-11-01 10:00:00,Long,1195.93,1186.36,83,SL,-0.96,-960.0
2016-11-02 15:15:00,2016-11-03 09:15:00,Long,1155.08,1145.84,86,SL,-0.96,-960.0
2016-11-03 09:15:00,2016-11-03 14:45:00,Long,1147.6,1165.97,87,TP,1.44,1440.0
2016-11-09 10:15:00,2016-11-09 10:30:00,Long,1109.13,1100.26,90,SL,-0.96,-960.0
2016-11-10 14:15:00,2016-11-10 15:00:00,Long,1097.03,1088.25,91,SL,-0.96,-960.0
2016-11-11 15:15:00,2016-11-15 09:15:00,Long,1049.62,1041.23,95,SL,-0.96,-960.0
2016-11-15 09:30:00,2016-11-15 11:30:00,Long,1043.15,1059.84,95,TP,1.44,1440.0
2016-11-16 09:30:00,2016-11-16 09:45:00,Short,1081.96,1090.61,92,SL,-0.96,-960.0
2016-11-16 09:45:00,2016-11-16 10:00:00,Short,1092.43,1101.17,91,SL,-0.96,-960.0
2016-11-16 10:00:00,2016-11-16 10:15:00,Short,1093.63,1102.38,91,SL,-0.96,-960.0
2016-11-21 14:00:00,2016-11-21 15:15:00,Long,1061.18,1065.0,94,EOD,0.2,199.95
2016-11-23 15:15:00,2016-11-24 10:45:00,Short,1077.84,1086.46,92,SL,-0.96,-960.0
2016-11-28 09:45:00,2016-11-28 13:00:00,Long,1128.79,1146.85,88,TP,1.44,1440.0
2016-12-08 15:15:00,2016-12-09 09:15:00,Short,1098.2,1106.99,91,SL,-0.96,-960.0
2016-12-12 09:30:00,2016-12-12 11:00:00,Long,1084.57,1101.93,92,TP,1.44,1440.0
2016-12-13 11:00:00,2016-12-13 15:15:00,Long,1097.48,1105.0,91,EOD,0.525,525.35
2016-12-14 09:15:00,2016-12-14 15:15:00,Short,1105.95,1104.4,90,EOD,-0.02,-20.14
2016-12-16 09:30:00,2016-12-16 15:15:00,Short,1141.43,1142.4,87,EOD,-0.245,-245.07
2016-12-21 09:30:00,2016-12-21 15:15:00,Long,1160.13,1155.5,86,EOD,-0.559,-559.07
2016-12-22 09:15:00,2016-12-22 10:00:00,Long,1153.61,1144.38,86,SL,-0.96,-960.0
2016-12-22 10:00:00,2016-12-22 15:15:00,Long,1146.25,1157.05,87,EOD,0.782,781.95
2016-12-23 09:45:00,2016-12-23 15:15:00,Long,1148.85,1139.66,87,SL,-0.96,-960.0
2017-01-02 10:30:00,2017-01-02 15:15:00,Short,1186.64,1180.0,84,EOD,0.399,399.26
2017-01-04 14:00:00,2017-01-04 15:15:00,Short,1188.29,1188.98,84,EOD,-0.218,-218.44
2017-01-09 09:30:00,2017-01-09 15:00:00,Long,1133.25,1151.38,88,TP,1.44,1440.0
2017-01-17 15:15:00,2017-01-18 15:00:00,Short,1138.93,1148.04,87,SL,-0.96,-960.0
2017-01-19 15:00:00,2017-01-19 15:15:00,Short,1145.86,1145.0,87,EOD,-0.085,-85.23
2017-01-31 09:15:00,2017-01-31 10:30:00,Short,1159.5,1140.95,86,TP,1.44,1440.0
2017-02-02 14:15:00,2017-02-02 14:30:00,Short,1093.83,1102.58,91,SL,-0.96,-960.0
2017-02-03 13:30:00,2017-02-03 15:15:00,Short,1114.42,1119.33,89,EOD,-0.6,-600.36
2017-02-08 09:30:00,2017-02-08 09:45:00,Short,1124.94,1133.94,88,SL,-0.96,-960.0
2017-02-15 11:45:00,2017-02-15 12:30:00,Long,1200.6,1191.0,83,SL,-0.96,-960.0
2017-02-22 10:00:00,2017-02-22 13:30:00,Long,1216.71,1206.97,82,SL,-0.96,-960.0
2017-02-23 15:15:00,2017-02-27 14:00:00,Short,1240.93,1250.86,80,SL,-0.96,-960.0
2017-02-27 14:00:00,2017-02-27 15:15:00,Short,1248.38,1246.0,80,EOD,0.03,30.29
2017-03-01 09:30:00,2017-03-01 09:45:00,Short,1236.38,1246.27,80,SL,-0.96,-960.0
2017-03-01 09:45:00,2017-03-01 15:15:00,Short,1244.38,1237.65,80,EOD,0.381,380.63
2017-03-02 10:00:00,2017-03-02 15:15:00,Short,1245.88,1251.6,80,EOD,-0.619,-619.38
2017-03-07 09:30:00,2017-03-07 15:15:00,Short,1242.61,1252.5,80,EOD,-0.956,-956.04
2017-03-14 09:15:00,2017-03-14 12:45:00,Short,1277.36,1287.58,78,SL,-0.96,-960.0
2017-03-14 14:30:00,2017-03-14 15:15:00,Long,1279.72,1284.93,78,EOD,0.247,247.16
2017-03-15 09:30:00,2017-03-15 10:00:00,Long,1270.38,1260.22,78,SL,-0.96,-960.0
2017-03-15 10:00:00,2017-03-15 11:30:00,Long,1261.93,1251.84,79,SL,-0.96,-960.0
2017-03-16 09:30:00,2017-03-16 15:15:00,Short,1259.37,1260.98,79,EOD,-0.288,-287.84
2017-03-17 10:15:00,2017-03-17 15:15:00,Short,1264.9,1266.08,79,EOD,-0.254,-253.51
2017-03-20 09:30:00,2017-03-20 10:30:00,Long,1250.62,1240.62,79,SL,-0.96,-960.0
2017-03-20 10:30:00,2017-03-20 14:15:00,Long,1245.5,1235.54,80,SL,-0.96,-960.0
2017-03-21 15:00:00,2017-03-21 15:15:00,Short,1240.86,1242.43,80,EOD,-0.287,-286.58
2017-03-22 13:45:00,2017-03-22 15:15:00,Long,1240.02,1236.15,80,EOD,-0.472,-472.07
2017-03-23 13:30:00,2017-03-23 15:15:00,Long,1228.24,1229.5,81,EOD,-0.058,-57.73
2017-04-06 15:15:00,2017-04-07 10:15:00,Short,1200.23,1209.83,83,SL,-0.96,-960.0
2017-04-07 10:15:00,2017-04-07 15:15:00,Short,1209.18,1216.0,82,EOD,-0.724,-724.43
2017-04-12 14:15:00,2017-04-12 14:45:00,Long,1201.6,1191.99,83,SL,-0.96,-960.0
2017-04-17 15:15:00,2017-04-24 11:30:00,Short,1155.42,1164.67,86,SL,-0.96,-960.0
2017-04-26 09:30:00,2017-04-26 15:15:00,Short,1161.82,1155.0,86,EOD,0.427,426.91
2017-05-10 09:30:00,2017-05-10 12:15:00,Long,1170.21,1160.85,85,SL,-0.96,-960.0
2017-05-10 12:45:00,2017-05-11 15:15:00,Long,1158.96,1177.5,86,TP,1.44,1440.0
2017-05-24 09:30:00,2017-05-24 15:00:00,Short,1267.72,1277.86,78,SL,-0.96,-960.0
2017-05-31 09:30:00,2017-05-31 15:15:00,Long,1268.43,1270.0,78,EOD,-0.037,-36.53
2017-06-07 09:30:00,2017-06-07 11:00:00,Long,1341.27,1330.54,74,SL,-0.96,-960.0
2017-06-09 12:15:00,2017-06-09 14:00:00,Long,1257.63,1247.57,79,SL,-0.96,-960.0
2017-06-09 14:15:00,2017-06-09 15:15:00,Long,1246.62,1257.5,80,EOD,0.713,712.52
2017-06-12 09:30:00,2017-06-12 15:15:00,Long,1243.52,1242.45,80,EOD,-0.246,-246.16
2017-06-13 14:30:00,2017-06-13 15:15:00,Long,1231.25,1225.0,81,EOD,-0.667,-667.24
2017-06-22 11:30:00,2017-06-22 15:15:00,Short,1207.4,1195.73,82,EOD,0.806,806.21
2017-06-27 12:45:00,2017-06-27 15:15:00,Long,1173.72,1174.0,85,EOD,-0.136,-135.85
2017-07-03 09:30:00,2017-07-03 15:15:00,Long,1177.12,1187.5,84,EOD,0.722,721.96
2017-07-04 09:30:00,2017-07-04 15:15:00,Long,1182.84,1180.4,84,EOD,-0.366,-366.38
2017-07-05 09:30:00,2017-07-05 15:15:00,Long,1178.44,1179.0,84,EOD,-0.112,-112.39
2017-07-07 10:30:00,2017-07-07 15:15:00,Long,1171.87,1166.0,85,EOD,-0.661,-660.54
2017-07-10 12:45:00,2017-07-10 13:45:00,Short,1206.4,1216.05,82,SL,-0.96,-960.0
2017-07-17 09:45:00,2017-07-17 14:45:00,Long,1204.25,1194.62,83,SL,-0.96,-960.0
2017-07-18 09:30:00,2017-07-18 15:15:00,Short,1214.39,1207.55,82,EOD,0.403,403.45
2017-07-20 14:15:00,2017-07-20 15:15:00,Short,1222.07,1218.5,81,EOD,0.132,132.02
2017-07-27 09:30:00,2017-07-27 12:45:00,Short,1282.59,1262.07,77,TP,1.44,1440.0
2017-07-28 14:15:00,2017-07-28 15:15:00,Short,1241.11,1240.0,80,EOD,-0.071,-70.63
2017-08-07 09:45:00,2017-08-07 15:15:00,Long,1245.62,1253.7,80,EOD,0.488,488.47
2017-08-09 14:00:00,2017-08-09 15:15:00,Short,1256.8,1254.18,79,EOD,0.049,48.57
2017-08-10 15:15:00,2017-08-16 09:15:00,Short,1254.07,1264.11,79,SL,-0.96,-960.0
2017-08-16 14:30:00,2017-08-16 15:15:00,Short,1241.56,1245.08,80,EOD,-0.444,-443.6
2017-08-17 11:45:00,2017-08-17 15:15:00,Long,1232.87,1242.78,81,EOD,0.644,644.13
2017-08-29 11:00:00,2017-08-29 15:15:00,Long,1237.42,1237.53,80,EOD,-0.151,-150.98
2017-08-30 10:00:00,2017-08-30 15:15:00,Long,1233.7,1242.5,81,EOD,0.554,553.58
2017-09-01 09:30:00,2017-09-01 15:15:00,Long,1228.61,1230.3,81,EOD,-0.023,-22.77
2017-09-04 14:00:00,2017-09-04 15:15:00,Long,1223.11,1228.5,81,EOD,0.281,280.58
2017-09-05 14:15:00,2017-09-05 15:00:00,Short,1232.56,1242.42,81,SL,-0.96,-960.0
2017-09-06 14:45:00,2017-09-06 15:15:00,Short,1227.39,1226.5,81,EOD,-0.088,-87.81
2017-09-07 09:45:00,2017-09-07 15:15:00,Short,1229.93,1230.0,81,EOD,-0.165,-165.31
2017-09-08 09:45:00,2017-09-08 15:15:00,Short,1233.96,1232.58,81,EOD,-0.048,-47.95
2017-09-08 15:15:00,2017-09-15 09:15:00,Short,1234.28,1244.16,81,SL,-0.96,-960.0
2017-09-15 09:30:00,2017-09-15 14:45:00,Short,1247.26,1257.23,80,SL,-0.96,-960.0
2017-09-19 15:00:00,2017-09-19 15:15:00,Short,1248.51,1249.0,80,EOD,-0.2,-199.61
2017-09-19 15:15:00,2017-09-20 15:15:00,Short,1248.46,1248.0,80,EOD,-0.124,-123.52
2017-09-22 14:15:00,2017-09-22 15:15:00,Long,1248.07,1254.98,80,EOD,0.393,393.35
2017-09-25 14:00:00,2017-09-25 15:15:00,Long,1253.13,1255.0,79,EOD,-0.01,-10.47
2017-09-26 11:15:00,2017-09-26 15:15:00,Long,1244.87,1234.91,80,SL,-0.96,-960.0
2017-09-28 09:30:00,2017-09-28 15:00:00,Short,1253.37,1233.32,79,TP,1.44,1440.0
2017-10-11 09:30:00,2017-10-11 10:00:00,Short,1231.26,1241.11,81,SL,-0.96,-960.0
2017-10-11 10:00:00,2017-10-11 10:45:00,Short,1236.18,1246.07,80,SL,-0.96,-960.0
2017-10-11 11:00:00,2017-10-11 14:15:00,Short,1245.38,1255.34,80,SL,-0.96,-960.0
2017-10-16 15:15:00,2017-10-17 09:30:00,Short,1290.35,1300.68,77,SL,-0.96,-960.0
2017-10-19 18:45:00,2017-10-23 09:15:00,Long,1290.73,1311.38,77,TP,1.44,1440.0
2017-10-24 12:45:00,2017-10-24 15:15:00,Long,1288.14,1287.5,77,EOD,-0.21,-209.98
2017-10-25 09:30:00,2017-10-25 15:00:00,Short,1302.85,1282.0,76,TP,1.44,1440.0
2017-10-30 09:15:00,2017-10-30 12:00:00,Short,1294.35,1304.71,77,SL,-0.96,-960.0
2017-11-02 09:30:00,2017-11-02 15:15:00,Short,1311.94,1311.53,76,EOD,-0.128,-128.47
2017-11-10 09:30:00,2017-11-10 15:15:00,Long,1356.18,1356.0,73,EOD,-0.173,-173.11
2017-11-15 09:30:00,2017-11-15 15:15:00,Short,1369.32,1355.0,73,EOD,0.885,885.41
2017-11-16 12:30:00,2017-11-16 15:15:00,Short,1372.31,1369.95,72,EOD,0.012,12.23
2017-11-20 14:15:00,2017-11-20 15:15:00,Long,1353.86,1348.95,73,EOD,-0.522,-522.42
2017-11-22 09:30:00,2017-11-22 15:15:00,Short,1346.73,1340.7,74,EOD,0.287,287.48
2017-11-27 10:00:00,2017-11-27 15:15:00,Long,1338.4,1341.53,74,EOD,0.074,73.95
2017-11-27 15:15:00,2017-11-28 15:15:00,Short,1344.28,1340.53,74,EOD,0.119,118.78
2017-11-29 14:00:00,2017-11-29 14:45:00,Long,1339.67,1328.95,74,SL,-0.96,-960.0
2017-11-30 14:15:00,2017-11-30 15:15:00,Short,1330.38,1317.5,75,EOD,0.808,808.48
2017-12-13 11:00:00,2017-12-13 12:45:00,Short,1313.39,1323.9,76,SL,-0.96,-960.0
2017-12-19 14:15:00,2017-12-19 15:15:00,Long,1289.02,1288.7,77,EOD,-0.185,-185.15
2017-12-20 09:30:00,2017-12-20 15:15:00,Long,1284.62,1296.0,77,EOD,0.726,725.71
2017-12-22 09:15:00,2017-12-22 11:45:00,Long,1302.65,1323.49,76,TP,1.44,1440.0
2017-12-27 09:30:00,2017-12-27 15:15:00,Long,1318.09,1307.54,75,SL,-0.96,-960.0
2017-12-28 09:30:00,2017-12-28 15:15:00,Long,1309.83,1315.5,76,EOD,0.273,272.53
2018-01-03 10:30:00,2018-01-03 15:15:00,Short,1327.77,1319.5,75,EOD,0.463,462.53
2018-01-03 15:15:00,2018-01-04 15:15:00,Long,1320.11,1325.0,75,EOD,0.21,210.44
2018-01-04 15:15:00,2018-01-05 09:30:00,Short,1326.77,1337.38,75,SL,-0.96,-960.0
2018-01-05 09:30:00,2018-01-05 10:00:00,Short,1333.41,1344.08,74,SL,-0.96,-960.0
2018-01-12 09:30:00,2018-01-12 15:15:00,Long,1383.19,1384.95,72,EOD,-0.033,-32.85
2018-01-15 09:45:00,2018-01-15 15:15:00,Short,1391.63,1369.37,71,TP,1.44,1440.0
2018-01-19 15:00:00,2018-01-19 15:15:00,Short,1470.26,1482.03,68,SL,-0.96,-960.0
2018-01-24 09:30:00,2018-01-24 09:45:00,Short,1576.74,1589.36,63,SL,-0.96,-960.0
2018-01-24 09:45:00,2018-01-24 10:00:00,Short,1574.19,1586.79,63,SL,-0.96,-960.0
2018-01-24 10:00:00,2018-01-24 10:15:00,Short,1591.95,1604.69,62,SL,-0.96,-960.0
2018-01-25 14:45:00,2018-01-25 15:15:00,Long,1548.27,1565.5,64,EOD,0.953,952.61
2018-01-30 09:45:00,2018-01-30 14:45:00,Long,1586.87,1574.18,63,SL,-0.96,-960.0
2018-02-01 09:30:00,2018-02-01 09:45:00,Short,1571.86,1584.44,63,SL,-0.96,-960.0
2018-02-01 09:45:00,2018-02-01 10:00:00,Short,1578.66,1591.29,63,SL,-0.96,-960.0
2018-02-01 10:00:00,2018-02-01 12:00:00,Short,1582.14,1556.82,63,TP,1.44,1440.0
2018-02-07 09:30:00,2018-02-07 09:45:00,Long,1499.5,1487.5,66,SL,-0.96,-960.0
2018-02-08 14:30:00,2018-02-08 15:15:00,Long,1486.74,1483.1,67,EOD,-0.405,-405.03
2018-02-09 14:30:00,2018-02-09 15:15:00,Short,1485.71,1490.0,67,EOD,-0.449,-448.97
2018-02-09 15:15:00,2018-02-12 09:15:00,Short,1486.39,1498.28,67,SL,-0.96,-960.0
2018-02-12 09:15:00,2018-02-12 09:30:00,Short,1489.28,1501.2,67,SL,-0.96,-960.0
2018-02-12 09:30:00,2018-02-12 10:15:00,Short,1498.0,1509.98,66,SL,-0.96,-960.0
2018-02-19 13:00:00,2018-02-19 15:15:00,Long,1460.83,1461.83,68,EOD,-0.092,-91.55
2018-02-21 09:30:00,2018-02-21 10:30:00,Short,1489.26,1501.17,67,SL,-0.96,-960.0
2018-02-23 09:30:00,2018-02-23 11:15:00,Short,1524.69,1500.29,65,TP,1.44,1440.0
2018-02-23 12:30:00,2018-02-23 15:15:00,Short,1530.23,1542.48,65,SL,-0.96,-960.0
2018-03-05 09:45:00,2018-03-05 13:15:00,Short,1527.77,1539.99,65,SL,-0.96,-960.0
2018-03-06 14:30:00,2018-03-06 14:45:00,Long,1541.8,1529.47,64,SL,-0.96,-960.0
2018-03-06 14:45:00,2018-03-06 15:00:00,Long,1538.2,1525.89,65,SL,-0.96,-960.0
2018-03-07 09:15:00,2018-03-07 11:30:00,Long,1530.26,1518.02,65,SL,-0.96,-960.0
2018-03-13 14:45:00,2018-03-13 15:15:00,Long,1443.67,1443.05,69,EOD,-0.203,-203.05
2018-03-14 09:30:00,2018-03-14 15:15:00,Short,1453.47,1443.93,68,EOD,0.497,496.56
2018-03-15 12:00:00,2018-03-15 15:15:00,Long,1433.62,1433.45,69,EOD,-0.172,-171.61
2018-03-20 10:00:00,2018-03-20 15:15:00,Short,1422.87,1434.25,70,SL,-0.96,-960.0
2018-03-21 14:00:00,2018-03-21 15:15:00,Long,1426.36,1428.05,70,EOD,-0.042,-41.71
2018-03-22 15:15:00,2018-03-23 09:15:00,Long,1415.61,1404.28,70,SL,-0.96,-960.0
2018-03-26 15:15:00,2018-03-27 09:15:00,Short,1410.29,1421.58,70,SL,-0.96,-960.0
2018-04-03 09:30:00,2018-04-03 15:15:00,Short,1453.85,1454.28,68,EOD,-0.189,-189.39
2018-04-04 13:15:00,2018-04-04 15:15:00,Long,1454.51,1453.45,68,EOD,-0.233,-232.66
2018-04-06 14:15:00,2018-04-06 15:15:00,Short,1473.11,1469.85,67,EOD,0.062,61.51
2018-04-11 09:15:00,2018-04-11 14:30:00,Long,1474.87,1498.46,67,TP,1.44,1440.0
2018-04-13 11:15:00,2018-04-13 12:30:00,Short,1575.99,1588.6,63,SL,-0.96,-960.0
2018-04-13 12:30:00,2018-04-13 12:45:00,Short,1579.06,1591.69,63,SL,-0.96,-960.0
2018-04-13 12:45:00,2018-04-13 13:00:00,Short,1586.51,1599.2,63,SL,-0.96,-960.0
2018-04-19 10:00:00,2018-04-19 10:15:00,Short,1585.41,1598.09,63,SL,-0.96,-960.0
2018-04-19 10:15:00,2018-04-19 10:30:00,Short,1587.49,1600.19,62,SL,-0.96,-960.0
2018-04-19 10:30:00,2018-04-19 15:15:00,Short,1597.05,1595.58,62,EOD,-0.068,-67.89
2018-05-03 10:30:00,2018-05-03 15:15:00,Long,1746.32,1740.88,57,EOD,-0.472,-471.67
2018-05-04 09:15:00,2018-05-04 15:15:00,Long,1747.3,1739.5,57,EOD,-0.607,-606.59
2018-05-08 15:15:00,2018-05-09 15:15:00,Long,1723.11,1744.25,58,EOD,1.067,1066.79
2018-05-10 11:00:00,2018-05-10 15:15:00,Long,1735.6,1723.15,57,EOD,-0.877,-877.18
2018-05-10 15:15:00,2018-05-11 15:15:00,Long,1725.86,1730.5,57,EOD,0.109,108.71
2018-05-14 15:15:00,2018-05-15 09:15:00,Short,1717.87,1731.61,58,SL,-0.96,-960.0
2018-05-17 15:15:00,2018-05-18 09:15:00,Long,1748.85,1734.86,57,SL,-0.96,-960.0
2018-05-18 09:15:00,2018-05-18 15:15:00,Long,1741.27,1747.5,57,EOD,0.198,197.77
2018-05-18 15:15:00,2018-05-21 09:15:00,Short,1752.87,1766.9,57,SL,-0.96,-960.0
2018-05-28 09:30:00,2018-05-28 11:00:00,Short,1781.64,1753.13,56,TP,1.44,1440.0
2018-05-29 09:30:00,2018-05-29 15:15:00,Short,1763.55,1759.98,56,EOD,0.042,42.31
2018-05-31 10:00:00,2018-05-31 15:15:00,Long,1741.57,1746.0,57,EOD,0.094,94.35
2018-06-01 13:15:00,2018-06-01 15:15:00,Long,1727.86,1732.15,57,EOD,0.088,88.08
2018-06-06 14:45:00,2018-06-06 15:15:00,Long,1722.61,1725.0,58,EOD,-0.021,-21.31
2018-06-08 09:15:00,2018-06-08 15:15:00,Long,1740.87,1744.45,57,EOD,0.046,45.64
2018-06-11 11:45:00,2018-06-11 15:15:00,Short,1752.02,1750.9,57,EOD,-0.096,-95.87
2018-06-14 09:30:00,2018-06-14 10:00:00,Long,1808.05,1793.59,55,SL,-0.96,-960.0
2018-06-14 10:15:00,2018-06-14 13:00:00,Long,1799.65,1785.25,55,SL,-0.96,-960.0
2018-06-15 09:30:00,2018-06-15 14:45:00,Short,1805.5,1819.94,55,SL,-0.96,-960.0
2018-06-27 14:15:00,2018-06-27 15:15:00,Long,1858.93,1857.0,53,EOD,-0.264,-263.77
2018-07-04 09:30:00,2018-07-04 15:15:00,Long,1866.43,1866.95,53,EOD,-0.132,-132.29
2018-07-05 09:15:00,2018-07-05 14:45:00,Short,1869.11,1884.07,53,SL,-0.96,-960.0
2018-07-10 13:15:00,2018-07-10 15:15:00,Long,1874.44,1875.55,53,EOD,-0.101,-100.61
2018-07-24 09:15:00,2018-07-24 10:15:00,Long,2016.01,1999.88,49,SL,-0.96,-960.0
2018-07-24 10:15:00,2018-07-24 12:15:00,Long,2001.8,1985.79,49,SL,-0.96,-960.0
2018-07-25 09:30:00,2018-07-25 15:15:00,Long,1982.54,1977.5,50,EOD,-0.414,-414.26
2018-07-31 10:00:00,2018-07-31 15:15:00,Long,1935.37,1944.1,51,EOD,0.291,291.22
2018-07-31 15:15:00,2018-08-01 09:15:00,Short,1939.73,1955.25,51,SL,-0.96,-960.0
2018-08-01 09:15:00,2018-08-01 09:30:00,Short,1948.98,1964.57,51,SL,-0.96,-960.0
2018-08-02 09:30:00,2018-08-02 15:15:00,Short,1978.96,1947.3,50,TP,1.44,1440.0
2018-08-03 09:30:00,2018-08-03 15:15:00,Short,1969.91,1978.0,50,EOD,-0.57,-570.45
2018-08-06 09:30:00,2018-08-06 15:15:00,Short,1987.01,1976.45,50,EOD,0.371,371.25
2018-08-07 10:00:00,2018-08-07 15:15:00,Long,1967.88,1969.0,50,EOD,-0.103,-103.26
2018-08-10 10:45:00,2018-08-10 13:45:00,Short,1978.01,1993.83,50,SL,-0.96,-960.0
2018-08-16 15:15:00,2018-08-17 15:15:00,Long,2006.65,2010.0,49,EOD,0.007,6.8
2018-08-20 12:30:00,2018-08-20 15:15:00,Short,2017.94,2014.15,49,EOD,0.028,27.84
2018-08-29 09:30:00,2018-08-29 15:15:00,Long,2058.63,2073.25,48,EOD,0.55,550.24
2018-09-04 10:00:00,2018-09-04 13:15:00,Short,2083.71,2100.38,47,SL,-0.96,-960.0
2018-09-10 10:15:00,2018-09-10 15:15:00,Long,2089.04,2084.0,47,EOD,-0.401,-401.45
2018-09-14 09:45:00,2018-09-14 15:00:00,Long,2033.02,2065.54,49,TP,1.44,1440.0
2018-09-17 14:30:00,2018-09-17 15:15:00,Short,2073.76,2072.45,48,EOD,-0.097,-96.7
2018-09-19 14:45:00,2018-09-19 15:15:00,Long,2078.64,2076.7,48,EOD,-0.253,-253.27
2018-09-21 09:15:00,2018-09-21 13:45:00,Long,2076.04,2059.43,48,SL,-0.96,-960.0
2018-09-21 13:45:00,2018-09-21 15:00:00,Long,2065.13,2098.17,48,TP,1.44,1440.0
2018-09-25 12:00:00,2018-09-25 13:00:00,Long,2158.53,2193.07,46,TP,1.44,1440.0
2018-09-26 11:30:00,2018-09-26 13:00:00,Long,2175.89,2158.48,45,SL,-0.96,-960.0
2018-09-28 09:15:00,2018-09-28 15:15:00,Short,2177.11,2186.0,45,EOD,-0.568,-568.3
2018-10-05 09:30:00,2018-10-05 10:15:00,Long,2082.54,2065.88,48,SL,-0.96,-960.0
2018-10-05 10:15:00,2018-10-05 14:45:00,Long,2076.64,2109.86,48,TP,1.44,1440.0
2018-10-09 09:30:00,2018-10-09 09:45:00,Short,2095.9,2062.37,47,TP,1.44,1440.0
2018-10-10 11:45:00,2018-10-10 12:00:00,Long,2063.13,2046.63,48,SL,-0.96,-960.0
2018-10-10 12:15:00,2018-10-10 15:15:00,Long,2049.57,2044.0,48,EOD,-0.432,-431.97
2018-10-11 09:30:00,2018-10-11 09:45:00,Long,1997.45,1981.47,50,SL,-0.96,-960.0
2018-10-11 09:45:00,2018-10-11 13:45:00,Long,1987.69,1971.79,50,SL,-0.96,-960.0
2018-10-11 14:30:00,2018-10-11 15:15:00,Long,1964.03,1995.0,50,EOD,1.417,1416.78
2018-10-12 09:30:00,2018-10-12 09:45:00,Long,1944.97,1929.41,51,SL,-0.96,-960.0
2018-10-30 14:45:00,2018-10-30 15:15:00,Long,1887.44,1894.8,52,EOD,0.23,229.77
2018-11-02 13:45:00,2018-11-02 15:15:00,Long,1920.36,1912.4,52,EOD,-0.574,-574.49
2018-11-06 09:30:00,2018-11-06 11:15:00,Short,1921.04,1936.41,52,SL,-0.96,-960.0
2018-11-06 14:15:00,2018-11-06 15:15:00,Long,1918.31,1930.55,52,EOD,0.478,478.13
2018-11-07 17:45:00,2018-11-09 09:15:00,Short,1940.48,1956.0,51,SL,-0.96,-960.0
2018-11-12 15:00:00,2018-11-12 15:15:00,Long,1917.51,1916.9,52,EOD,-0.192,-191.72
2018-11-12 15:15:00,2018-11-13 15:15:00,Long,1916.41,1936.2,52,EOD,0.873,872.78
2018-11-14 09:30:00,2018-11-14 09:45:00,Long,1912.21,1896.91,52,SL,-0.96,-960.0
2018-11-15 10:00:00,2018-11-15 15:15:00,Long,1871.94,1877.0,53,EOD,0.111,110.55
2018-11-16 15:15:00,2018-11-19 15:00:00,Short,1885.81,1900.89,53,SL,-0.96,-960.0
2018-11-22 14:15:00,2018-11-22 15:15:00,Long,1820.41,1816.2,54,EOD,-0.391,-391.25
2018-11-26 14:15:00,2018-11-26 14:30:00,Short,1833.03,1847.7,54,SL,-0.96,-960.0
2018-11-26 14:30:00,2018-11-26 15:15:00,Short,1846.63,1846.0,54,EOD,-0.126,-126.09
2018-11-29 13:15:00,2018-11-29 15:15:00,Long,1957.73,1969.0,51,EOD,0.416,415.75
2018-11-30 09:45:00,2018-11-30 15:15:00,Short,1983.51,1974.8,50,EOD,0.279,279.01
2018-12-05 09:30:00,2018-12-05 15:15:00,Long,1990.34,2003.9,50,EOD,0.521,521.05
2018-12-06 15:00:00,2018-12-06 15:15:00,Long,1985.79,1990.0,50,EOD,0.052,51.89
2018-12-07 14:15:00,2018-12-07 15:15:00,Short,1999.15,1999.85,50,EOD,-0.195,-195.02
2018-12-13 09:30:00,2018-12-13 10:45:00,Short,2019.54,1987.23,49,TP,1.44,1440.0
2018-12-14 09:15:00,2018-12-14 15:15:00,Long,1983.99,1989.0,50,EOD,0.092,92.45
2018-12-17 13:30:00,2018-12-17 15:15:00,Short,1995.85,1992.9,50,EOD,-0.012,-12.11
2018-12-19 09:30:00,2018-12-19 15:15:00,Long,1973.09,1970.8,50,EOD,-0.276,-275.86
2018-12-20 10:00:00,2018-12-20 15:15:00,Long,1961.03,1955.0,50,EOD,-0.467,-467.49
2018-12-21 09:30:00,2018-12-21 09:45:00,Long,1948.97,1933.38,51,SL,-0.96,-960.0
2018-12-21 09:45:00,2018-12-21 14:00:00,Long,1937.12,1921.62,51,SL,-0.96,-960.0
2018-12-27 15:15:00,2018-12-28 15:15:00,Long,1904.45,1897.0,52,EOD,-0.551,-551.28
2019-01-21 15:15:00,2019-01-22 09:15:00,Long,1907.3,1892.04,52,SL,-0.96,-960.0
2019-01-22 09:15:00,2019-01-22 14:45:00,Long,1908.05,1892.79,52,SL,-0.96,-960.0
2019-01-25 14:30:00,2019-01-25 15:15:00,Long,1912.41,1919.7,52,EOD,0.221,221.42
2019-01-29 14:30:00,2019-01-29 15:00:00,Short,1963.42,1979.13,50,SL,-0.96,-960.0
2019-02-07 14:15:00,2019-02-07 15:15:00,Short,2090.7,2077.75,47,EOD,0.46,459.61
2019-02-08 15:15:00,2019-02-11 12:15:00,Long,2062.68,2095.68,48,TP,1.44,1440.0
2019-02-13 09:45:00,2019-02-13 15:15:00,Short,2067.32,2057.0,48,EOD,0.339,339.0
2019-02-14 14:45:00,2019-02-14 15:15:00,Long,2039.97,2049.0,49,EOD,0.283,282.68
2019-02-15 10:00:00,2019-02-15 12:00:00,Long,2035.52,2019.23,49,SL,-0.96,-960.0
2019-02-15 12:00:00,2019-02-15 15:15:00,Long,2021.01,2034.6,49,EOD,0.512,512.44
2019-02-21 15:00:00,2019-02-21 15:15:00,Long,1916.91,1911.95,52,EOD,-0.419,-418.64
2019-02-21 15:15:00,2019-02-22 15:15:00,Long,1913.91,1929.0,52,EOD,0.629,628.62
2019-03-05 09:45:00,2019-03-05 15:15:00,Long,1988.24,1985.05,50,EOD,-0.321,-320.63
2019-03-11 15:00:00,2019-03-11 15:15:00,Short,2017.44,2016.15,49,EOD,-0.096,-96.02
2019-03-12 13:45:00,2019-03-12 15:15:00,Long,2013.26,2009.1,49,EOD,-0.366,-366.44
2019-03-13 09:15:00,2019-03-13 12:15:00,Long,2014.01,1997.89,49,SL,-0.96,-960.0
2019-03-13 12:45:00,2019-03-13 15:15:00,Long,1991.1,1995.0,50,EOD,0.036,36.12
2019-03-26 14:30:00,2019-03-26 14:45:00,Short,1970.91,1986.68,50,SL,-0.96,-960.0
2019-03-27 09:30:00,2019-03-27 15:15:00,Short,1986.81,1964.85,50,EOD,0.945,945.1
2019-04-04 10:00:00,2019-04-04 12:30:00,Long,2068.53,2051.99,48,SL,-0.96,-960.0
2019-04-05 14:45:00,2019-04-05 15:15:00,Short,2041.18,2051.0,48,EOD,-0.641,-641.15
2019-04-08 14:45:00,2019-04-08 15:15:00,Short,2062.52,2073.6,48,EOD,-0.697,-697.29
2019-04-11 10:00:00,2019-04-11 12:15:00,Long,2037.72,2021.42,49,SL,-0.96,-960.0
2019-04-11 12:15:00,2019-04-11 15:15:00,Long,2025.61,2025.0,49,EOD,-0.19,-190.23
2019-04-15 09:45:00,2019-04-15 10:30:00,Short,2052.97,2069.4,48,SL,-0.96,-960.0
2019-04-16 15:00:00,2019-04-16 15:15:00,Long,2130.91,2137.0,46,EOD,0.126,125.56
2019-04-16 15:15:00,2019-04-18 09:15:00,Long,2131.97,2114.91,46,SL,-0.96,-960.0
2019-04-18 09:30:00,2019-04-18 15:15:00,Long,2125.81,2149.3,47,EOD,0.945,944.88
2019-04-30 09:15:00,2019-04-30 15:15:00,Long,2239.67,2256.25,44,EOD,0.58,580.32
2019-05-03 14:45:00,2019-05-03 15:00:00,Long,2143.07,2125.93,46,SL,-0.96,-960.0
2019-05-06 09:30:00,2019-05-06 11:30:00,Long,2127.21,2161.25,47,TP,1.44,1440.0
2019-05-21 13:30:00,2019-05-21 15:15:00,Long,2116.56,2106.5,47,EOD,-0.635,-635.19
2019-05-28 09:30:00,2019-05-28 15:15:00,Long,2066.58,2068.0,48,EOD,-0.091,-91.42
2019-05-29 09:30:00,2019-05-29 15:15:00,Short,2106.95,2116.95,47,EOD,-0.635,-634.81
2019-06-04 09:30:00,2019-06-04 14:45:00,Long,2200.1,2182.5,45,SL,-0.96,-960.0
2019-06-12 14:15:00,2019-06-12 15:00:00,Short,2241.53,2259.46,44,SL,-0.96,-960.0
2019-06-24 09:30:00,2019-06-24 15:15:00,Short,2261.97,2277.0,44,EOD,-0.825,-824.53
2019-06-25 09:30:00,2019-06-25 15:15:00,Long,2257.48,2263.0,44,EOD,0.085,84.6
2019-06-26 15:15:00,2019-06-27 15:15:00,Long,2255.93,2256.2,44,EOD,-0.148,-147.92
2019-06-28 09:30:00,2019-06-28 13:15:00,Long,2248.32,2230.34,44,SL,-0.96,-960.0
2019-06-28 13:30:00,2019-06-28 15:15:00,Long,2230.51,2228.0,44,EOD,-0.273,-272.74
2019-07-02 11:00:00,2019-07-02 15:15:00,Long,2223.81,2254.3,44,EOD,1.211,1211.01
2019-07-05 11:15:00,2019-07-05 11:45:00,Short,2243.68,2207.78,44,TP,1.44,1440.0
2019-07-16 14:15:00,2019-07-16 15:15:00,Short,2111.64,2105.9,47,EOD,0.112,112.0
2019-07-22 09:45:00,2019-07-22 15:15:00,Long,2090.04,2107.15,47,EOD,0.658,658.43
2019-07-23 09:45:00,2019-07-23 15:15:00,Short,2121.69,2119.95,47,EOD,-0.078,-78.05
2019-07-26 10:15:00,2019-07-26 15:15:00,Long,2110.05,2112.65,47,EOD,-0.037,-36.99
2019-08-06 14:45:00,2019-08-06 15:15:00,Long,2218.66,2213.75,45,EOD,-0.381,-381.25
2019-08-06 15:15:00,2019-08-07 15:15:00,Long,2213.96,2218.8,45,EOD,0.059,58.77
2019-08-09 14:00:00,2019-08-09 15:15:00,Short,2265.87,2245.0,44,EOD,0.761,760.91
2019-08-19 12:45:00,2019-08-19 15:15:00,Short,2180.91,2166.0,45,EOD,0.524,523.61
2019-08-26 10:45:00,2019-08-26 12:00:00,Long,2235.82,2271.59,44,TP,1.44,1440.0
2019-08-28 11:00:00,2019-08-28 15:15:00,Long,2228.91,2238.35,44,EOD,0.263,263.35
2019-08-28 15:15:00,2019-08-29 15:15:00,Short,2237.53,2232.0,44,EOD,0.087,87.18
2019-09-12 10:00:00,2019-09-12 12:15:00,Long,2143.97,2126.82,46,SL,-0.96,-960.0
2019-09-19 09:30:00,2019-09-19 10:45:00,Long,2115.06,2098.14,47,SL,-0.96,-960.0
2019-09-19 10:45:00,2019-09-19 15:15:00,Long,2105.05,2096.9,47,EOD,-0.547,-547.26
2019-09-26 10:15:00,2019-09-26 15:15:00,Long,2073.99,2089.6,48,EOD,0.593,592.83
2019-09-27 09:45:00,2019-09-27 15:15:00,Long,2067.88,2059.0,48,EOD,-0.59,-589.59
2019-10-03 14:45:00,2019-10-03 15:15:00,Long,2055.03,2057.0,48,EOD,-0.064,-63.99
2019-10-10 09:30:00,2019-10-10 12:30:00,Long,2020.96,2004.79,49,SL,-0.96,-960.0
2019-10-11 09:30:00,2019-10-11 11:15:00,Long,1944.17,1975.28,51,TP,1.44,1440.0
2019-10-15 09:45:00,2019-10-15 15:15:00,Short,2036.98,2037.8,49,EOD,-0.2,-200.21
2019-10-16 14:30:00,2019-10-16 15:00:00,Short,2030.08,2046.33,49,SL,-0.96,-960.0
2019-10-23 09:30:00,2019-10-23 15:15:00,Short,2070.31,2082.0,48,EOD,-0.724,-724.44
2019-10-24 14:30:00,2019-10-24 15:15:00,Short,2079.16,2079.75,48,EOD,-0.188,-188.38
2019-10-24 15:15:00,2019-10-25 13:45:00,Short,2083.31,2099.97,48,SL,-0.96,-960.0
2019-10-25 13:45:00,2019-10-25 14:15:00,Short,2096.35,2113.12,47,SL,-0.96,-960.0
2019-11-06 14:15:00,2019-11-06 15:15:00,Short,2202.0,2190.8,45,EOD,0.349,348.56
2019-11-08 09:45:00,2019-11-08 10:15:00,Long,2176.09,2158.68,45,SL,-0.96,-960.0
2019-11-15 11:45:00,2019-11-15 15:15:00,Short,2206.0,2170.7,45,TP,1.44,1440.0
2019-11-20 12:30:00,2019-11-20 15:15:00,Long,2097.0,2108.0,47,EOD,0.365,364.66
2019-11-21 15:15:00,2019-11-22 09:15:00,Long,2118.06,2101.11,47,SL,-0.96,-960.0
2019-11-22 09:15:00,2019-11-22 09:30:00,Long,2098.05,2081.26,47,SL,-0.96,-960.0
2019-11-26 11:00:00,2019-11-26 13:45:00,Long,2072.49,2055.91,48,SL,-0.96,-960.0
2019-11-28 14:15:00,2019-11-28 15:15:00,Long,2077.14,2075.9,48,EOD,-0.22,-219.6
2019-12-04 09:30:00,2019-12-04 10:15:00,Long,2071.29,2054.71,48,SL,-0.96,-960.0
2019-12-04 10:15:00,2019-12-04 11:00:00,Long,2068.03,2051.49,48,SL,-0.96,-960.0
2019-12-04 11:00:00,2019-12-04 15:15:00,Long,2056.03,2077.0,48,EOD,0.86,860.05
2019-12-06 13:00:00,2019-12-06 15:15:00,Short,2122.14,2123.65,47,EOD,-0.231,-231.23
2019-12-18 14:15:00,2019-12-18 15:00:00,Long,2179.24,2161.81,45,SL,-0.96,-960.0
2019-12-19 12:00:00,2019-12-19 12:15:00,Short,2200.6,2218.2,45,SL,-0.96,-960.0
2019-12-19 12:15:00,2019-12-19 14:45:00,Short,2202.9,2220.52,45,SL,-0.96,-960.0
2019-12-23 09:30:00,2019-12-23 15:15:00,Short,2231.88,2236.0,44,EOD,-0.344,-344.44
2019-12-30 09:30:00,2019-12-30 11:00:00,Long,2218.11,2200.36,45,SL,-0.96,-960.0
2019-12-30 11:00:00,2019-12-30 11:15:00,Long,2206.3,2188.65,45,SL,-0.96,-960.0
2019-12-30 11:15:00,2019-12-30 15:15:00,Long,2193.75,2183.35,45,EOD,-0.634,-633.91
2020-01-07 09:30:00,2020-01-07 15:15:00,Long,2196.3,2205.0,45,EOD,0.236,236.23
2020-01-08 09:45:00,2020-01-08 12:15:00,Short,2221.89,2239.66,45,SL,-0.96,-960.0
2020-01-09 10:00:00,2020-01-09 15:15:00,Long,2225.26,2220.0,44,EOD,-0.396,-396.47
2020-01-28 13:00:00,2020-01-28 15:15:00,Short,2171.81,2183.0,46,EOD,-0.675,-675.07
2020-02-06 13:00:00,2020-02-06 14:15:00,Long,2136.37,2119.28,46,SL,-0.96,-960.0
2020-02-06 14:15:00,2020-02-06 15:15:00,Long,2124.71,2129.0,47,EOD,0.042,41.82
2020-02-20 13:00:00,2020-02-20 14:30:00,Long,2190.79,2173.27,45,SL,-0.96,-960.0
2020-02-20 14:30:00,2020-02-20 14:45:00,Long,2180.59,2163.15,45,SL,-0.96,-960.0
2020-02-24 14:45:00,2020-02-24 15:00:00,Long,2135.57,2118.48,46,SL,-0.96,-960.0
2020-02-24 15:00:00,2020-02-24 15:15:00,Long,2136.02,2118.93,46,SL,-0.96,-960.0
2020-02-26 11:00:00,2020-02-26 14:15:00,Long,2141.07,2123.94,46,SL,-0.96,-960.0
2020-02-28 09:30:00,2020-02-28 09:45:00,Long,2058.93,2042.46,48,SL,-0.96,-960.0
2020-02-28 09:45:00,2020-02-28 10:45:00,Long,2050.52,2034.12,48,SL,-0.96,-960.0
2020-02-28 10:45:00,2020-02-28 13:00:00,Long,2041.12,2024.79,48,SL,-0.96,-960.0
2020-03-02 14:30:00,2020-03-02 14:45:00,Long,2037.02,2020.72,49,SL,-0.96,-960.0
2020-03-12 09:30:00,2020-03-12 10:00:00,Long,1871.44,1856.46,53,SL,-0.96,-960.0
2020-03-16 14:15:00,2020-03-16 14:45:00,Long,1729.66,1757.34,57,TP,1.44,1440.0
2020-03-17 15:15:00,2020-03-18 09:15:00,Long,1652.63,1679.07,60,TP,1.44,1440.0
2020-03-18 14:00:00,2020-03-18 14:45:00,Short,1695.6,1668.47,58,TP,1.44,1440.0
2020-03-19 09:30:00,2020-03-19 09:45:00,Long,1587.64,1574.94,62,SL,-0.96,-960.0
2020-03-19 09:45:00,2020-03-19 10:00:00,Long,1579.79,1605.07,63,TP,1.44,1440.0
2020-03-19 10:00:00,2020-03-19 10:15:00,Long,1586.69,1612.08,63,TP,1.44,1440.0
2020-03-23 09:30:00,2020-03-23 09:45:00,Long,1681.84,1708.75,59,TP,1.44,1440.0
2020-03-23 09:45:00,2020-03-23 10:45:00,Long,1680.44,1707.33,59,TP,1.44,1440.0
2020-03-24 09:30:00,2020-03-24 09:45:00,Short,1734.08,1706.34,57,TP,1.44,1440.0
2020-03-27 14:00:00,2020-03-27 14:15:00,Short,1804.0,1818.43,55,SL,-0.96,-960.0
2020-04-15 14:45:00,2020-04-15 15:00:00,Long,1752.28,1738.26,57,SL,-0.96,-960.0
2020-04-15 15:00:00,2020-04-15 15:15:00,Long,1741.02,1735.0,57,EOD,-0.506,-505.78
2020-04-22 10:15:00,2020-04-22 12:30:00,Long,1731.22,1758.91,57,TP,1.44,1440.0
2020-04-24 10:30:00,2020-04-24 13:00:00,Long,1823.71,1809.12,54,SL,-0.96,-960.0
2020-05-04 09:30:00,2020-05-04 09:45:00,Short,1927.54,1942.96,51,SL,-0.96,-960.0
2020-05-04 09:45:00,2020-05-04 10:30:00,Short,1947.08,1962.65,51,SL,-0.96,-960.0
2020-05-05 12:15:00,2020-05-05 14:00:00,Short,1970.56,1939.04,50,TP,1.44,1440.0
2020-05-05 14:30:00,2020-05-05 15:15:00,Long,1935.07,1932.75,51,EOD,-0.28,-279.74
2020-05-05 15:15:00,2020-05-06 09:15:00,Long,1934.12,1918.64,51,SL,-0.96,-960.0
2020-05-06 09:30:00,2020-05-06 09:45:00,Long,1914.86,1899.54,52,SL,-0.96,-960.0
2020-05-11 15:00:00,2020-05-11 15:15:00,Long,1936.77,1936.0,51,EOD,-0.2,-199.65
2020-05-11 15:15:00,2020-05-12 09:15:00,Long,1934.32,1918.84,51,SL,-0.96,-960.0
2020-05-12 09:30:00,2020-05-12 10:30:00,Long,1925.61,1956.42,51,TP,1.44,1440.0
2020-05-14 09:30:00,2020-05-14 11:00:00,Long,1917.46,1902.12,52,SL,-0.96,-960.0
2020-05-20 14:15:00,2020-05-20 15:15:00,Short,1952.47,1953.55,51,EOD,-0.215,-215.15
2020-05-27 09:30:00,2020-05-27 13:00:00,Long,1949.97,1981.17,51,TP,1.44,1440.0
2020-05-29 09:15:00,2020-05-29 10:30:00,Short,1981.01,1996.86,50,SL,-0.96,-960.0
2020-06-01 09:30:00,2020-06-01 09:45:00,Short,2009.39,2025.47,49,SL,-0.96,-960.0
2020-06-01 09:45:00,2020-06-01 10:30:00,Short,2017.04,2033.18,49,SL,-0.96,-960.0
2020-06-01 10:30:00,2020-06-01 14:15:00,Short,2028.29,2044.51,49,SL,-0.96,-960.0
2020-06-05 09:30:00,2020-06-05 10:00:00,Long,2057.58,2041.12,48,SL,-0.96,-960.0
2020-06-05 10:00:00,2020-06-05 15:15:00,Long,2053.03,2051.9,48,EOD,-0.215,-214.85
2020-06-08 15:00:00,2020-06-08 15:15:00,Long,2071.24,2069.1,48,EOD,-0.263,-263.08
2020-06-08 15:15:00,2020-06-09 15:15:00,Long,2072.64,2075.0,48,EOD,-0.046,-45.93
2020-06-10 15:15:00,2020-06-11 09:15:00,Long,2104.05,2087.22,47,SL,-0.96,-960.0
2020-06-11 09:30:00,2020-06-11 12:45:00,Long,2085.09,2068.41,47,SL,-0.96,-960.0
2020-06-12 10:15:00,2020-06-12 15:15:00,Long,2019.41,2037.6,49,EOD,0.741,740.8
2020-06-15 11:00:00,2020-06-15 14:15:00,Long,2009.25,2041.4,49,TP,1.44,1440.0
2020-06-22 14:45:00,2020-06-22 15:15:00,Long,2028.76,2032.0,49,EOD,-0.0,-0.49
2020-06-23 09:30:00,2020-06-23 15:15:00,Long,2018.06,2039.0,49,EOD,0.878,877.7
2020-06-30 15:00:00,2020-06-30 15:15:00,Long,2092.55,2075.81,47,SL,-0.96,-960.0
2020-07-02 11:00:00,2020-07-02 13:45:00,Short,2140.13,2157.25,46,SL,-0.96,-960.0
2020-07-07 15:15:00,2020-07-08 14:30:00,Short,2265.67,2229.42,44,TP,1.44,1440.0
2020-07-10 10:00:00,2020-07-10 12:30:00,Long,2191.04,2226.1,45,TP,1.44,1440.0
2020-07-22 11:00:00,2020-07-22 14:00:00,Long,2206.8,2189.15,45,SL,-0.96,-960.0
2020-08-19 09:30:00,2020-08-19 15:15:00,Short,2272.81,2260.0,43,EOD,0.404,403.75
2020-08-20 10:00:00,2020-08-20 15:15:00,Long,2256.83,2249.0,44,EOD,-0.507,-506.85
2020-08-26 14:30:00,2020-08-26 15:15:00,Short,2246.88,2257.0,44,EOD,-0.611,-610.58
2020-08-31 09:15:00,2020-08-31 15:15:00,Long,2241.12,2245.95,44,EOD,0.056,55.52
2020-09-02 11:45:00,2020-09-02 15:15:00,Long,2244.62,2263.75,44,EOD,0.692,692.18
2020-09-08 15:15:00,2020-09-14 09:15:00,Long,2346.87,2384.42,42,TP,1.44,1440.0
2020-09-14 09:15:00,2020-09-14 09:30:00,Long,2385.29,2423.46,41,TP,1.44,1440.0
2020-09-17 10:15:00,2020-09-17 14:45:00,Long,2479.04,2459.21,40,SL,-0.96,-960.0
2020-09-17 15:00:00,2020-09-17 15:15:00,Long,2462.78,2468.0,40,EOD,0.052,51.92
2020-09-17 15:15:00,2020-09-18 09:30:00,Long,2459.68,2499.03,40,TP,1.44,1440.0
2020-09-21 14:15:00,2020-09-21 15:15:00,Long,2472.24,2467.0,40,EOD,-0.372,-371.77
2020-09-23 10:00:00,2020-09-23 12:00:00,Long,2477.19,2457.37,40,SL,-0.96,-960.0
2020-09-30 09:30:00,2020-09-30 15:15:00,Long,2475.04,2483.0,40,EOD,0.162,161.74
2020-10-01 15:00:00,2020-10-01 15:15:00,Short,2506.95,2527.0,39,SL,-0.96,-960.0
2020-10-09 09:45:00,2020-10-09 10:00:00,Short,2783.11,2805.37,35,SL,-0.96,-960.0
2020-10-09 10:00:00,2020-10-09 11:30:00,Short,2788.9,2811.22,35,SL,-0.96,-960.0
2020-10-12 10:30:00,2020-10-12 11:45:00,Short,2827.19,2849.8,35,SL,-0.96,-960.0
2020-10-14 09:45:00,2020-10-14 13:00:00,Long,2820.61,2798.04,35,SL,-0.96,-960.0
2020-10-16 09:30:00,2020-10-16 15:15:00,Short,2759.77,2757.0,36,EOD,-0.06,-59.65
2020-10-23 09:30:00,2020-10-23 15:15:00,Short,2679.26,2687.4,37,EOD,-0.464,-463.83
2020-10-26 14:15:00,2020-10-26 15:15:00,Long,2684.34,2690.1,37,EOD,0.055,54.52
2020-10-29 09:30:00,2020-10-29 09:45:00,Short,2633.18,2654.25,37,SL,-0.96,-960.0
2020-11-09 09:30:00,2020-11-09 15:15:00,Short,2736.03,2725.35,36,EOD,0.23,230.39
2020-11-11 10:00:00,2020-11-11 15:15:00,Short,2673.06,2687.5,37,EOD,-0.7,-700.1
2020-11-13 09:30:00,2020-11-13 15:15:00,Long,2648.72,2661.0,37,EOD,0.303,303.48
2020-11-19 09:30:00,2020-11-19 15:15:00,Short,2645.68,2640.25,37,EOD,0.045,45.11
2020-11-23 09:45:00,2020-11-23 10:15:00,Short,2676.36,2697.77,37,SL,-0.96,-960.0
2020-11-24 11:15:00,2020-11-24 15:15:00,Long,2712.36,2726.0,36,EOD,0.343,343.05
2020-11-25 10:00:00,2020-11-25 15:15:00,Long,2710.15,2699.9,36,EOD,-0.538,-538.37
2020-11-26 09:30:00,2020-11-26 15:15:00,Long,2692.65,2727.0,37,EOD,1.116,1115.86
2020-11-27 10:00:00,2020-11-27 15:15:00,Long,2689.34,2678.0,37,EOD,-0.582,-581.81
2020-12-07 09:30:00,2020-12-07 15:15:00,Long,2720.86,2741.0,36,EOD,0.58,580.22
2020-12-10 11:45:00,2020-12-10 15:15:00,Long,2783.99,2781.1,35,EOD,-0.264,-263.85
2020-12-11 10:15:00,2020-12-11 15:15:00,Short,2795.6,2782.0,35,EOD,0.327,326.53
2020-12-16 10:45:00,2020-12-16 14:45:00,Short,2782.01,2804.26,35,SL,-0.96,-960.0
2020-12-17 09:15:00,2020-12-17 15:00:00,Short,2809.59,2832.07,35,SL,-0.96,-960.0
2020-12-21 14:30:00,2020-12-21 14:45:00,Long,2845.97,2823.2,35,SL,-0.96,-960.0
2020-12-21 14:45:00,2020-12-21 15:00:00,Long,2836.37,2813.68,35,SL,-0.96,-960.0
2020-12-21 15:00:00,2020-12-21 15:15:00,Long,2808.85,2810.0,35,EOD,-0.119,-119.19
2020-12-21 15:15:00,2020-12-22 14:15:00,Long,2820.11,2865.23,35,TP,1.44,1440.0
2020-12-31 09:30:00,2020-12-31 12:15:00,Long,2895.45,2872.28,34,SL,-0.96,-960.0
2021-01-01 09:30:00,2021-01-01 09:45:00,Short,2889.15,2912.27,34,SL,-0.96,-960.0
2021-01-06 15:00:00,2021-01-06 15:15:00,Long,3053.28,3053.0,32,EOD,-0.169,-169.04
2021-01-11 09:30:00,2021-01-11 13:45:00,Short,3164.42,3189.73,31,SL,-0.96,-960.0
2021-01-11 14:15:00,2021-01-11 15:15:00,Short,3190.6,3168.6,31,EOD,0.53,529.65
2021-01-12 14:15:00,2021-01-12 15:15:00,Long,3183.84,3169.95,31,EOD,-0.596,-596.3
2021-01-20 15:00:00,2021-01-20 15:15:00,Short,3311.94,3305.0,30,EOD,0.05,49.64
2021-01-27 11:30:00,2021-01-27 13:00:00,Long,3264.83,3238.71,30,SL,-0.96,-960.0
2021-02-04 09:15:00,2021-02-04 09:30:00,Long,3217.66,3191.92,31,SL,-0.96,-960.0
2021-02-04 10:15:00,2021-02-04 15:15:00,Long,3195.55,3185.5,31,EOD,-0.474,-474.41
2021-02-12 14:15:00,2021-02-12 15:15:00,Long,3196.35,3188.25,31,EOD,-0.413,-413.33
2021-02-23 15:00:00,2021-02-23 15:15:00,Long,2981.44,2985.1,33,EOD,-0.037,-37.24
2021-02-23 15:15:00,2021-02-24 09:15:00,Long,2984.34,2960.47,33,SL,-0.96,-960.0
2021-02-25 09:45:00,2021-02-25 10:00:00,Short,2999.7,3023.7,33,SL,-0.96,-960.0
2021-03-02 09:30:00,2021-03-02 14:00:00,Short,2973.16,2996.95,33,SL,-0.96,-960.0
2021-03-04 15:15:00,2021-03-05 09:15:00,Long,3053.53,3029.1,32,SL,-0.96,-960.0
2021-03-05 09:15:00,2021-03-05 15:15:00,Long,3017.61,3025.0,33,EOD,0.085,84.96
2021-03-08 09:30:00,2021-03-08 15:15:00,Long,3004.65,3008.7,33,EOD,-0.025,-25.26
2021-03-08 15:15:00,2021-03-09 15:15:00,Long,3010.15,3058.32,33,TP,1.44,1440.0
2021-03-12 13:45:00,2021-03-12 15:15:00,Long,3059.13,3054.95,32,EOD,-0.297,-296.6
2021-03-24 09:30:00,2021-03-24 15:15:00,Long,3127.06,3125.0,31,EOD,-0.226,-225.96
2021-03-25 09:45:00,2021-03-25 15:00:00,Long,3091.65,3066.91,32,SL,-0.96,-960.0
2021-03-30 10:45:00,2021-03-30 13:00:00,Short,3132.38,3157.44,31,SL,-0.96,-960.0
2021-04-08 14:45:00,2021-04-08 15:15:00,Long,3307.35,3315.0,30,EOD,0.071,71.22
2021-04-09 12:00:00,2021-04-09 15:15:00,Short,3339.28,3325.0,29,EOD,0.268,267.62
2021-04-19 09:30:00,2021-04-19 09:45:00,Long,3172.99,3147.6,31,SL,-0.96,-960.0
2021-04-19 09:45:00,2021-04-19 15:15:00,Long,3139.02,3159.15,31,EOD,0.481,481.32
2021-04-22 15:15:00,2021-04-23 09:15:00,Long,3121.26,3096.29,32,SL,-0.96,-960.0
2021-04-23 09:30:00,2021-04-23 15:15:00,Long,3100.6,3112.0,32,EOD,0.208,207.69
2021-04-30 11:15:00,2021-04-30 14:00:00,Long,3106.35,3081.5,32,SL,-0.96,-960.0
2021-04-30 14:15:00,2021-04-30 15:00:00,Long,3079.04,3054.41,32,SL,-0.96,-960.0
2021-05-03 09:15:00,2021-05-03 15:15:00,Long,3026.41,3036.0,33,EOD,0.157,156.8
2021-05-19 14:00:00,2021-05-19 15:15:00,Long,3087.64,3084.9,32,EOD,-0.249,-248.84
2021-05-20 14:45:00,2021-05-20 15:15:00,Long,3062.63,3060.65,32,EOD,-0.225,-224.67
2021-05-27 14:30:00,2021-05-27 15:00:00,Long,3198.05,3172.46,31,SL,-0.96,-960.0
2021-05-27 15:00:00,2021-05-27 15:15:00,Long,3192.3,3198.0,31,EOD,0.019,18.7
2021-05-28 14:15:00,2021-05-28 15:15:00,Long,3144.22,3146.0,31,EOD,-0.103,-103.43
2021-05-31 11:45:00,2021-05-31 15:15:00,Short,3168.27,3163.5,31,EOD,-0.01,-9.6
2021-06-07 09:30:00,2021-06-07 15:15:00,Long,3144.57,3185.35,31,EOD,1.137,1136.79
2021-06-15 09:30:00,2021-06-15 15:15:00,Short,3288.36,3262.0,30,EOD,0.641,641.46
2021-06-17 13:00:00,2021-06-17 15:15:00,Short,3299.65,3326.05,30,SL,-0.96,-960.0
2021-06-21 09:30:00,2021-06-21 10:30:00,Long,3283.14,3256.88,30,SL,-0.96,-960.0
2021-06-21 10:30:00,2021-06-21 15:15:00,Long,3266.83,3273.0,30,EOD,0.029,28.79
2021-06-30 14:30:00,2021-06-30 15:15:00,Long,3348.07,3351.0,29,EOD,-0.073,-72.58
2021-07-08 09:30:00,2021-07-08 13:00:00,Short,3289.05,3236.43,30,TP,1.44,1440.0
2021-07-09 10:30:00,2021-07-09 11:30:00,Short,3277.76,3225.32,30,TP,1.44,1440.0
2021-07-12 14:00:00,2021-07-12 15:15:00,Long,3206.25,3198.4,31,EOD,-0.405,-404.91
2021-07-15 15:00:00,2021-07-15 15:15:00,Long,3201.4,3201.9,31,EOD,-0.144,-144.38
2021-07-16 09:45:00,2021-07-16 15:15:00,Short,3214.94,3195.0,31,EOD,0.46,460.28
2021-07-19 09:45:00,2021-07-19 15:15:00,Long,3188.59,3184.9,31,EOD,-0.276,-275.83
2021-07-20 09:45:00,2021-07-20 15:15:00,Long,3165.28,3201.3,31,EOD,0.978,977.91
2021-07-27 12:45:00,2021-07-27 15:15:00,Long,3183.94,3187.95,31,EOD,-0.034,-34.09
2021-07-28 10:45:00,2021-07-28 15:00:00,Long,3140.57,3190.82,31,TP,1.44,1440.0
2021-08-05 09:30:00,2021-08-05 09:45:00,Short,3272.31,3298.49,30,SL,-0.96,-960.0
2021-08-05 09:45:00,2021-08-05 15:15:00,Short,3301.35,3282.15,30,EOD,0.422,421.54
2021-08-10 09:45:00,2021-08-10 15:15:00,Short,3332.28,3330.5,30,EOD,-0.106,-106.49
2021-08-13 09:30:00,2021-08-13 10:30:00,Short,3378.31,3405.34,29,SL,-0.96,-960.0
2021-08-25 14:45:00,2021-08-25 15:15:00,Long,3659.33,3665.0,27,EOD,-0.005,-5.02
2021-08-27 09:45:00,2021-08-27 10:30:00,Short,3677.36,3706.78,27,SL,-0.96,-960.0
2021-08-27 10:30:00,2021-08-27 12:30:00,Short,3688.65,3718.16,27,SL,-0.96,-960.0
2021-09-01 12:15:00,2021-09-01 15:15:00,Long,3713.66,3715.0,26,EOD,-0.124,-123.81
2021-09-02 10:00:00,2021-09-02 13:45:00,Short,3749.07,3779.07,26,SL,-0.96,-960.0
2021-09-03 13:45:00,2021-09-03 15:15:00,Short,3852.57,3835.0,25,EOD,0.296,296.13
2021-09-07 15:15:00,2021-09-08 09:15:00,Long,3818.61,3788.06,26,SL,-0.96,-960.0
2021-09-09 13:30:00,2021-09-09 15:15:00,Short,3805.6,3793.0,26,EOD,0.171,170.99
2021-10-01 09:30:00,2021-10-01 15:15:00,Long,3752.43,3728.65,26,EOD,-0.794,-793.6
2021-10-04 09:45:00,2021-10-04 15:15:00,Short,3757.67,3779.0,26,EOD,-0.728,-727.63
2021-10-05 09:30:00,2021-10-05 14:00:00,Long,3750.17,3810.18,26,TP,1.44,1440.0
2021-10-06 14:30:00,2021-10-06 15:15:00,Long,3820.91,3813.8,26,EOD,-0.346,-346.07
2021-10-08 15:00:00,2021-10-08 15:15:00,Long,3934.87,3943.0,25,EOD,0.047,46.7
2021-10-11 14:45:00,2021-10-11 15:15:00,Long,3693.85,3687.95,27,EOD,-0.32,-319.62
2021-10-19 14:15:00,2021-10-19 15:15:00,Long,3651.82,3634.45,27,EOD,-0.636,-635.79
2021-10-20 09:15:00,2021-10-20 13:45:00,Long,3613.81,3584.9,27,SL,-0.96,-960.0
2021-10-22 11:30:00,2021-10-22 13:15:00,Long,3516.26,3488.13,28,SL,-0.96,-960.0
2021-10-28 09:45:00,2021-10-28 12:15:00,Long,3482.59,3454.73,28,SL,-0.96,-960.0
2021-11-10 10:15:00,2021-11-10 15:15:00,Long,3501.35,3484.5,28,EOD,-0.641,-641.24
2021-11-22 14:00:00,2021-11-22 15:15:00,Long,3461.73,3463.75,28,EOD,-0.102,-101.65
2021-11-23 09:30:00,2021-11-23 15:15:00,Long,3435.72,3472.0,29,EOD,0.896,896.05
2021-11-24 14:00:00,2021-11-24 15:15:00,Long,3468.03,3440.29,28,SL,-0.96,-960.0
2021-11-26 09:30:00,2021-11-26 12:45:00,Long,3429.66,3484.54,29,TP,1.44,1440.0
2021-12-08 14:30:00,2021-12-08 15:15:00,Long,3623.36,3624.0,27,EOD,-0.142,-142.36
2021-12-20 09:30:00,2021-12-20 12:15:00,Long,3584.94,3556.26,27,SL,-0.96,-960.0
2021-12-21 09:45:00,2021-12-21 10:00:00,Short,3603.2,3632.02,27,SL,-0.96,-960.0
2021-12-21 14:30:00,2021-12-21 15:15:00,Long,3608.2,3611.0,27,EOD,-0.082,-82.49
2021-12-21 15:15:00,2021-12-22 15:15:00,Long,3608.8,3630.0,27,EOD,0.427,427.36
2021-12-28 14:45:00,2021-12-28 15:15:00,Long,3709.8,3706.95,26,EOD,-0.237,-236.93
2021-12-29 09:30:00,2021-12-29 15:15:00,Long,3702.3,3688.05,27,EOD,-0.545,-544.9
2022-01-05 10:30:00,2022-01-05 15:15:00,Long,3838.92,3856.0,26,EOD,0.285,284.96
2022-01-06 09:45:00,2022-01-06 12:00:00,Long,3812.86,3782.35,26,SL,-0.96,-960.0
2022-01-12 09:30:00,2022-01-12 15:15:00,Short,3890.1,3856.75,25,EOD,0.697,697.41
2022-01-13 09:30:00,2022-01-13 15:15:00,Short,3898.05,3898.0,25,EOD,-0.159,-158.72
2022-01-21 09:30:00,2022-01-21 15:15:00,Long,3804.45,3842.0,26,EOD,0.827,826.97
2022-01-28 09:30:00,2022-01-28 11:00:00,Short,3697.3,3726.88,27,SL,-0.96,-960.0
2022-01-28 14:15:00,2022-01-28 15:15:00,Long,3690.34,3698.0,27,EOD,0.047,47.45
2022-01-31 10:00:00,2022-01-31 15:15:00,Short,3736.13,3744.95,26,EOD,-0.396,-396.05
2022-02-07 09:30:00,2022-02-07 10:45:00,Short,3797.3,3827.68,26,SL,-0.96,-960.0
2022-02-08 15:15:00,2022-02-09 09:15:00,Short,3747.93,3777.91,26,SL,-0.96,-960.0
2022-02-09 09:30:00,2022-02-09 15:15:00,Short,3771.36,3761.4,26,EOD,0.104,104.18
2022-02-10 10:15:00,2022-02-10 15:15:00,Short,3772.01,3764.8,26,EOD,0.031,31.23
2022-02-15 12:00:00,2022-02-15 14:00:00,Short,3782.36,3812.62,26,SL,-0.96,-960.0
2022-02-15 14:15:00,2022-02-15 15:15:00,Short,3805.2,3834.55,26,EOD,-0.931,-931.41
2022-02-17 09:15:00,2022-02-17 09:30:00,Long,3826.91,3796.3,26,SL,-0.96,-960.0
2022-02-18 09:30:00,2022-02-18 15:15:00,Long,3776.89,3799.15,26,EOD,0.429,429.44
2022-02-25 09:30:00,2022-02-25 10:30:00,Short,3491.5,3519.44,28,SL,-0.96,-960.0
2022-02-25 10:30:00,2022-02-25 15:15:00,Short,3513.09,3523.0,28,EOD,-0.442,-442.01
2022-02-28 10:00:00,2022-02-28 11:15:00,Long,3474.74,3530.33,28,TP,1.44,1440.0
2022-03-02 12:00:00,2022-03-02 15:15:00,Long,3514.36,3549.0,28,EOD,0.826,825.78
2022-03-16 09:15:00,2022-03-16 15:15:00,Long,3642.32,3662.9,27,EOD,0.405,405.02
2022-03-16 15:15:00,2022-03-17 09:15:00,Short,3653.52,3682.75,27,SL,-0.96,-960.0
2022-03-21 09:15:00,2022-03-21 10:30:00,Long,3697.85,3668.27,27,SL,-0.96,-960.0
2022-03-21 10:45:00,2022-03-21 12:45:00,Long,3665.83,3636.51,27,SL,-0.96,-960.0
2022-03-21 12:45:00,2022-03-21 15:15:00,Long,3643.32,3620.0,27,EOD,-0.8,-800.1
2022-03-22 11:45:00,2022-03-22 13:00:00,Short,3658.47,3687.74,27,SL,-0.96,-960.0
2022-03-22 13:00:00,2022-03-22 15:15:00,Short,3677.56,3706.98,27,SL,-0.96,-960.0
2022-04-07 14:45:00,2022-04-07 15:15:00,Long,3693.2,3682.95,27,EOD,-0.437,-437.42
2022-04-12 13:45:00,2022-04-12 15:15:00,Long,3683.94,3686.7,27,EOD,-0.085,-85.11
2022-04-20 10:30:00,2022-04-20 15:15:00,Short,3554.82,3558.0,28,EOD,-0.249,-249.41
2022-04-22 09:30:00,2022-04-22 15:15:00,Long,3599.65,3613.0,27,EOD,0.211,210.9
2022-04-25 09:30:00,2022-04-25 15:15:00,Long,3551.88,3546.7,28,EOD,-0.306,-305.7
2022-05-06 09:45:00,2022-05-06 11:00:00,Long,3455.58,3427.93,28,SL,-0.96,-960.0
2022-05-06 15:15:00,2022-05-09 09:15:00,Long,3431.66,3404.21,29,SL,-0.96,-960.0
2022-05-09 09:45:00,2022-05-09 14:45:00,Long,3395.75,3450.08,29,TP,1.44,1440.0
2022-05-10 15:00:00,2022-05-10 15:15:00,Long,3449.72,3439.5,28,EOD,-0.456,-456.37
2022-05-10 15:15:00,2022-05-11 09:45:00,Long,3437.82,3410.32,29,SL,-0.96,-960.0
2022-05-11 09:45:00,2022-05-11 13:15:00,Long,3419.56,3392.2,29,SL,-0.96,-960.0
2022-05-12 09:30:00,2022-05-12 14:00:00,Long,3391.04,3445.3,29,TP,1.44,1440.0
2022-05-13 14:00:00,2022-05-13 15:15:00,Short,3436.13,3409.0,29,EOD,0.63,629.58
2022-05-27 09:30:00,2022-05-27 10:30:00,Long,3264.28,3238.17,30,SL,-0.96,-960.0
2022-05-27 10:30:00,2022-05-27 15:15:00,Long,3254.63,3266.7,30,EOD,0.211,210.96
2022-05-31 09:30:00,2022-05-31 15:15:00,Long,3332.67,3365.0,30,EOD,0.81,810.23
2022-06-01 10:00:00,2022-06-01 15:15:00,Long,3349.12,3359.15,29,EOD,0.139,139.37
2022-06-06 09:15:00,2022-06-06 09:30:00,Long,3419.71,3392.35,29,SL,-0.96,-960.0
2022-06-08 10:45:00,2022-06-08 15:15:00,Short,3393.75,3390.4,29,EOD,-0.061,-61.22
2022-06-23 09:45:00,2022-06-23 11:15:00,Short,3260.07,3286.15,30,SL,-0.96,-960.0
2022-06-23 14:45:00,2022-06-23 15:15:00,Short,3310.34,3312.95,30,EOD,-0.239,-238.72
2022-06-24 10:00:00,2022-06-24 15:15:00,Short,3325.54,3295.05,30,EOD,0.757,756.74
2022-06-27 09:30:00,2022-06-27 15:15:00,Short,3348.23,3320.95,29,EOD,0.655,654.61
2022-07-01 14:15:00,2022-07-01 15:15:00,Short,3283.36,3309.62,30,SL,-0.96,-960.0
2022-07-06 13:00:00,2022-07-06 15:15:00,Short,3264.72,3265.0,30,EOD,-0.169,-168.67
2022-07-08 12:15:00,2022-07-08 15:15:00,Long,3274.84,3266.5,30,EOD,-0.415,-414.57
2022-07-12 09:15:00,2022-07-12 13:00:00,Long,3116.46,3091.53,32,SL,-0.96,-960.0
2022-07-21 09:30:00,2022-07-21 09:45:00,Short,3156.67,3181.92,31,SL,-0.96,-960.0
2022-07-21 09:45:00,2022-07-21 15:15:00,Short,3160.17,3178.95,31,EOD,-0.754,-754.3
2022-07-22 10:45:00,2022-07-22 15:15:00,Long,3150.47,3171.15,31,EOD,0.496,496.27
2022-07-25 14:30:00,2022-07-25 15:15:00,Short,3173.41,3165.0,31,EOD,0.105,105.09
2022-08-01 10:45:00,2022-08-01 15:15:00,Short,3306.2,3298.65,30,EOD,0.068,68.24
2022-08-02 14:45:00,2022-08-02 15:15:00,Short,3294.8,3284.0,30,EOD,0.168,167.84
2022-08-10 09:30:00,2022-08-10 15:15:00,Short,3356.17,3351.8,29,EOD,-0.03,-29.76
2022-08-12 09:30:00,2022-08-12 15:15:00,Long,3404.45,3402.0,29,EOD,-0.232,-232.0
2022-08-22 09:30:00,2022-08-22 15:15:00,Long,3363.28,3354.0,29,EOD,-0.436,-435.94
2022-08-24 09:45:00,2022-08-24 15:15:00,Long,3262.13,3254.1,30,EOD,-0.406,-406.17
2022-08-29 09:30:00,2022-08-29 15:15:00,Long,3119.56,3138.0,32,EOD,0.431,431.14
2022-08-30 09:30:00,2022-08-30 11:45:00,Short,3144.43,3169.58,31,SL,-0.96,-960.0
2022-08-30 11:45:00,2022-08-30 13:00:00,Short,3161.72,3187.01,31,SL,-0.96,-960.0
2022-09-01 09:45:00,2022-09-01 13:45:00,Long,3146.57,3121.4,31,SL,-0.96,-960.0
2022-09-09 09:30:00,2022-09-09 13:45:00,Short,3179.26,3204.69,31,SL,-0.96,-960.0
2022-09-14 09:45:00,2022-09-14 15:15:00,Long,3128.66,3125.0,31,EOD,-0.277,-277.1
2022-09-15 15:15:00,2022-09-16 09:15:00,Long,3102.8,3077.98,32,SL,-0.96,-960.0
2022-09-20 09:30:00,2022-09-20 12:00:00,Short,3053.47,3077.9,32,SL,-0.96,-960.0
2022-09-20 14:30:00,2022-09-20 15:15:00,Long,3055.23,3030.79,32,SL,-0.96,-960.0
2022-09-22 14:45:00,2022-09-22 15:15:00,Long,3013.46,3008.35,33,EOD,-0.329,-329.44
2022-09-23 13:30:00,2022-09-23 15:15:00,Long,2993.85,2986.65,33,EOD,-0.4,-400.37
2022-09-26 09:30:00,2022-09-26 12:30:00,Long,2946.62,2993.77,33,TP,1.44,1440.0
2022-10-04 10:30:00,2022-10-04 15:15:00,Short,3071.26,3095.83,32,SL,-0.96,-960.0
2022-10-04 15:15:00,2022-10-06 09:15:00,Short,3087.76,3112.46,32,SL,-0.96,-960.0
2022-10-06 14:00:00,2022-10-06 15:15:00,Long,3099.9,3093.0,32,EOD,-0.383,-382.56
2022-10-10 09:30:00,2022-10-10 11:45:00,Long,3055.93,3104.82,32,TP,1.44,1440.0
2022-10-11 10:15:00,2022-10-11 10:30:00,Long,3095.05,3070.29,32,SL,-0.96,-960.0
2022-10-11 10:30:00,2022-10-11 15:15:00,Long,3069.23,3064.0,32,EOD,-0.331,-330.53
2022-10-18 09:30:00,2022-10-18 15:15:00,Short,3141.63,3137.0,31,EOD,-0.013,-12.68
2022-10-20 10:15:00,2022-10-20 15:15:00,Short,3140.13,3157.95,31,EOD,-0.728,-727.52
2022-10-21 09:45:00,2022-10-21 15:15:00,Long,3144.57,3138.0,31,EOD,-0.369,-368.98
2022-10-31 10:00:00,2022-10-31 15:15:00,Short,3177.91,3183.5,31,EOD,-0.336,-335.89
2022-11-02 10:00:00,2022-11-02 15:15:00,Long,3232.57,3239.0,30,EOD,0.039,39.05
2022-11-04 14:15:00,2022-11-04 15:15:00,Short,3196.4,3220.0,31,EOD,-0.898,-898.3
2022-11-09 14:00:00,2022-11-09 15:15:00,Short,3234.03,3210.0,30,EOD,0.583,583.1
2022-11-10 09:45:00,2022-11-10 15:15:00,Long,3201.8,3205.0,31,EOD,-0.06,-60.06
2022-11-14 09:30:00,2022-11-14 15:15:00,Short,3336.33,3332.0,29,EOD,-0.03,-30.19
2022-11-17 09:30:00,2022-11-17 15:15:00,Long,3325.31,3345.0,30,EOD,0.432,432.07
2022-11-25 14:15:00,2022-11-25 15:15:00,Short,3380.31,3384.0,29,EOD,-0.269,-269.19
2022-11-29 11:00:00,2022-11-29 15:15:00,Short,3415.69,3390.0,29,EOD,0.592,592.16
2022-12-06 09:30:00,2022-12-06 15:15:00,Long,3393.85,3385.0,29,EOD,-0.421,-420.65
2022-12-06 15:15:00,2022-12-07 15:15:00,Short,3387.16,3370.0,29,EOD,0.346,346.49
2022-12-12 14:45:00,2022-12-12 15:15:00,Long,3263.33,3285.0,30,EOD,0.504,504.02
2022-12-19 09:30:00,2022-12-19 11:45:00,Long,3240.62,3214.69,30,SL,-0.96,-960.0
2022-12-19 14:15:00,2022-12-19 15:15:00,Long,3201.6,3205.25,31,EOD,-0.046,-45.99
2022-12-20 09:30:00,2022-12-20 15:00:00,Long,3186.59,3237.58,31,TP,1.44,1440.0
2022-12-21 14:15:00,2022-12-21 15:15:00,Short,3272.51,3262.25,30,EOD,0.154,153.61
2022-12-23 09:30:00,2022-12-23 15:00:00,Long,3245.87,3219.91,30,SL,-0.96,-960.0
2022-12-28 09:30:00,2022-12-28 15:15:00,Long,3234.17,3258.0,30,EOD,0.577,576.94
2022-12-29 09:45:00,2022-12-29 15:15:00,Long,3239.17,3271.25,30,EOD,0.83,830.42
2023-01-04 09:45:00,2023-01-04 15:15:00,Long,3289.84,3313.1,30,EOD,0.547,546.9
2023-01-09 09:30:00,2023-01-09 09:45:00,Short,3275.31,3301.51,30,SL,-0.96,-960.0
2023-01-10 14:30:00,2023-01-10 15:15:00,Short,3280.36,3283.0,30,EOD,-0.241,-240.51
2023-01-11 10:00:00,2023-01-11 10:15:00,Short,3298.35,3324.74,30,SL,-0.96,-960.0
2023-01-25 09:30:00,2023-01-25 15:15:00,Long,3425.51,3432.1,29,EOD,0.032,32.32
2023-02-08 09:30:00,2023-02-08 15:15:00,Short,3512.24,3520.0,28,EOD,-0.381,-380.86
2023-02-09 14:45:00,2023-02-09 15:15:00,Short,3544.98,3542.0,28,EOD,-0.076,-76.03
2023-02-16 09:45:00,2023-02-16 10:45:00,Short,3544.23,3572.58,28,SL,-0.96,-960.0
2023-02-17 09:15:00,2023-02-17 14:30:00,Long,3527.91,3499.69,28,SL,-0.96,-960.0
2023-02-21 12:45:00,2023-02-21 15:15:00,Long,3467.33,3452.0,28,EOD,-0.602,-602.21
2023-02-23 10:00:00,2023-02-23 15:15:00,Short,3438.33,3409.1,29,EOD,0.69,690.12
2023-02-28 14:00:00,2023-02-28 15:15:00,Long,3321.36,3328.6,30,EOD,0.058,57.99
2023-03-02 09:30:00,2023-03-02 15:15:00,Long,3340.27,3324.0,29,EOD,-0.647,-647.07
2023-03-03 09:30:00,2023-03-03 15:15:00,Short,3347.08,3340.0,29,EOD,0.051,51.4
2023-03-06 09:45:00,2023-03-06 15:15:00,Short,3380.06,3377.95,29,EOD,-0.098,-97.6
2023-03-08 09:30:00,2023-03-08 15:15:00,Long,3347.87,3391.85,29,EOD,1.154,1153.58
2023-03-09 09:15:00,2023-03-09 15:15:00,Short,3383.31,3333.0,29,EOD,1.327,1326.93
2023-03-20 09:30:00,2023-03-20 12:00:00,Long,3144.57,3119.41,31,SL,-0.96,-960.0
2023-03-22 09:30:00,2023-03-22 15:15:00,Short,3125.79,3129.8,31,EOD,-0.288,-288.41
2023-03-23 09:30:00,2023-03-23 15:15:00,Long,3107.55,3130.0,32,EOD,0.562,562.34
2023-03-24 09:30:00,2023-03-24 15:15:00,Short,3145.63,3112.5,31,EOD,0.893,893.09
2023-03-24 15:15:00,2023-03-27 15:15:00,Long,3124.56,3124.0,32,EOD,-0.178,-177.97
2023-04-11 09:30:00,2023-04-11 11:15:00,Long,3246.67,3220.7,30,SL,-0.96,-960.0
2023-04-13 09:30:00,2023-04-13 09:45:00,Long,3214.36,3188.64,31,SL,-0.96,-960.0
2023-04-13 09:45:00,2023-04-13 15:15:00,Long,3201.6,3192.0,31,EOD,-0.46,-459.85
2023-04-19 09:30:00,2023-04-19 13:45:00,Long,3115.36,3090.43,32,SL,-0.96,-960.0
2023-04-20 15:15:00,2023-04-21 11:45:00,Short,3103.25,3128.07,32,SL,-0.96,-960.0
2023-04-21 14:00:00,2023-04-21 15:15:00,Short,3143.38,3159.0,31,EOD,-0.657,-657.0
2023-04-26 14:30:00,2023-04-26 15:15:00,Long,3193.1,3195.0,31,EOD,-0.1,-100.36
2023-04-28 10:15:00,2023-04-28 15:15:00,Short,3203.0,3215.0,31,EOD,-0.535,-534.72
2023-05-08 10:00:00,2023-05-08 15:15:00,Short,3238.93,3250.0,30,EOD,-0.502,-501.79
2023-05-11 09:30:00,2023-05-11 15:15:00,Short,3299.65,3281.05,30,EOD,0.404,403.68
2023-05-12 10:15:00,2023-05-12 15:15:00,Long,3266.28,3277.0,30,EOD,0.168,168.13
2023-05-15 14:45:00,2023-05-15 15:15:00,Long,3276.64,3250.42,30,SL,-0.96,-960.0
2023-05-29 10:15:00,2023-05-29 15:15:00,Short,3339.23,3320.7,29,EOD,0.395,394.9
2023-05-31 12:00:00,2023-05-31 15:00:00,Long,3301.75,3275.34,30,SL,-0.96,-960.0
2023-06-01 09:45:00,2023-06-01 15:15:00,Short,3328.24,3320.0,30,EOD,0.087,87.43
2023-06-12 09:30:00,2023-06-12 15:15:00,Short,3230.33,3248.4,30,EOD,-0.719,-719.26
2023-06-13 14:00:00,2023-06-13 15:15:00,Long,3245.52,3244.9,30,EOD,-0.179,-179.16
2023-06-14 09:30:00,2023-06-14 15:15:00,Long,3235.82,3245.3,30,EOD,0.133,133.06
2023-06-26 09:30:00,2023-06-26 15:15:00,Long,3198.2,3190.0,31,EOD,-0.416,-416.34
2023-06-27 09:30:00,2023-06-27 15:15:00,Short,3199.4,3197.3,31,EOD,-0.094,-94.38
2023-06-28 10:00:00,2023-06-28 12:15:00,Short,3198.9,3224.49,31,SL,-0.96,-960.0
2023-07-03 11:30:00,2023-07-03 15:15:00,Long,3283.04,3274.0,30,EOD,-0.435,-435.38
2023-07-04 09:30:00,2023-07-04 15:15:00,Short,3302.1,3305.0,30,EOD,-0.248,-247.88
2023-07-04 15:15:00,2023-07-05 15:15:00,Short,3308.99,3322.0,30,EOD,-0.553,-553.03
2023-07-11 12:00:00,2023-07-11 15:15:00,Short,3288.31,3272.0,30,EOD,0.336,335.85
2023-07-12 14:00:00,2023-07-12 15:15:00,Short,3280.31,3260.95,30,EOD,0.43,430.16
2023-07-13 14:45:00,2023-07-13 15:15:00,Long,3330.61,3344.5,30,EOD,0.257,256.91
2023-07-14 10:45:00,2023-07-14 11:15:00,Short,3377.91,3404.93,29,SL,-0.96,-960.0
2023-07-18 11:30:00,2023-07-18 15:15:00,Short,3510.09,3492.45,28,EOD,0.343,342.67
2023-07-20 14:30:00,2023-07-20 15:15:00,Short,3471.51,3461.6,28,EOD,0.126,125.56
2023-07-26 14:45:00,2023-07-26 15:15:00,Long,3386.89,3391.75,29,EOD,-0.017,-16.58
2023-08-02 09:45:00,2023-08-02 15:15:00,Long,3432.47,3433.0,29,EOD,-0.144,-144.42
2023-08-03 09:45:00,2023-08-03 10:45:00,Long,3420.81,3393.44,29,SL,-0.96,-960.0
2023-08-04 09:30:00,2023-08-04 09:45:00,Short,3427.49,3454.91,29,SL,-0.96,-960.0
2023-08-07 09:15:00,2023-08-07 15:15:00,Long,3455.68,3483.0,28,EOD,0.631,630.67
2023-08-08 11:30:00,2023-08-08 15:15:00,Long,3461.83,3469.0,28,EOD,0.047,47.11
2023-08-09 09:45:00,2023-08-09 15:15:00,Long,3443.77,3467.0,29,EOD,0.515,514.52
2023-08-10 10:30:00,2023-08-10 15:15:00,Long,3437.57,3448.25,29,EOD,0.151,150.75
2023-08-11 09:45:00,2023-08-11 15:15:00,Long,3430.56,3444.5,29,EOD,0.246,246.22
2023-08-14 09:30:00,2023-08-14 15:15:00,Long,3423.16,3448.0,29,EOD,0.566,565.62
2023-08-21 09:30:00,2023-08-21 15:15:00,Long,3392.7,3400.05,29,EOD,0.057,56.77
2023-08-23 09:30:00,2023-08-23 15:15:00,Short,3384.91,3389.2,29,EOD,-0.287,-286.84
2023-08-25 09:30:00,2023-08-25 15:15:00,Long,3373.09,3374.0,29,EOD,-0.133,-132.89
2023-08-29 09:45:00,2023-08-29 15:15:00,Short,3382.66,3375.0,29,EOD,0.066,66.38
2023-08-31 10:00:00,2023-08-31 14:30:00,Short,3411.29,3356.71,29,TP,1.44,1440.0
2023-09-04 09:30:00,2023-09-04 12:00:00,Short,3390.3,3417.43,29,SL,-0.96,-960.0
2023-09-08 09:15:00,2023-09-08 15:15:00,Short,3453.52,3443.0,28,EOD,0.145,144.69
2023-09-11 14:15:00,2023-09-11 15:15:00,Long,3463.68,3481.0,28,EOD,0.34,340.02
2023-09-20 14:15:00,2023-09-20 15:15:00,Long,3606.25,3600.1,27,EOD,-0.331,-330.6
2023-09-21 14:30:00,2023-09-21 15:15:00,Short,3570.66,3585.1,28,EOD,-0.564,-564.3
2023-09-25 09:30:00,2023-09-25 15:15:00,Long,3585.09,3569.8,27,EOD,-0.587,-586.53
2023-09-27 12:00:00,2023-09-27 15:15:00,Short,3597.2,3587.0,27,EOD,0.124,123.57
2023-10-09 09:30:00,2023-10-09 09:45:00,Short,3635.43,3664.51,27,SL,-0.96,-960.0
2023-10-09 10:00:00,2023-10-09 15:15:00,Short,3657.92,3633.0,27,EOD,0.521,521.26
2023-10-16 09:30:00,2023-10-16 15:00:00,Long,3555.73,3527.28,28,SL,-0.96,-960.0
2023-10-23 09:30:00,2023-10-23 12:30:00,Long,3466.23,3438.5,28,SL,-0.96,-960.0
2023-10-27 12:00:00,2023-10-27 15:15:00,Short,3353.32,3350.0,29,EOD,-0.061,-60.92
2023-10-30 10:15:00,2023-10-30 15:15:00,Short,3364.37,3381.0,29,EOD,-0.654,-654.39
2023-10-31 10:00:00,2023-10-31 15:15:00,Long,3359.73,3371.8,29,EOD,0.199,199.28
2023-11-01 11:30:00,2023-11-01 15:15:00,Long,3354.83,3327.99,29,SL,-0.96,-960.0
2023-11-03 09:30:00,2023-11-03 15:15:00,Short,3375.31,3351.0,29,EOD,0.56,560.27
2023-11-06 09:30:00,2023-11-06 15:15:00,Short,3369.56,3385.0,29,EOD,-0.618,-618.09
2023-11-17 14:00:00,2023-11-17 15:15:00,Long,3506.65,3499.0,28,EOD,-0.378,-378.23
2023-11-21 15:00:00,2023-11-21 15:15:00,Long,3523.61,3510.0,28,EOD,-0.546,-546.28
2023-11-22 09:30:00,2023-11-22 15:15:00,Long,3496.25,3530.0,28,EOD,0.805,805.4
2023-11-23 12:30:00,2023-11-23 15:15:00,Long,3509.45,3507.5,28,EOD,-0.216,-215.67
2023-11-28 14:45:00,2023-11-28 15:15:00,Short,3457.82,3478.0,28,EOD,-0.744,-743.6
2023-11-30 14:45:00,2023-11-30 15:15:00,Short,3506.6,3487.9,28,EOD,0.373,373.16
2023-12-01 14:45:00,2023-12-01 15:15:00,Short,3507.35,3512.0,28,EOD,-0.293,-292.71
2023-12-08 09:30:00,2023-12-08 14:15:00,Short,3608.89,3637.77,27,SL,-0.96,-960.0
2023-12-20 10:00:00,2023-12-20 14:00:00,Short,3875.16,3813.16,25,TP,1.44,1440.0
2023-12-22 09:30:00,2023-12-22 14:30:00,Long,3774.89,3835.28,26,TP,1.44,1440.0
2023-12-28 14:30:00,2023-12-28 15:15:00,Long,3805.0,3798.85,26,EOD,-0.322,-321.67
2024-01-03 15:15:00,2024-01-04 09:30:00,Long,3695.35,3665.78,27,SL,-0.96,-960.0
2024-01-15 09:45:00,2024-01-15 15:15:00,Short,3946.88,3902.0,25,EOD,0.977,976.99
2024-01-18 13:45:00,2024-01-18 15:15:00,Short,3892.05,3902.0,25,EOD,-0.416,-415.57
2024-01-20 10:30:00,2024-01-20 11:00:00,Long,3928.01,3896.59,25,SL,-0.96,-960.0
2024-01-20 11:00:00,2024-01-20 12:00:00,Long,3918.96,3887.61,25,SL,-0.96,-960.0
2024-01-20 12:00:00,2024-01-20 14:45:00,Long,3903.95,3872.72,25,SL,-0.96,-960.0
2024-01-25 11:00:00,2024-01-25 15:15:00,Long,3786.39,3846.97,26,TP,1.44,1440.0
2024-01-29 09:30:00,2024-01-29 15:15:00,Short,3816.79,3807.7,26,EOD,0.078,78.18
2024-01-30 09:30:00,2024-01-30 15:15:00,Short,3813.69,3796.0,26,EOD,0.304,303.91
2024-02-13 09:45:00,2024-02-13 14:30:00,Long,4101.85,4167.48,24,TP,1.44,1440.0
2024-02-14 09:30:00,2024-02-14 12:00:00,Long,4099.55,4066.75,24,SL,-0.96,-960.0
2024-02-15 13:45:00,2024-02-15 15:15:00,Short,4117.34,4106.0,24,EOD,0.115,115.43
2024-02-16 09:30:00,2024-02-16 15:15:00,Short,4120.74,4112.45,24,EOD,0.041,41.14
2024-02-19 09:30:00,2024-02-19 15:15:00,Long,4083.04,4100.0,24,EOD,0.255,255.36
2024-02-20 09:45:00,2024-02-20 13:15:00,Long,4088.04,4055.34,24,SL,-0.96,-960.0
2024-02-21 14:15:00,2024-02-21 15:15:00,Long,4013.41,3981.3,24,SL,-0.96,-960.0
2024-02-23 09:45:00,2024-02-23 15:15:00,Short,4096.2,4046.4,24,EOD,1.056,1055.78
2024-02-27 15:00:00,2024-02-27 15:15:00,Short,4112.89,4100.5,24,EOD,0.141,141.31
2024-02-28 10:00:00,2024-02-28 10:30:00,Short,4120.84,4153.81,24,SL,-0.96,-960.0
2024-02-29 10:15:00,2024-02-29 15:00:00,Long,4102.15,4069.33,24,SL,-0.96,-960.0
2024-03-13 09:30:00,2024-03-13 13:15:00,Short,4213.99,4146.57,23,TP,1.44,1440.0
2024-03-14 11:45:00,2024-03-14 14:15:00,Short,4172.51,4205.89,23,SL,-0.96,-960.0
2024-03-15 13:00:00,2024-03-15 15:15:00,Long,4193.05,4222.0,23,EOD,0.531,530.54
2024-03-20 14:15:00,2024-03-20 15:15:00,Long,3990.99,3974.95,25,EOD,-0.562,-562.02
2024-03-20 15:15:00,2024-03-21 15:15:00,Long,3972.49,3979.45,25,EOD,0.015,15.32
2024-03-22 09:45:00,2024-03-22 15:15:00,Long,3878.94,3909.0,25,EOD,0.615,614.99
2024-04-01 09:30:00,2024-04-01 15:15:00,Short,3905.75,3924.0,25,EOD,-0.627,-627.36
2024-04-02 09:30:00,2024-04-02 15:15:00,Long,3885.54,3890.2,25,EOD,-0.04,-40.11
2024-04-03 09:30:00,2024-04-03 10:45:00,Long,3877.99,3940.04,25,TP,1.44,1440.0
2024-04-05 12:45:00,2024-04-05 15:15:00,Long,3974.24,3983.0,25,EOD,0.061,60.52
2024-04-08 10:30:00,2024-04-08 12:15:00,Short,3993.5,4025.45,25,SL,-0.96,-960.0
2024-04-10 12:30:00,2024-04-10 15:00:00,Short,3956.57,3988.22,25,SL,-0.96,-960.0
2024-04-16 13:15:00,2024-04-16 15:15:00,Long,3878.79,3875.95,25,EOD,-0.233,-233.18
2024-04-19 09:30:00,2024-04-19 15:15:00,Long,3815.21,3822.15,26,EOD,0.022,21.99
2024-05-08 13:45:00,2024-05-08 15:15:00,Long,3955.98,3968.1,25,EOD,0.146,146.45
2024-05-13 11:15:00,2024-05-13 14:45:00,Short,3912.34,3943.64,25,SL,-0.96,-960.0
2024-05-14 15:15:00,2024-05-15 15:15:00,Long,3905.45,3882.7,25,EOD,-0.743,-742.56
2024-05-16 09:30:00,2024-05-16 15:15:00,Short,3903.05,3892.0,25,EOD,0.123,123.05
2024-05-23 09:30:00,2024-05-23 11:00:00,Short,3838.08,3868.78,26,SL,-0.96,-960.0
2024-05-24 10:15:00,2024-05-24 15:15:00,Long,3856.08,3850.95,25,EOD,-0.293,-292.96
2024-05-31 09:30:00,2024-05-31 10:00:00,Long,3740.72,3710.79,26,SL,-0.96,-960.0
2024-06-04 09:30:00,2024-06-04 09:45:00,Long,3683.34,3742.27,27,TP,1.44,1440.0
2024-06-04 10:45:00,2024-06-04 12:00:00,Long,3691.84,3662.31,27,SL,-0.96,-960.0
2024-06-04 12:00:00,2024-06-04 12:15:00,Long,3668.33,3638.99,27,SL,-0.96,-960.0
2024-06-04 12:15:00,2024-06-04 12:45:00,Long,3654.13,3712.59,27,TP,1.44,1440.0
2024-06-12 14:15:00,2024-06-12 15:15:00,Long,3849.02,3837.0,25,EOD,-0.472,-472.38
2024-06-18 09:30:00,2024-06-18 15:15:00,Long,3824.16,3819.0,26,EOD,-0.295,-294.96
2024-06-24 14:15:00,2024-06-24 15:15:00,Long,3827.56,3815.0,26,EOD,-0.488,-488.22
2024-07-01 09:30:00,2024-07-01 10:00:00,Short,3922.14,3953.52,25,SL,-0.96,-960.0
2024-07-01 10:00:00,2024-07-01 11:00:00,Short,3945.18,3976.74,25,SL,-0.96,-960.0
2024-07-02 09:30:00,2024-07-02 15:15:00,Short,4002.15,4009.8,24,EOD,-0.351,-351.2
2024-07-03 09:30:00,2024-07-03 15:15:00,Long,3978.54,3968.0,25,EOD,-0.425,-424.88
2024-07-04 15:15:00,2024-07-05 11:15:00,Long,4023.01,3990.83,24,SL,-0.96,-960.0
2024-07-11 09:45:00,2024-07-11 15:15:00,Short,3949.02,3902.0,25,EOD,1.031,1030.79
2024-07-12 09:45:00,2024-07-12 10:30:00,Short,4019.09,4051.24,24,SL,-0.96,-960.0
2024-07-15 13:45:00,2024-07-15 15:15:00,Long,4183.24,4170.0,23,EOD,-0.477,-476.51
2024-07-16 13:45:00,2024-07-16 15:15:00,Long,4162.73,4171.05,24,EOD,0.04,39.86
2024-07-18 09:30:00,2024-07-18 10:00:00,Short,4182.91,4216.37,23,SL,-0.96,-960.0
2024-07-18 10:00:00,2024-07-18 10:45:00,Short,4208.14,4241.81,23,SL,-0.96,-960.0
2024-07-19 10:00:00,2024-07-19 15:15:00,Short,4324.09,4298.0,23,EOD,0.443,443.29
2024-07-22 09:45:00,2024-07-22 15:15:00,Long,4284.14,4282.1,23,EOD,-0.208,-207.64
2024-07-23 11:00:00,2024-07-23 13:45:00,Short,4303.85,4338.28,23,SL,-0.96,-960.0
2024-07-30 09:30:00,2024-07-30 15:15:00,Short,4363.82,4372.0,22,EOD,-0.348,-347.52
2024-07-31 15:15:00,2024-08-01 15:15:00,Long,4387.04,4387.0,22,EOD,-0.161,-160.97
2024-08-02 09:30:00,2024-08-02 11:45:00,Long,4350.57,4315.77,22,SL,-0.96,-960.0
2024-08-06 09:30:00,2024-08-06 09:45:00,Short,4210.84,4244.53,23,SL,-0.96,-960.0
2024-08-06 09:45:00,2024-08-06 10:00:00,Short,4210.94,4244.63,23,SL,-0.96,-960.0
2024-08-06 10:15:00,2024-08-06 15:15:00,Short,4226.89,4175.1,23,EOD,1.065,1065.15
2024-08-07 10:45:00,2024-08-07 15:15:00,Short,4215.89,4201.0,23,EOD,0.193,193.21
2024-08-09 09:30:00,2024-08-09 15:15:00,Short,4233.88,4220.0,23,EOD,0.168,167.88
2024-08-13 09:15:00,2024-08-13 15:15:00,Long,4215.11,4197.0,23,EOD,-0.59,-589.56
2024-08-27 09:30:00,2024-08-27 15:15:00,Long,4497.45,4491.0,22,EOD,-0.303,-303.36
2024-08-29 14:15:00,2024-08-29 15:15:00,Long,4503.55,4507.0,22,EOD,-0.083,-83.41
2024-09-09 15:15:00,2024-09-10 13:00:00,Long,4452.88,4524.12,22,TP,1.44,1440.0
2024-09-11 12:45:00,2024-09-11 15:15:00,Short,4535.73,4495.5,22,EOD,0.727,726.98
2024-09-19 09:30:00,2024-09-19 10:00:00,Short,4397.8,4327.44,22,TP,1.44,1440.0
2024-09-20 09:45:00,2024-09-20 13:30:00,Long,4279.39,4245.15,23,SL,-0.96,-960.0
2024-09-20 13:45:00,2024-09-20 15:15:00,Long,4244.92,4297.0,23,EOD,1.067,1066.84
2024-10-01 10:15:00,2024-10-01 15:15:00,Long,4264.13,4283.25,23,EOD,0.288,288.37
2024-10-04 09:30:00,2024-10-04 12:00:00,Short,4252.02,4286.04,23,SL,-0.96,-960.0
2024-10-08 09:45:00,2024-10-08 15:15:00,Long,4231.01,4259.4,23,EOD,0.511,510.89
2024-10-10 12:15:00,2024-10-10 12:45:00,Short,4289.3,4220.68,23,TP,1.44,1440.0
2024-10-11 10:00:00,2024-10-11 11:00:00,Long,4180.09,4146.65,23,SL,-0.96,-960.0
2024-10-11 11:15:00,2024-10-11 11:45:00,Long,4145.62,4112.46,24,SL,-0.96,-960.0
2024-10-11 11:45:00,2024-10-11 15:15:00,Long,4119.31,4146.0,24,EOD,0.488,487.96
2024-10-14 12:45:00,2024-10-14 15:15:00,Short,4160.27,4141.0,24,EOD,0.303,303.16
2024-10-16 09:30:00,2024-10-16 15:15:00,Long,4077.39,4094.0,24,EOD,0.247,247.43
2024-10-21 09:45:00,2024-10-21 15:15:00,Long,4101.0,4071.0,24,EOD,-0.892,-891.52
2024-10-23 11:30:00,2024-10-23 15:15:00,Short,4095.6,4065.15,24,EOD,0.584,583.51
2024-10-24 09:30:00,2024-10-24 15:15:00,Long,4053.68,4050.0,24,EOD,-0.251,-250.68
2024-10-28 09:30:00,2024-10-28 10:30:00,Short,4069.91,4102.47,24,SL,-0.96,-960.0
2024-10-30 10:15:00,2024-10-30 15:15:00,Short,4099.75,4075.0,24,EOD,0.444,443.67
2024-11-07 09:30:00,2024-11-07 10:15:00,Short,4155.92,4089.43,24,TP,1.44,1440.0
2024-11-08 12:15:00,2024-11-08 15:15:00,Long,4132.42,4135.65,24,EOD,-0.082,-81.72
2024-11-08 15:15:00,2024-11-11 09:30:00,Short,4147.78,4180.96,24,SL,-0.96,-960.0
2024-12-09 09:30:00,2024-12-09 15:15:00,Short,4451.77,4445.6,22,EOD,-0.021,-21.34
2024-12-12 09:30:00,2024-12-12 15:15:00,Short,4454.22,4460.0,22,EOD,-0.29,-289.72
2024-12-13 09:30:00,2024-12-13 10:30:00,Long,4437.57,4402.07,22,SL,-0.96,-960.0
2024-12-13 10:30:00,2024-12-13 13:00:00,Long,4421.36,4492.1,22,TP,1.44,1440.0
2024-12-19 11:15:00,2024-12-19 12:45:00,Long,4314.21,4279.69,23,SL,-0.96,-960.0
2024-12-19 12:45:00,2024-12-19 15:15:00,Long,4285.84,4281.0,23,EOD,-0.273,-272.97
2024-12-26 10:15:00,2024-12-26 15:15:00,Long,4155.08,4171.0,24,EOD,0.223,223.23
2025-01-01 09:30:00,2025-01-01 15:15:00,Long,4101.75,4112.0,24,EOD,0.09,89.9
2025-01-02 09:45:00,2025-01-02 12:30:00,Short,4129.63,4162.67,24,SL,-0.96,-960.0
2025-01-06 10:15:00,2025-01-06 11:45:00,Short,4132.58,4066.46,24,TP,1.44,1440.0
2025-01-15 15:00:00,2025-01-15 15:15:00,Short,4234.88,4255.4,23,EOD,-0.645,-644.51
2025-01-17 09:30:00,2025-01-17 15:15:00,Long,4135.07,4130.0,24,EOD,-0.283,-282.53
2025-01-29 09:30:00,2025-01-29 15:15:00,Short,4077.96,4105.0,24,EOD,-0.823,-823.08
2025-02-01 12:15:00,2025-02-01 15:15:00,Long,4080.49,4073.0,24,EOD,-0.344,-343.54
2025-02-04 14:00:00,2025-02-04 15:15:00,Short,4102.55,4105.15,24,EOD,-0.223,-223.43
2025-02-05 09:30:00,2025-02-05 15:15:00,Short,4125.34,4086.0,24,EOD,0.794,793.53
2025-02-06 09:30:00,2025-02-06 15:15:00,Short,4100.05,4087.0,24,EOD,0.158,158.26
2025-02-07 09:30:00,2025-02-07 15:15:00,Long,4034.27,4032.0,24,EOD,-0.216,-216.17
2025-02-11 09:30:00,2025-02-11 12:15:00,Long,4025.96,3993.75,24,SL,-0.96,-960.0
2025-02-11 12:15:00,2025-02-11 13:00:00,Long,4001.0,3968.99,24,SL,-0.96,-960.0
2025-02-20 09:30:00,2025-02-20 15:15:00,Long,3765.43,3788.0,26,EOD,0.439,439.35
2025-03-03 09:30:00,2025-03-03 15:15:00,Short,3499.6,3506.0,28,EOD,-0.343,-342.9
2025-03-04 09:30:00,2025-03-04 10:30:00,Long,3480.34,3536.02,28,TP,1.44,1440.0
2025-03-05 14:30:00,2025-03-05 15:15:00,Long,3549.57,3557.0,28,EOD,0.049,49.21
2025-03-10 10:30:00,2025-03-10 15:15:00,Long,3597.65,3589.0,27,EOD,-0.4,-400.38
2025-03-11 09:30:00,2025-03-11 12:00:00,Long,3585.79,3557.11,27,SL,-0.96,-960.0
2025-03-11 15:00:00,2025-03-11 15:15:00,Short,3574.66,3585.0,27,EOD,-0.449,-449.21
2025-03-11 15:15:00,2025-03-17 09:15:00,Short,3572.56,3515.4,27,TP,1.44,1440.0
2025-03-17 09:15:00,2025-03-17 09:30:00,Short,3487.26,3515.15,28,SL,-0.96,-960.0
2025-03-17 09:30:00,2025-03-17 09:45:00,Long,3522.86,3494.68,28,SL,-0.96,-960.0
2025-03-17 10:00:00,2025-03-17 11:15:00,Long,3508.85,3480.78,28,SL,-0.96,-960.0
2025-03-19 14:30:00,2025-03-19 15:15:00,Short,3496.0,3505.0,28,EOD,-0.417,-417.4
2025-03-21 09:30:00,2025-03-21 09:45:00,Long,3528.61,3585.07,28,TP,1.44,1440.0
2025-04-08 13:00:00,2025-04-08 15:15:00,Short,3339.28,3290.0,29,EOD,1.316,1315.75
2025-04-16 09:15:00,2025-04-16 15:15:00,Long,3249.82,3274.0,30,EOD,0.584,583.91
2025-04-17 09:30:00,2025-04-17 12:45:00,Long,3227.71,3279.36,30,TP,1.44,1440.0
2025-04-29 11:15:00,2025-04-29 12:45:00,Short,3457.87,3485.53,28,SL,-0.96,-960.0
2025-04-29 12:45:00,2025-04-29 15:15:00,Short,3474.26,3463.1,28,EOD,0.161,161.28
2025-05-05 09:30:00,2025-05-05 15:15:00,Short,3484.36,3454.6,28,EOD,0.694,694.02
2025-05-06 13:30:00,2025-05-06 15:15:00,Short,3467.87,3451.6,28,EOD,0.309,309.03
2025-05-07 14:15:00,2025-05-07 15:15:00,Short,3455.57,3448.0,28,EOD,0.059,59.11
2025-05-16 10:15:00,2025-05-16 15:15:00,Short,3559.62,3561.0,28,EOD,-0.199,-198.79
2025-05-20 09:30:00,2025-05-20 15:15:00,Short,3547.93,3503.0,28,EOD,1.106,1106.24
2025-05-21 11:00:00,2025-05-21 15:15:00,Short,3533.13,3521.1,28,EOD,0.181,180.56
2025-05-26 09:45:00,2025-05-26 15:15:00,Short,3528.24,3538.0,28,EOD,-0.437,-436.77
2025-05-29 09:30:00,2025-05-29 15:15:00,Short,3511.74,3493.8,28,EOD,0.351,350.95
2025-05-30 14:45:00,2025-05-30 15:00:00,Long,3487.04,3459.15,28,SL,-0.96,-960.0
2025-05-30 15:00:00,2025-05-30 15:15:00,Long,3484.74,3456.86,28,SL,-0.96,-960.0
2025-06-06 15:00:00,2025-06-06 15:15:00,Short,3380.61,3388.0,29,EOD,-0.379,-378.63
2025-06-11 11:30:00,2025-06-11 15:15:00,Short,3468.07,3470.5,28,EOD,-0.23,-230.21
2025-06-18 10:00:00,2025-06-18 10:15:00,Long,3508.95,3480.88,28,SL,-0.96,-960.0
2025-06-18 10:15:00,2025-06-18 12:45:00,Long,3495.75,3467.78,28,SL,-0.96,-960.0
2025-06-19 09:30:00,2025-06-19 15:15:00,Long,3433.62,3420.0,29,EOD,-0.557,-556.55
2025-06-20 12:15:00,2025-06-20 15:15:00,Short,3437.18,3429.1,29,EOD,0.075,75.09
2025-06-24 09:30:00,2025-06-24 15:15:00,Short,3418.79,3392.0,29,EOD,0.624,623.6
2025-06-27 13:45:00,2025-06-27 15:15:00,Long,3435.82,3445.0,29,EOD,0.107,107.27
2025-07-09 12:30:00,2025-07-09 15:15:00,Long,3381.19,3386.0,29,EOD,-0.018,-17.73
2025-07-10 12:15:00,2025-07-10 15:15:00,Long,3372.19,3397.0,29,EOD,0.576,575.87
2025-07-11 09:30:00,2025-07-11 11:15:00,Long,3320.56,3293.99,30,SL,-0.96,-960.0
2025-07-16 09:30:00,2025-07-16 15:15:00,Long,3235.92,3230.9,30,EOD,-0.315,-315.05
2025-07-28 09:30:00,2025-07-28 14:45:00,Long,3095.85,3071.08,32,SL,-0.96,-960.0
2025-07-29 09:30:00,2025-07-29 11:45:00,Long,3067.33,3042.79,32,SL,-0.96,-960.0
2025-08-04 11:15:00,2025-08-04 13:30:00,Short,3020.49,3044.65,33,SL,-0.96,-960.0
2025-08-04 13:30:00,2025-08-05 09:15:00,Short,3038.78,3063.09,32,SL,-0.96,-960.0
2025-08-06 10:00:00,2025-08-06 15:15:00,Long,3047.82,3032.0,32,EOD,-0.679,-679.16
2025-08-07 10:00:00,2025-08-07 15:15:00,Long,3021.81,3049.0,33,EOD,0.74,739.79
2025-08-12 09:30:00,2025-08-12 09:45:00,Short,3061.57,3086.06,32,SL,-0.96,-960.0
2025-08-12 09:45:00,2025-08-12 15:00:00,Short,3078.36,3029.11,32,TP,1.44,1440.0
2025-08-13 09:30:00,2025-08-13 15:15:00,Long,3030.91,3035.0,32,EOD,-0.025,-25.21
2025-08-26 10:45:00,2025-08-26 15:15:00,Long,3137.77,3157.0,31,EOD,0.453,452.92
2025-09-01 09:30:00,2025-09-01 15:15:00,Short,3115.54,3111.0,32,EOD,-0.014,-14.23
2025-09-11 09:30:00,2025-09-11 15:15:00,Short,3120.34,3125.2,32,EOD,-0.316,-315.78
2025-09-22 09:30:00,2025-09-22 12:45:00,Long,3102.15,3077.33,32,SL,-0.96,-960.0
2025-09-23 14:15:00,2025-09-23 15:15:00,Short,3068.07,3065.0,32,EOD,-0.06,-60.09
2025-10-07 14:15:00,2025-10-07 15:15:00,Short,2981.21,2975.0,33,EOD,0.048,48.26
2025-10-09 12:30:00,2025-10-09 15:15:00,Short,3042.88,3060.2,32,EOD,-0.729,-729.27
2025-10-10 11:30:00,2025-10-10 15:15:00,Long,3016.51,3028.0,33,EOD,0.221,220.99
2025-10-20 09:45:00,2025-10-20 15:15:00,Long,2994.3,3016.3,33,EOD,0.575,574.85
2025-10-23 09:15:00,2025-10-23 15:15:00,Long,3056.53,3071.0,32,EOD,0.313,313.49
2025-10-23 15:15:00,2025-10-24 15:15:00,Long,3072.94,3061.0,32,EOD,-0.548,-548.41
2025-10-27 09:45:00,2025-10-27 15:15:00,Short,3090.45,3083.0,32,EOD,0.081,81.19
2025-11-14 09:45:00,2025-11-14 15:15:00,Long,3094.45,3112.0,32,EOD,0.407,407.26
2025-11-19 09:30:00,2025-11-19 10:15:00,Short,3112.94,3137.85,32,SL,-0.96,-960.0
2025-11-21 10:00:00,2025-11-21 15:15:00,Long,3140.57,3150.0,31,EOD,0.14,140.28
2025-11-26 11:15:00,2025-11-26 14:00:00,Short,3151.62,3176.84,31,SL,-0.96,-960.0
2025-12-01 10:00:00,2025-12-01 15:15:00,Long,3135.47,3135.1,31,EOD,-0.172,-171.7
2025-12-02 12:15:00,2025-12-02 15:15:00,Short,3135.43,3136.5,31,EOD,-0.194,-194.08
2025-12-05 11:00:00,2025-12-05 15:15:00,Short,3257.77,3241.0,30,EOD,0.355,354.78
2025-12-12 09:30:00,2025-12-12 15:15:00,Long,3198.2,3220.1,31,EOD,0.525,524.81
2025-12-22 10:15:00,2025-12-22 15:15:00,Short,3303.45,3326.0,30,EOD,-0.843,-842.7
2025-12-23 09:30:00,2025-12-23 15:15:00,Long,3299.45,3305.1,30,EOD,0.011,11.27
2025-12-24 14:30:00,2025-12-24 15:15:00,Short,3313.24,3313.1,30,EOD,-0.156,-155.7
2025-12-24 15:15:00,2025-12-26 15:15:00,Short,3322.04,3276.9,30,EOD,1.199,1198.75
2025-12-29 09:15:00,2025-12-29 11:00:00,Long,3281.64,3255.39,30,SL,-0.96,-960.0
2025-12-30 12:45:00,2025-12-30 15:15:00,Short,3258.57,3255.0,30,EOD,-0.05,-50.45
2025-12-31 09:30:00,2025-12-31 14:45:00,Long,3234.12,3208.24,30,SL,-0.96,-960.0
2026-01-06 15:15:00,2026-01-07 10:00:00,Short,3253.47,3279.5,30,SL,-0.96,-960.0
2026-01-13 15:15:00,2026-01-14 10:15:00,Short,3266.07,3213.81,30,TP,1.44,1440.0
2026-01-20 10:45:00,2026-01-20 14:30:00,Long,3138.37,3113.26,31,SL,-0.96,-960.0
2026-01-22 09:30:00,2026-01-22 15:15:00,Short,3141.63,3152.2,31,EOD,-0.497,-496.5
2026-01-23 14:15:00,2026-01-23 15:15:00,Long,3162.98,3157.0,31,EOD,-0.349,-349.08
2026-02-01 13:15:00,2026-02-01 13:30:00,Short,3185.71,3211.19,31,SL,-0.96,-960.0
2026-02-01 13:30:00,2026-02-01 15:15:00,Short,3205.0,3180.0,31,EOD,0.62,619.93
2026-02-03 09:30:00,2026-02-03 15:15:00,Short,3219.99,3220.0,31,EOD,-0.16,-160.34
2026-02-05 10:30:00,2026-02-05 15:15:00,Short,3018.59,2991.7,33,EOD,0.731,730.81
2026-02-06 15:00:00,2026-02-06 15:15:00,Short,2936.13,2940.3,34,EOD,-0.302,-301.98
2026-02-06 15:15:00,2026-02-09 09:15:00,Short,2941.03,2964.56,34,SL,-0.96,-960.0
2026-02-09 09:30:00,2026-02-09 15:15:00,Short,2947.03,2951.0,33,EOD,-0.295,-294.86
2026-02-10 10:00:00,2026-02-10 10:15:00,Short,2968.71,2992.46,33,SL,-0.96,-960.0
2026-02-10 10:15:00,2026-02-10 10:45:00,Short,2979.71,3003.55,33,SL,-0.96,-960.0
2026-02-10 11:00:00,2026-02-10 15:15:00,Short,2991.4,2984.8,33,EOD,0.061,60.75
2026-02-16 15:15:00,2026-02-17 09:15:00,Short,2705.65,2727.29,36,SL,-0.96,-960.0
2026-02-23 10:00:00,2026-02-23 15:15:00,Long,2678.14,2675.0,37,EOD,-0.277,-277.19
2026-02-27 10:00:00,2026-02-27 15:15:00,Short,2657.57,2639.7,37,EOD,0.512,512.44
2026-03-06 09:30:00,2026-03-06 10:45:00,Long,2618.41,2597.46,38,SL,-0.96,-960.0
2026-03-06 11:00:00,2026-03-06 13:00:00,Long,2592.8,2572.05,38,SL,-0.96,-960.0
2026-03-13 09:30:00,2026-03-13 12:30:00,Long,2429.71,2410.28,41,SL,-0.96,-960.0
2026-03-13 13:15:00,2026-03-13 15:15:00,Long,2405.5,2413.0,41,EOD,0.152,151.7
2026-03-24 11:30:00,2026-03-24 15:15:00,Short,2419.89,2400.8,41,EOD,0.629,628.86
2026-03-25 14:15:00,2026-03-25 15:00:00,Long,2397.8,2378.62,41,SL,-0.96,-960.0
2026-03-27 14:15:00,2026-03-27 15:15:00,Long,2399.5,2387.5,41,EOD,-0.66,-660.07
2026-03-30 10:30:00,2026-03-30 14:15:00,Long,2369.38,2350.43,42,SL,-0.96,-960.0
2026-03-30 14:15:00,2026-03-30 15:15:00,Long,2353.38,2365.0,42,EOD,0.334,333.92
2026-04-01 14:30:00,2026-04-01 15:15:00,Long,2409.6,2411.0,41,EOD,-0.102,-102.07
2026-04-08 10:45:00,2026-04-08 15:15:00,Short,2559.62,2561.1,39,EOD,-0.218,-217.84
2026-04-13 09:30:00,2026-04-13 15:15:00,Long,2484.94,2470.5,40,EOD,-0.741,-741.17
2026-04-17 09:30:00,2026-04-17 15:15:00,Short,2581.61,2583.6,38,EOD,-0.237,-237.14
