day,open,high,low,close,volume,cpr_pp,cpr_bc,cpr_tc,cpr_width,supertrend,supertrend_dir
2023-12-04 00:00:00+05:30,1220.6,1234.0,1151.15,1189.95,14538315,,,,,,1
2023-12-05 00:00:00+05:30,1192.65,1221.95,1175.0,1193.4,4352844,1191.7,1192.575,1190.825,1.75,,1
2023-12-06 00:00:00+05:30,1202.0,1207.45,1181.0,1187.0,2697604,1196.7833333333333,1198.475,1195.0916666666667,3.383333333333212,,1
2023-12-07 00:00:00+05:30,1192.95,1199.0,1180.0,1183.95,1583662,1191.8166666666666,1194.225,1189.4083333333333,4.816666666666606,,1
2023-12-08 00:00:00+05:30,1189.0,1219.7,1188.25,1190.5,2498001,1187.6499999999999,1189.5,1185.7999999999997,3.700000000000273,,1
2023-12-11 00:00:00+05:30,1199.0,1269.7,1193.0,1239.95,7923751,1199.4833333333333,1203.975,1194.9916666666668,8.983333333333121,,1
2023-12-12 00:00:00+05:30,1254.0,1263.05,1230.0,1233.0,2373424,1234.2166666666665,1231.35,1237.083333333333,5.733333333333121,,1
2023-12-13 00:00:00+05:30,1244.0,1284.8,1236.15,1249.0,4242884,1242.0166666666667,1246.525,1237.5083333333332,9.016666666666879,,1
2023-12-14 00:00:00+05:30,1270.0,1275.0,1240.15,1243.5,1935669,1256.6499999999999,1260.475,1252.8249999999998,7.650000000000091,,1
2023-12-15 00:00:00+05:30,1255.95,1256.7,1240.0,1243.0,1215627,1252.8833333333334,1257.575,1248.1916666666668,9.383333333333212,,1
2023-12-18 00:00:00+05:30,1245.65,1249.15,1225.6,1229.95,976775,1246.5666666666666,1248.35,1244.7833333333333,3.566666666666606,,1
2023-12-19 00:00:00+05:30,1233.0,1259.8,1224.6,1242.0,2048379,1234.8999999999999,1237.375,1232.4249999999997,4.950000000000273,,1
2023-12-20 00:00:00+05:30,1247.9,1248.75,1198.0,1202.0,1575906,1242.1333333333332,1242.1999999999998,1242.0666666666666,0.13333333333321207,,1
2023-12-21 00:00:00+05:30,1165.25,1218.6,1165.25,1208.75,1451516,1216.25,1223.375,1209.125,14.25,,1
2023-12-22 00:00:00+05:30,1214.7,1222.5,1205.0,1207.85,687511,1197.5333333333333,1191.925,1203.1416666666667,11.216666666666697,,1
2023-12-26 00:00:00+05:30,1210.0,1217.95,1200.5,1204.95,565357,1211.7833333333333,1213.75,1209.8166666666666,3.933333333333394,,1
2023-12-27 00:00:00+05:30,1208.0,1212.9,1196.2,1199.9,640702,1207.8,1209.225,1206.375,2.849999999999909,,1
2024-01-02 00:00:00+05:30,1184.0,1188.9,1177.0,1183.65,696835,1203.0000000000002,1204.5500000000002,1201.4500000000003,3.099999999999909,,1
2024-01-03 00:00:00+05:30,1180.0,1185.0,1168.0,1173.75,919235,1183.1833333333334,1182.95,1183.4166666666667,0.466666666666697,,1
2024-01-04 00:00:00+05:30,1175.0,1181.55,1169.45,1171.45,691889,1175.5833333333333,1176.5,1174.6666666666665,1.833333333333485,,1
2024-01-05 00:00:00+05:30,1173.5,1179.35,1170.0,1171.2,810110,1174.1499999999999,1175.5,1172.7999999999997,2.700000000000273,,1
2024-01-08 00:00:00+05:30,1174.7,1179.0,1168.6,1171.8,461740,1173.5166666666667,1174.675,1172.3583333333333,2.316666666666606,,1
2024-01-09 00:00:00+05:30,1178.1,1179.0,1165.0,1166.7,722418,1173.1333333333332,1173.8,1172.4666666666665,1.333333333333485,,1
2024-01-10 00:00:00+05:30,1170.1,1170.1,1156.0,1163.0,612062,1170.2333333333333,1172.0,1168.4666666666667,3.533333333333303,,1
2024-01-11 00:00:00+05:30,1167.95,1169.0,1158.0,1161.5,617463,1163.0333333333333,1163.05,1163.0166666666667,0.03333333333330302,,1
2024-01-12 00:00:00+05:30,1163.7,1202.0,1160.1,1169.0,2433103,1162.8333333333333,1163.5,1162.1666666666665,1.333333333333485,1119.94824,1
2024-01-15 00:00:00+05:30,1180.0,1184.9,1169.15,1173.0,747309,1177.0333333333333,1181.05,1173.0166666666667,8.033333333333303,1119.94824,1
2024-01-16 00:00:00+05:30,1171.9,1171.9,1160.0,1163.0,726607,1175.6833333333334,1177.025,1174.3416666666667,2.683333333333394,1119.94824,1
2024-01-17 00:00:00+05:30,1157.9,1166.4,1153.25,1158.5,709498,1164.9666666666667,1165.95,1163.9833333333333,1.966666666666697,1119.94824,1
2024-01-18 00:00:00+05:30,1155.1,1160.9,1130.1,1151.9,745845,1159.3833333333334,1159.825,1158.9416666666668,0.8833333333332121,1119.94824,1
2024-01-19 00:00:00+05:30,1157.0,1157.0,1140.0,1140.7,831814,1147.6333333333334,1145.5,1149.7666666666669,4.266666666666879,1119.94824,1
2024-01-20 00:00:00+05:30,1145.0,1169.05,1142.15,1150.8,594194,1145.8999999999999,1148.5,1143.2999999999997,5.200000000000273,1119.94824,1
2024-01-23 00:00:00+05:30,1162.2,1163.5,1140.0,1144.0,566486,1154.0,1155.6,1152.4,3.199999999999818,1119.94824,1
2024-01-24 00:00:00+05:30,1149.0,1153.9,1139.5,1142.0,466228,1149.1666666666667,1151.75,1146.5833333333335,5.166666666666515,1119.94824,1
2024-01-25 00:00:00+05:30,1146.0,1151.55,1138.5,1145.45,552952,1145.1333333333334,1146.7,1143.5666666666668,3.133333333333212,1119.94824,1
2024-02-01 00:00:00+05:30,1119.0,1119.0,1094.1,1099.9,1086704,1145.1666666666667,1145.025,1145.3083333333334,0.283333333333303,1162.3932822569486,-1
2024-02-02 00:00:00+05:30,1101.05,1106.0,1088.05,1099.0,870711,1104.3333333333333,1106.55,1102.1166666666666,4.433333333333394,1152.070550966671,-1
2024-02-05 00:00:00+05:30,1100.0,1102.4,1080.0,1085.0,839728,1097.6833333333334,1097.025,1098.3416666666667,1.316666666666606,1145.835728928004,-1
2024-02-06 00:00:00+05:30,1082.5,1163.55,1071.05,1135.9,3425834,1089.1333333333334,1091.2,1087.0666666666668,4.133333333333212,1145.835728928004,-1
2024-02-07 00:00:00+05:30,1148.3,1148.75,1109.35,1116.5,989696,1123.5,1117.3,1129.7,12.400000000000091,1145.835728928004,-1
2024-02-08 00:00:00+05:30,1122.8,1135.9,1106.35,1118.0,732499,1124.8666666666666,1129.05,1120.6833333333332,8.366666666666788,1145.835728928004,-1
2024-02-09 00:00:00+05:30,1116.4,1154.4,1098.7,1133.45,1235482,1120.0833333333333,1121.125,1119.0416666666665,2.083333333333485,1145.835728928004,-1
2024-02-12 00:00:00+05:30,1134.0,1137.0,1106.0,1110.25,614284,1128.8500000000001,1126.5500000000002,1131.15,4.599999999999909,1145.835728928004,-1
2024-02-13 00:00:00+05:30,1120.0,1120.0,1084.6,1104.7,580343,1117.75,1121.5,1114.0,7.5,1145.835728928004,-1
2024-02-14 00:00:00+05:30,1093.0,1120.0,1089.25,1108.8,439413,1103.1000000000001,1102.3,1103.9000000000003,1.6000000000003638,1145.835728928004,-1
2024-02-15 00:00:00+05:30,1112.95,1119.8,1100.85,1106.0,370590,1106.0166666666667,1104.625,1107.4083333333333,2.783333333333303,1145.835728928004,-1
2024-02-16 00:00:00+05:30,1111.7,1113.95,1101.05,1110.0,376112,1108.8833333333332,1110.3249999999998,1107.4416666666666,2.883333333333212,1145.835728928004,-1
2024-02-19 00:00:00+05:30,1107.45,1133.05,1107.25,1123.75,693643,1108.3333333333333,1107.5,1109.1666666666665,1.666666666666515,1145.835728928004,-1
2024-02-20 00:00:00+05:30,1123.75,1167.7,1121.0,1153.5,1869591,1121.3500000000001,1120.15,1122.5500000000002,2.400000000000091,1082.973327044786,1
2024-02-26 00:00:00+05:30,1160.5,1161.0,1096.25,1099.95,2751767,1147.3999999999999,1144.35,1150.4499999999998,6.099999999999909,1082.973327044786,1
2024-02-27 00:00:00+05:30,1103.95,1110.1,1073.55,1075.6,1583861,1119.0666666666666,1128.625,1109.5083333333332,19.116666666666788,1156.2865417955252,-1
2024-02-28 00:00:00+05:30,1080.0,1086.5,1043.0,1044.95,1793793,1086.4166666666665,1091.8249999999998,1081.0083333333332,10.816666666666606,1130.1130801237043,-1
2024-02-29 00:00:00+05:30,1044.95,1095.0,1033.1,1084.0,2097875,1058.1499999999999,1064.75,1051.5499999999997,13.200000000000273,1130.1130801237043,-1
2024-03-01 00:00:00+05:30,1097.65,1105.0,1086.1,1087.5,704015,1070.7,1064.05,1077.3500000000001,13.300000000000182,1130.1130801237043,-1
2024-03-02 00:00:00+05:30,1092.5,1098.0,1089.1,1093.5,153730,1092.8666666666666,1095.55,1090.1833333333332,5.366666666666788,1130.1130801237043,-1
2024-03-04 00:00:00+05:30,1096.7,1096.7,1070.0,1075.55,569343,1093.5333333333333,1093.55,1093.5166666666667,0.03333333333330302,1130.1130801237043,-1
2024-03-05 00:00:00+05:30,1087.0,1100.25,1072.1,1075.0,1033700,1080.75,1083.35,1078.15,5.199999999999818,1130.1130801237043,-1
2024-03-06 00:00:00+05:30,1075.45,1076.2,1058.0,1068.5,536597,1082.45,1086.175,1078.7250000000001,7.449999999999818,1130.0577237846685,-1
2024-03-07 00:00:00+05:30,1070.25,1146.45,1070.25,1129.55,4500685,1067.5666666666666,1067.1,1068.0333333333333,0.933333333333394,1130.0577237846685,-1
2024-03-11 00:00:00+05:30,1130.0,1130.0,1080.0,1084.45,1484471,1115.4166666666667,1108.35,1122.4833333333336,14.133333333333667,1130.0577237846685,-1
2024-03-12 00:00:00+05:30,1086.95,1092.25,1063.7,1067.3,898777,1098.1499999999999,1105.0,1091.2999999999997,13.700000000000273,1130.0577237846685,-1
2024-03-13 00:00:00+05:30,1082.05,1097.0,1020.0,1042.0,1624100,1074.4166666666667,1077.975,1070.8583333333336,7.116666666666333,1129.5291798179385,-1
2024-03-14 00:00:00+05:30,1037.95,1065.0,1031.1,1057.0,959403,1053.0,1058.5,1047.5,11.0,1118.9500126252208,-1
2024-03-15 00:00:00+05:30,1052.7,1060.0,1042.25,1050.0,702812,1051.0333333333333,1048.05,1054.0166666666667,5.966666666666697,1118.9500126252208,-1
2024-03-18 00:00:00+05:30,1051.0,1054.75,1041.55,1047.9,517313,1050.75,1051.125,1050.375,0.75,1115.9106516354036,-1
2024-03-19 00:00:00+05:30,1048.0,1055.0,1040.5,1042.0,386131,1048.0666666666668,1048.15,1047.9833333333336,0.16666666666651508,1113.9602255699874,-1
2024-03-20 00:00:00+05:30,1041.85,1047.05,1026.6,1032.5,683456,1045.8333333333333,1047.75,1043.9166666666665,3.833333333333485,1102.0228165471876,-1
2024-03-21 00:00:00+05:30,1043.0,1048.0,1029.05,1032.35,778051,1035.3833333333332,1036.8249999999998,1033.9416666666666,2.883333333333212,1102.0228165471876,-1
2024-03-27 00:00:00+05:30,1025.45,1033.0,1021.0,1027.9,985927,1036.4666666666667,1038.525,1034.4083333333333,4.116666666666788,1089.5016677298884,-1
2024-03-28 00:00:00+05:30,1029.5,1038.25,1020.0,1021.0,877885,1027.3,1027.0,1027.6,0.599999999999909,1089.5016677298884,-1
2024-04-01 00:00:00+05:30,1040.0,1057.45,1033.5,1049.8,946004,1026.4166666666667,1029.125,1023.7083333333335,5.416666666666515,1089.5016677298884,-1
2024-04-02 00:00:00+05:30,1059.5,1127.0,1048.05,1095.15,5495739,1046.9166666666667,1045.475,1048.3583333333336,2.883333333333667,1021.7666284993295,1
2024-04-03 00:00:00+05:30,1104.7,1146.0,1058.4,1133.55,4881297,1090.0666666666668,1087.525,1092.6083333333336,5.083333333333485,1032.0639633593564,1
2024-04-04 00:00:00+05:30,1142.95,1147.75,1116.15,1134.9,2488239,1112.6499999999999,1102.2,1123.0999999999997,20.899999999999636,1062.091404824982,1
2024-04-05 00:00:00+05:30,1133.0,1137.95,1116.0,1123.95,1300944,1132.9333333333334,1131.95,1133.9166666666667,1.966666666666697,1062.091404824982,1
2024-04-08 00:00:00+05:30,1130.05,1130.65,1100.0,1104.75,993863,1125.9666666666665,1126.975,1124.958333333333,2.016666666666879,1062.091404824982,1
2024-04-09 00:00:00+05:30,1110.9,1129.7,1091.1,1104.9,4434702,1111.8,1115.325,1108.2749999999999,7.050000000000182,1062.091404824982,1
2024-04-10 00:00:00+05:30,1110.0,1118.0,1098.1,1100.0,851500,1108.5666666666668,1110.4,1106.7333333333336,3.666666666666515,1062.091404824982,1
2024-04-12 00:00:00+05:30,1099.95,1107.4,1088.9,1091.9,670472,1105.3666666666666,1108.05,1102.6833333333332,5.366666666666788,1062.091404824982,1
2024-04-15 00:00:00+05:30,1062.0,1074.3,1050.35,1067.8,1048794,1096.0666666666668,1098.15,1093.9833333333336,4.166666666666515,1062.091404824982,1
2024-04-16 00:00:00+05:30,1060.0,1081.7,1050.0,1054.55,1255029,1064.1499999999999,1062.3249999999998,1065.975,3.650000000000091,1132.8411715909474,-1
2024-04-18 00:00:00+05:30,1068.0,1071.65,1047.05,1048.8,805182,1062.0833333333333,1065.85,1058.3166666666666,7.533333333333303,1125.6295247273097,-1
2024-04-19 00:00:00+05:30,1040.0,1045.25,1033.05,1041.4,845669,1055.8333333333333,1059.35,1052.3166666666666,7.033333333333303,1104.0383437382175,-1
2024-04-26 00:00:00+05:30,1074.7,1081.9,1070.0,1070.5,401189,1039.9,1039.15,1040.65,1.5,1104.0383437382175,-1
2024-04-29 00:00:00+05:30,1080.05,1080.05,1063.0,1068.0,685406,1074.1333333333334,1075.95,1072.3166666666668,3.633333333333212,1104.0383437382175,-1
2024-04-30 00:00:00+05:30,1067.0,1070.0,1058.0,1067.0,563573,1070.3500000000001,1071.525,1069.1750000000002,2.349999999999909,1104.0383437382175,-1
2024-05-02 00:00:00+05:30,1069.4,1095.0,1064.55,1092.45,1702034,1065.0,1064.0,1066.0,2.0,1104.0383437382175,-1
2024-05-03 00:00:00+05:30,1100.0,1109.8,1076.0,1085.0,1596753,1084.0,1079.775,1088.225,8.449999999999818,1104.0383437382175,-1
2024-05-06 00:00:00+05:30,1042.0,1058.45,1032.7,1045.5,1849518,1090.2666666666667,1092.9,1087.6333333333332,5.266666666666879,1104.0383437382175,-1
2024-05-07 00:00:00+05:30,1050.0,1055.45,1025.05,1040.5,967736,1045.55,1045.575,1045.5249999999999,0.0500000000001819,1104.0383437382175,-1
2024-05-08 00:00:00+05:30,1040.0,1044.75,1028.0,1029.4,522079,1040.3333333333333,1040.25,1040.4166666666665,0.16666666666651508,1099.4619329783427,-1
2024-05-09 00:00:00+05:30,1034.4,1036.15,1012.0,1014.0,688714,1034.05,1036.375,1031.725,4.650000000000091,1086.5704556592088,-1
2024-05-10 00:00:00+05:30,1019.35,1022.8,1006.05,1013.95,650394,1020.7166666666667,1024.075,1017.3583333333333,6.716666666666697,1075.7606374328404,-1
2024-05-13 00:00:00+05:30,1014.35,1026.85,1005.0,1018.75,433240,1014.2666666666668,1014.425,1014.1083333333336,0.31666666666637866,1075.7606374328404,-1
2024-05-14 00:00:00+05:30,1029.8,1063.1,1022.15,1060.5,893070,1016.8666666666667,1015.925,1017.8083333333334,1.8833333333334394,1075.7606374328404,-1
2024-05-15 00:00:00+05:30,1058.0,1061.1,1048.0,1056.5,431899,1048.5833333333333,1042.625,1054.5416666666665,11.916666666666515,1075.7606374328404,-1
2024-05-16 00:00:00+05:30,1056.4,1062.15,1046.0,1050.5,239044,1055.2,1054.55,1055.8500000000001,1.300000000000182,1075.7606374328404,-1
2024-05-17 00:00:00+05:30,1053.0,1053.5,1044.0,1046.7,334293,1052.8833333333334,1054.075,1051.6916666666668,2.383333333333212,1075.7606374328404,-1
2024-05-18 00:00:00+05:30,1048.5,1056.5,1042.55,1050.0,81443,1048.0666666666666,1048.75,1047.3833333333332,1.366666666666788,1075.7606374328404,-1
2024-05-27 00:00:00+05:30,1093.65,1115.9,1085.15,1090.0,1309025,1049.6833333333334,1049.525,1049.8416666666667,0.31666666666660603,1041.0963168785822,1
2024-05-28 00:00:00+05:30,1078.0,1087.85,1063.0,1065.95,590159,1097.0166666666667,1100.525,1093.5083333333332,7.016666666666879,1041.0963168785822,1
2024-05-29 00:00:00+05:30,1057.0,1072.3,1051.0,1054.0,462862,1072.2666666666667,1075.425,1069.1083333333333,6.316666666666606,1041.0963168785822,1
2024-05-30 00:00:00+05:30,1052.5,1067.3,1045.05,1051.8,536356,1059.1000000000001,1061.65,1056.5500000000002,5.099999999999909,1041.0963168785822,1
2024-05-31 00:00:00+05:30,1049.05,1056.0,1023.8,1029.0,671713,1054.7166666666665,1056.175,1053.258333333333,2.91666666666697,1098.1417837345064,-1
2024-06-03 00:00:00+05:30,1070.0,1070.0,1034.15,1038.0,794790,1036.2666666666667,1039.9,1032.6333333333332,7.266666666666879,1098.1417837345064,-1
2024-06-04 00:00:00+05:30,1035.5,1037.5,982.25,1012.0,1729828,1047.3833333333334,1052.075,1042.6916666666668,9.383333333333212,1071.159427889721,-1
2024-06-05 00:00:00+05:30,1027.0,1033.55,1000.1,1029.95,658969,1010.5833333333334,1009.875,1011.2916666666667,1.4166666666667425,1071.159427889721,-1
2024-06-06 00:00:00+05:30,1043.0,1061.0,1036.3,1051.0,912439,1021.2000000000002,1016.825,1025.5750000000003,8.750000000000227,1071.159427889721,-1
2024-06-07 00:00:00+05:30,1056.95,1071.05,1050.0,1061.7,998138,1049.4333333333334,1048.65,1050.2166666666667,1.566666666666606,1071.159427889721,-1
2024-06-10 00:00:00+05:30,1061.4,1069.45,1053.9,1058.85,684891,1060.9166666666667,1060.525,1061.3083333333334,0.783333333333303,1071.159427889721,-1
2024-06-11 00:00:00+05:30,1063.05,1073.7,1058.05,1060.8,844847,1060.7333333333333,1061.6750000000002,1059.7916666666665,1.8833333333336668,1071.159427889721,-1
2024-06-12 00:00:00+05:30,1063.0,1067.45,1055.0,1060.6,837144,1064.1833333333334,1065.875,1062.4916666666668,3.383333333333212,1071.159427889721,-1
2024-06-13 00:00:00+05:30,1058.0,1063.0,1046.5,1050.85,954253,1061.0166666666667,1061.225,1060.8083333333334,0.4166666666665151,1071.159427889721,-1
2024-06-14 00:00:00+05:30,1049.05,1049.5,1036.85,1037.0,1141999,1053.45,1054.75,1052.15,2.599999999999909,1071.159427889721,-1
2024-06-18 00:00:00+05:30,1040.4,1042.0,1027.95,1030.0,1180006,1041.1166666666666,1043.175,1039.0583333333332,4.116666666666788,1071.159427889721,-1
2024-06-19 00:00:00+05:30,1040.0,1043.9,1021.0,1029.0,1114765,1033.3166666666666,1034.975,1031.6583333333333,3.316666666666606,1071.159427889721,-1
2024-06-25 00:00:00+05:30,1004.0,1007.0,1000.0,1002.0,465213,1031.3,1032.45,1030.1499999999999,2.300000000000182,1057.2818636616137,-1
2024-06-26 00:00:00+05:30,1004.0,1010.0,1000.35,1003.55,507909,1003.0,1003.5,1002.5,1.0,1057.2818636616137,-1
2024-06-27 00:00:00+05:30,1005.0,1026.5,1003.0,1016.0,1340546,1004.6333333333332,1005.175,1004.0916666666665,1.083333333333485,1057.2818636616137,-1
2024-06-28 00:00:00+05:30,1019.2,1027.9,1017.25,1023.0,740578,1015.1666666666666,1014.75,1015.5833333333333,0.8333333333332575,1057.2818636616137,-1
2024-07-01 00:00:00+05:30,1023.3,1029.5,1012.0,1013.9,624610,1022.7166666666667,1022.575,1022.8583333333333,0.283333333333303,1057.2818636616137,-1
2024-07-02 00:00:00+05:30,1014.85,1019.1,1006.75,1010.5,428506,1018.4666666666667,1020.75,1016.1833333333334,4.566666666666606,1057.2818636616137,-1
2024-07-03 00:00:00+05:30,1014.25,1014.3,1008.15,1010.0,406938,1012.1166666666667,1012.925,1011.3083333333334,1.6166666666665606,1057.2818636616137,-1
2024-07-04 00:00:00+05:30,1013.35,1013.35,1006.2,1009.25,458236,1010.8166666666666,1011.2249999999999,1010.4083333333333,0.816666666666606,1056.32850462673,-1
2024-07-05 00:00:00+05:30,1012.95,1019.0,1009.05,1010.0,699616,1009.6,1009.7750000000001,1009.425,0.3500000000001364,1056.32850462673,-1
2024-07-08 00:00:00+05:30,1014.85,1015.75,1003.0,1004.0,454558,1012.6833333333334,1014.025,1011.3416666666668,2.6833333333331666,1054.0628698639941,-1
2024-07-09 00:00:00+05:30,1004.55,1024.6,1004.5,1013.0,999228,1007.5833333333334,1009.375,1005.7916666666667,3.5833333333332575,1054.0628698639941,-1
2024-07-10 00:00:00+05:30,1012.0,1026.75,1007.7,1011.35,897188,1014.0333333333333,1014.55,1013.5166666666667,1.033333333333303,1054.0628698639941,-1
2024-07-11 00:00:00+05:30,1014.8,1022.9,1011.95,1012.8,688717,1015.2666666666668,1017.225,1013.3083333333335,3.916666666666515,1054.0628698639941,-1
2024-07-12 00:00:00+05:30,1019.5,1043.0,1015.0,1032.0,2871319,1015.8833333333332,1017.425,1014.3416666666665,3.083333333333485,1054.0628698639941,-1
2024-07-15 00:00:00+05:30,1040.0,1043.9,1022.0,1023.9,1090167,1030.0,1029.0,1031.0,2.0,1054.0628698639941,-1
2024-07-16 00:00:00+05:30,1027.35,1033.0,1012.25,1015.9,796986,1029.9333333333334,1032.95,1026.9166666666667,6.033333333333303,1054.0628698639941,-1
2024-07-18 00:00:00+05:30,1019.25,1020.0,1008.0,1009.0,649415,1020.3833333333333,1022.625,1018.1416666666667,4.4833333333333485,1054.0628698639941,-1
2024-07-19 00:00:00+05:30,998.0,1005.8,990.0,997.9,1150869,1012.3333333333334,1014.0,1010.6666666666667,3.3333333333332575,1040.8956110758324,-1
2024-07-25 00:00:00+05:30,996.0,1002.0,994.0,1000.0,380040,997.9,997.9,997.9,0.0,1039.9157866327992,-1
2024-07-26 00:00:00+05:30,1000.0,1004.0,997.1,998.65,729858,998.6666666666666,998.0,999.3333333333333,1.3333333333332575,1039.9157866327992,-1
2024-07-29 00:00:00+05:30,1002.0,1007.35,999.05,999.75,397704,999.9166666666666,1000.55,999.2833333333333,1.2666666666666515,1039.9157866327992,-1
2024-07-30 00:00:00+05:30,1004.5,1004.5,998.0,999.5,430914,1002.0500000000001,1003.2,1000.9000000000001,2.2999999999999545,1039.9157866327992,-1
2024-07-31 00:00:00+05:30,1000.0,1004.0,998.95,999.7,320713,1000.6666666666666,1001.25,1000.0833333333333,1.1666666666667425,1039.109037058262,-1
2024-08-01 00:00:00+05:30,1001.0,1004.0,994.0,995.2,576296,1000.8833333333333,1001.475,1000.2916666666666,1.183333333333394,1035.9286755759315,-1
2024-08-02 00:00:00+05:30,993.0,997.2,990.8,992.5,352872,997.7333333333332,999.0,996.4666666666665,2.5333333333335304,1029.9635285528943,-1
2024-08-05 00:00:00+05:30,981.0,985.5,970.1,977.0,1046008,993.5,994.0,993.0,1.0,1014.1169874107784,-1
2024-08-06 00:00:00+05:30,976.25,993.95,976.0,981.35,650862,977.5333333333333,977.8,977.2666666666667,0.533333333333303,1014.1169874107784,-1
2024-08-07 00:00:00+05:30,990.0,1001.95,983.1,1000.0,560796,983.7666666666668,984.975,982.5583333333335,2.416666666666515,1014.1169874107784,-1
2024-08-08 00:00:00+05:30,1000.0,1004.3,992.2,999.6,442657,995.0166666666668,992.5250000000001,997.5083333333334,4.9833333333333485,1014.1169874107784,-1
2024-08-09 00:00:00+05:30,1004.7,1009.95,987.5,989.9,389481,998.6999999999999,998.25,999.1499999999999,0.8999999999998636,1014.1169874107784,-1
2024-08-12 00:00:00+05:30,985.0,994.9,980.35,992.5,381996,995.7833333333333,998.725,992.8416666666666,5.883333333333439,1014.1169874107784,-1
2024-08-13 00:00:00+05:30,993.0,996.9,988.0,996.0,435960,989.25,987.625,990.875,3.25,1014.1169874107784,-1
2024-08-14 00:00:00+05:30,994.05,996.0,980.0,993.0,345356,993.6333333333333,992.45,994.8166666666666,2.3666666666665606,1014.1169874107784,-1
2024-08-16 00:00:00+05:30,994.95,1012.0,993.15,998.0,1199796,989.6666666666666,988.0,991.3333333333333,3.3333333333332575,1014.1169874107784,-1
2024-08-19 00:00:00+05:30,1007.35,1007.35,996.0,996.3,338984,1001.0500000000001,1002.575,999.5250000000001,3.0499999999999545,1014.1169874107784,-1
2024-08-20 00:00:00+05:30,1001.0,1040.0,998.0,1000.0,3397146,999.8833333333332,1001.675,998.0916666666665,3.583333333333485,1014.1169874107784,-1
2024-08-21 00:00:00+05:30,1007.0,1048.75,1000.45,1027.0,4997321,1012.6666666666666,1019.0,1006.3333333333333,12.666666666666742,985.2605592490465,1
2024-08-22 00:00:00+05:30,1036.5,1045.0,1002.4,1010.8,3567230,1025.3999999999999,1024.6,1026.1999999999998,1.599999999999909,985.2605592490465,1
2024-08-23 00:00:00+05:30,1012.95,1054.8,1012.95,1038.7,17435763,1019.4,1023.7,1015.0999999999999,8.600000000000136,990.8280914039213,1
2024-08-29 00:00:00+05:30,1080.0,1089.9,1057.4,1062.0,4351856,1035.4833333333333,1033.875,1037.0916666666667,3.216666666666697,1028.2289677477645,1
2024-08-30 00:00:00+05:30,1069.0,1080.0,1054.2,1064.55,5254563,1069.7666666666667,1073.65,1065.8833333333332,7.766666666666879,1028.2289677477645,1
2024-09-02 00:00:00+05:30,1075.0,1076.0,1048.0,1049.6,3192113,1066.25,1067.1,1065.4,1.699999999999818,1028.2289677477645,1
2024-09-03 00:00:00+05:30,1057.0,1074.3,1045.55,1069.0,4378550,1057.8666666666666,1062.0,1053.7333333333331,8.266666666666879,1028.2289677477645,1
2024-09-04 00:00:00+05:30,1058.0,1068.0,1051.6,1056.25,2297737,1062.95,1059.925,1065.9750000000001,6.050000000000182,1028.2289677477645,1
2024-09-05 00:00:00+05:30,1063.0,1088.0,1058.25,1073.6,4747362,1058.6166666666666,1059.8,1057.4333333333332,2.366666666666788,1028.2289677477645,1
2024-09-06 00:00:00+05:30,1083.0,1122.9,1075.05,1109.35,13322848,1073.2833333333333,1073.125,1073.4416666666666,0.31666666666660603,1050.135707646283,1
2024-09-09 00:00:00+05:30,1115.0,1115.0,1074.25,1077.15,4333532,1102.4333333333332,1098.975,1105.8916666666664,6.916666666666515,1050.135707646283,1
2024-09-10 00:00:00+05:30,1088.9,1109.7,1085.05,1090.5,3197233,1088.8,1094.625,1082.975,11.650000000000091,1050.135707646283,1
2024-09-11 00:00:00+05:30,1098.0,1107.8,1073.9,1074.95,2787366,1095.0833333333333,1097.375,1092.7916666666665,4.583333333333485,1050.135707646283,1
2024-09-12 00:00:00+05:30,1089.9,1095.0,1079.2,1081.6,1867644,1085.55,1090.85,1080.25,10.599999999999909,1050.135707646283,1
2024-09-13 00:00:00+05:30,1090.0,1105.9,1085.3,1090.05,2187354,1085.2666666666667,1087.1,1083.4333333333334,3.666666666666515,1050.135707646283,1
2024-09-16 00:00:00+05:30,1106.0,1120.85,1090.75,1097.0,3060113,1093.75,1095.6,1091.9,3.699999999999818,1054.4929595984718,1
2024-09-17 00:00:00+05:30,1095.5,1100.45,1077.9,1081.35,1425035,1102.8666666666666,1105.8,1099.9333333333332,5.866666666666788,1054.4929595984718,1
2024-09-23 00:00:00+05:30,1130.0,1130.0,1101.0,1109.0,3058432,1086.5666666666668,1089.1750000000002,1083.9583333333335,5.216666666666697,1062.5915915659516,1
2024-09-24 00:00:00+05:30,1109.7,1113.3,1096.0,1100.55,1196499,1113.3333333333333,1115.5,1111.1666666666665,4.333333333333485,1062.5915915659516,1
2024-09-25 00:00:00+05:30,1100.8,1111.0,1085.0,1090.0,1207327,1103.2833333333335,1104.65,1101.916666666667,2.733333333333121,1062.5915915659516,1
2024-09-26 00:00:00+05:30,1090.0,1107.0,1084.0,1096.95,1306643,1095.3333333333333,1098.0,1092.6666666666665,5.333333333333485,1062.5915915659516,1
2024-09-27 00:00:00+05:30,1099.0,1134.7,1098.7,1117.05,3487767,1095.9833333333333,1095.5,1096.4666666666667,0.966666666666697,1063.834622677466,1
2024-09-30 00:00:00+05:30,1115.0,1118.0,1100.2,1104.0,1326361,1116.8166666666666,1116.7,1116.9333333333332,0.23333333333312112,1063.834622677466,1
2024-10-01 00:00:00+05:30,1105.0,1112.0,1091.4,1095.3,987470,1107.3999999999999,1109.1,1105.6999999999998,3.400000000000091,1063.834622677466,1
2024-10-03 00:00:00+05:30,1078.9,1087.7,1061.05,1064.0,1387619,1099.5666666666666,1101.7,1097.4333333333332,4.266666666666879,1063.834622677466,1
2024-10-04 00:00:00+05:30,1063.35,1082.0,1047.25,1059.75,1914616,1070.9166666666667,1074.375,1067.4583333333335,6.916666666666515,1117.7150872359964,-1
2024-10-07 00:00:00+05:30,1065.0,1070.65,1016.5,1026.6,2121045,1063.0,1064.625,1061.375,3.25,1098.8734837465565,-1
2024-10-08 00:00:00+05:30,1030.0,1048.55,1021.55,1042.3,967797,1037.9166666666667,1043.575,1032.2583333333334,11.316666666666606,1090.2965443966941,-1
2024-10-09 00:00:00+05:30,1064.0,1064.05,1044.2,1051.9,1328423,1037.4666666666665,1035.05,1039.883333333333,4.83333333333303,1090.2965443966941,-1
2024-10-10 00:00:00+05:30,1045.1,1089.15,1045.1,1065.75,2960846,1053.3833333333334,1054.125,1052.6416666666669,1.4833333333331211,1090.2965443966941,-1
2024-10-11 00:00:00+05:30,1064.7,1068.5,1051.7,1054.9,817424,1066.6666666666667,1067.125,1066.2083333333335,0.9166666666665151,1090.2965443966941,-1
2024-10-14 00:00:00+05:30,1057.5,1062.45,1048.1,1050.6,800174,1058.3666666666666,1060.1,1056.6333333333332,3.466666666666697,1090.2965443966941,-1
2024-10-15 00:00:00+05:30,1057.9,1064.0,1052.35,1057.75,732752,1053.7166666666667,1055.275,1052.1583333333333,3.116666666666788,1090.2965443966941,-1
2024-10-16 00:00:00+05:30,1042.0,1080.0,1042.0,1077.0,1442724,1058.0333333333333,1058.175,1057.8916666666667,0.283333333333303,1090.2965443966941,-1
2024-10-17 00:00:00+05:30,1076.9,1087.85,1058.0,1062.9,1250419,1066.3333333333333,1061.0,1071.6666666666665,10.666666666666515,1090.2965443966941,-1
2024-10-23 00:00:00+05:30,1023.65,1056.9,1014.05,1039.7,1317686,1069.5833333333333,1072.925,1066.2416666666666,6.683333333333394,1090.2965443966941,-1
2024-10-24 00:00:00+05:30,1040.9,1051.3,1018.15,1025.9,1015336,1036.8833333333332,1035.475,1038.2916666666665,2.816666666666606,1090.2965443966941,-1
2024-10-25 00:00:00+05:30,1028.0,1032.9,1000.1,1015.5,1203546,1031.7833333333333,1034.725,1028.8416666666667,5.883333333333212,1073.2258185651249,-1
2024-10-28 00:00:00+05:30,1016.0,1030.6,994.5,1001.8,1312573,1016.1666666666666,1016.5,1015.8333333333333,0.6666666666667425,1069.89478582252,-1
2024-10-29 00:00:00+05:30,1004.5,1016.4,986.75,1000.9,1700855,1008.9666666666666,1012.55,1005.3833333333332,7.1666666666667425,1058.9979943896192,-1
2024-10-30 00:00:00+05:30,1005.0,1012.85,1000.15,1005.5,762284,1001.35,1001.575,1001.125,0.4500000000000455,1058.9979943896192,-1
2024-10-31 00:00:00+05:30,1005.6,1012.9,1000.2,1007.0,454503,1006.1666666666666,1006.5,1005.8333333333333,0.6666666666667425,1058.9979943896192,-1
2024-11-01 00:00:00+05:30,1015.0,1032.0,1012.0,1029.65,450836,1006.6999999999999,1006.55,1006.8499999999999,0.2999999999999545,1058.9979943896192,-1
2024-11-04 00:00:00+05:30,1029.0,1029.0,1002.0,1010.0,612545,1024.55,1022.0,1027.1,5.099999999999909,1058.9979943896192,-1
2024-11-05 00:00:00+05:30,1010.0,1014.8,1003.95,1010.55,512005,1013.6666666666666,1015.5,1011.8333333333333,3.6666666666667425,1058.9979943896192,-1
2024-11-06 00:00:00+05:30,1020.0,1038.0,1014.25,1035.0,837243,1009.7666666666668,1009.375,1010.1583333333335,0.7833333333335304,1058.9979943896192,-1
2024-11-07 00:00:00+05:30,1035.0,1036.0,1013.0,1014.0,482885,1029.0833333333333,1026.125,1032.0416666666665,5.916666666666515,1058.9979943896192,-1
2024-11-08 00:00:00+05:30,1018.25,1019.7,1003.0,1005.0,501541,1021.0,1024.5,1017.5,7.0,1058.9979943896192,-1
2024-11-11 00:00:00+05:30,1004.95,1005.45,995.0,996.5,590011,1009.2333333333332,1011.35,1007.1166666666664,4.233333333333576,1051.3523152634184,-1
2024-11-12 00:00:00+05:30,999.0,1005.65,990.05,992.7,468877,998.9833333333332,1000.225,997.7416666666664,2.483333333333576,1048.1802226528814,-1
2024-11-13 00:00:00+05:30,991.35,997.1,956.65,964.95,1237214,996.1333333333332,997.8499999999999,994.4166666666665,3.433333333333394,1028.4280137467663,-1
2024-11-14 00:00:00+05:30,961.5,971.65,957.0,964.9,636160,972.9,976.875,968.925,7.9500000000000455,1014.9878931968957,-1
2024-11-22 00:00:00+05:30,935.55,944.0,931.0,941.75,520874,964.5166666666668,964.325,964.7083333333335,0.38333333333343944,988.8483774690199,-1
2024-11-25 00:00:00+05:30,955.0,963.0,941.0,942.95,624239,938.9166666666666,937.5,940.3333333333333,2.8333333333332575,988.8483774690199,-1
2024-11-26 00:00:00+05:30,946.8,952.95,940.1,940.15,460479,948.9833333333332,952.0,945.9666666666665,6.03333333333353,988.8483774690199,-1
2024-11-27 00:00:00+05:30,944.95,948.45,937.7,938.0,659741,944.4000000000001,946.5250000000001,942.2750000000001,4.25,988.8483774690199,-1
2024-11-28 00:00:00+05:30,942.9,950.85,931.1,934.5,1212110,941.3833333333333,943.075,939.6916666666666,3.3833333333334394,988.8483774690199,-1
2024-11-29 00:00:00+05:30,934.0,944.35,933.05,941.1,630804,938.8166666666666,940.975,936.6583333333332,4.316666666666833,986.1857996078978,-1
2024-12-02 00:00:00+05:30,939.1,956.95,936.4,949.4,1093475,939.5,938.7,940.3,1.599999999999909,986.1857996078978,-1
2024-12-03 00:00:00+05:30,951.0,973.85,951.0,956.85,1019437,947.5833333333334,946.675,948.4916666666668,1.8166666666668334,986.1857996078978,-1
2024-12-04 00:00:00+05:30,961.0,968.9,948.45,952.95,943538,960.5666666666666,962.425,958.7083333333333,3.716666666666697,986.1857996078978,-1
2024-12-05 00:00:00+05:30,953.0,962.9,950.15,954.55,853945,956.7666666666668,958.675,954.8583333333336,3.8166666666663787,986.1857996078978,-1
2024-12-06 00:00:00+05:30,958.7,959.85,949.4,955.0,699253,955.8666666666667,956.525,955.2083333333334,1.316666666666606,986.1857996078978,-1
2024-12-09 00:00:00+05:30,954.5,960.0,947.0,947.6,745224,954.75,954.625,954.875,0.25,986.1857996078978,-1
2024-12-10 00:00:00+05:30,949.95,951.6,937.0,942.8,902660,951.5333333333333,953.5,949.5666666666666,3.933333333333394,986.1857996078978,-1
2024-12-11 00:00:00+05:30,944.0,946.6,941.15,942.4,422445,943.7999999999998,944.3,943.2999999999997,1.0000000000002274,986.1857996078978,-1
2024-12-12 00:00:00+05:30,945.8,955.0,940.0,941.1,857705,943.3833333333333,943.875,942.8916666666667,0.9833333333333485,986.1857996078978,-1
2024-12-13 00:00:00+05:30,942.0,946.95,935.0,937.55,898130,945.3666666666667,947.5,943.2333333333333,4.2666666666666515,982.2306154963792,-1
2024-12-16 00:00:00+05:30,937.0,942.0,931.05,931.75,777532,939.8333333333334,940.975,938.6916666666667,2.283333333333303,977.0063908765239,-1
2024-12-23 00:00:00+05:30,898.0,902.0,883.3,888.35,750125,934.9333333333334,936.525,933.3416666666668,3.1833333333331666,935.388135241463,-1
2024-12-24 00:00:00+05:30,891.0,922.9,888.0,908.55,1048909,891.2166666666667,892.65,889.7833333333334,2.8666666666665606,935.388135241463,-1
2024-12-26 00:00:00+05:30,910.35,914.5,897.65,901.5,428789,906.4833333333332,905.45,907.5166666666664,2.0666666666663787,935.388135241463,-1
2024-12-27 00:00:00+05:30,902.0,907.85,897.3,899.95,345438,904.5500000000001,906.075,903.0250000000001,3.0499999999999545,935.388135241463,-1
2024-12-30 00:00:00+05:30,899.0,899.9,886.0,894.05,683381,901.7000000000002,902.575,900.8250000000003,1.7499999999997726,934.8882278601515,-1
2024-12-31 00:00:00+05:30,894.0,897.9,887.2,893.0,433630,893.3166666666666,892.95,893.6833333333332,0.7333333333331211,933.6666987457453,-1
2025-01-01 00:00:00+05:30,894.0,896.95,887.65,890.9,436605,892.6999999999999,892.55,892.8499999999999,0.2999999999999545,932.5160307959155,-1
2025-01-02 00:00:00+05:30,890.8,909.9,890.1,904.25,627420,891.8333333333334,892.3,891.3666666666668,0.9333333333331666,932.5160307959155,-1
2025-01-03 00:00:00+05:30,906.65,912.5,895.0,897.8,623913,901.4166666666666,900.0,902.8333333333333,2.8333333333332575,932.5160307959155,-1
2025-01-06 00:00:00+05:30,897.95,900.9,874.2,879.6,782514,901.7666666666668,903.75,899.7833333333335,3.9666666666664696,928.0703846222551,-1
2025-01-07 00:00:00+05:30,881.0,888.0,878.05,882.6,420645,884.9,887.55,882.25,5.2999999999999545,922.7205692373649,-1
2025-01-08 00:00:00+05:30,898.0,912.0,882.0,884.2,2175514,882.8833333333333,883.025,882.7416666666667,0.283333333333303,922.7205692373649,-1
2025-01-09 00:00:00+05:30,885.75,889.6,869.8,872.85,571151,892.7333333333332,897.0,888.4666666666665,8.53333333333353,920.1714366091555,-1
2025-01-10 00:00:00+05:30,872.9,876.2,828.3,833.0,1863631,877.4166666666666,879.7,875.1333333333332,4.566666666666833,894.9345791447893,-1
2025-01-13 00:00:00+05:30,830.0,834.4,790.55,796.9,1848462,845.8333333333334,852.25,839.4166666666667,12.833333333333258,856.9601959789976,-1
2025-01-14 00:00:00+05:30,804.35,813.0,795.15,804.5,985384,807.2833333333333,812.4749999999999,802.0916666666667,10.383333333333212,848.2087881398379,-1
2025-01-15 00:00:00+05:30,804.0,815.6,796.7,799.15,809846,804.2166666666667,804.075,804.3583333333333,0.283333333333303,848.2087881398379,-1
2025-01-21 00:00:00+05:30,816.0,841.3,812.0,816.0,1288956,803.8166666666667,806.1500000000001,801.4833333333333,4.6666666666667425,848.2087881398379,-1
2025-01-22 00:00:00+05:30,808.05,808.85,788.65,799.0,1327001,823.1,826.65,819.5500000000001,7.099999999999909,844.6153303836876,-1
2025-01-23 00:00:00+05:30,800.0,818.5,797.2,798.0,713565,798.8333333333334,798.75,798.9166666666667,0.16666666666674246,844.6153303836876,-1
2025-01-24 00:00:00+05:30,798.85,806.75,781.0,782.0,831888,804.5666666666666,807.85,801.2833333333332,6.566666666666833,839.8403284816064,-1
2025-01-27 00:00:00+05:30,780.0,781.4,756.0,760.0,1035192,789.9166666666666,793.875,785.9583333333333,7.9166666666667425,814.9067153423423,-1
2025-01-28 00:00:00+05:30,765.0,775.2,737.1,756.2,1191980,765.8000000000001,768.7,762.9000000000001,5.7999999999999545,803.5564467286486,-1
2025-01-29 00:00:00+05:30,757.0,784.9,756.1,780.5,686640,756.1666666666666,756.1500000000001,756.1833333333332,0.03333333333307564,803.5564467286486,-1
2025-01-30 00:00:00+05:30,786.5,790.5,775.3,778.95,436875,773.8333333333334,770.5,777.1666666666667,6.6666666666667425,803.5564467286486,-1
2025-01-31 00:00:00+05:30,779.55,790.0,777.0,789.2,559983,781.5833333333334,782.9,780.2666666666668,2.633333333333212,803.5564467286486,-1
2025-02-01 00:00:00+05:30,790.0,796.75,772.1,775.75,563298,785.4,783.5,787.3,3.7999999999999545,803.5564467286486,-1
2025-02-03 00:00:00+05:30,770.25,774.2,758.35,772.0,525969,781.5333333333333,784.425,778.6416666666667,5.783333333333303,803.5564467286486,-1
2025-02-04 00:00:00+05:30,772.0,780.4,763.75,769.9,516306,768.1833333333334,766.2750000000001,770.0916666666667,3.816666666666606,803.5564467286486,-1
2025-02-05 00:00:00+05:30,772.15,799.2,772.15,796.0,749181,771.35,772.075,770.625,1.4500000000000455,803.5564467286486,-1
2025-02-06 00:00:00+05:30,798.95,803.0,784.0,786.0,516806,789.1166666666667,785.675,792.5583333333334,6.883333333333439,803.5564467286486,-1
2025-02-07 00:00:00+05:30,785.95,789.75,775.0,776.75,438102,791.0,793.5,788.5,5.0,803.5564467286486,-1
2025-02-10 00:00:00+05:30,780.0,786.4,767.1,769.95,438245,780.5,782.375,778.625,3.75,803.5564467286486,-1
2025-02-11 00:00:00+05:30,766.0,769.3,745.0,747.0,638196,774.4833333333332,776.75,772.2166666666665,4.53333333333353,802.0897244782536,-1
2025-02-12 00:00:00+05:30,748.8,751.4,725.3,741.25,818951,753.7666666666668,757.15,750.3833333333336,6.766666666666424,783.5801354991233,-1
2025-02-13 00:00:00+05:30,738.5,750.8,736.1,739.0,489162,739.3166666666666,738.3499999999999,740.2833333333333,1.933333333333394,783.5801354991233,-1
2025-02-14 00:00:00+05:30,743.7,744.2,718.0,736.0,760556,741.9666666666667,743.45,740.4833333333333,2.966666666666697,776.0090528759922,-1
2025-02-20 00:00:00+05:30,735.0,764.0,735.0,746.0,2314930,732.7333333333332,731.1,734.3666666666664,3.266666666666424,776.0090528759922,-1
2025-02-21 00:00:00+05:30,747.95,758.45,740.55,741.3,533603,748.3333333333334,749.5,747.1666666666667,2.3333333333332575,776.0090528759922,-1
2025-02-24 00:00:00+05:30,740.0,741.0,731.45,733.45,580877,746.7666666666668,749.5,744.0333333333335,5.46666666666647,776.0090528759922,-1
2025-02-25 00:00:00+05:30,732.0,736.8,723.5,730.05,502707,735.3000000000001,736.225,734.3750000000001,1.849999999999909,773.4861482930821,-1
2025-02-27 00:00:00+05:30,725.0,729.9,712.15,713.3,886404,730.1166666666667,730.15,730.0833333333334,0.06666666666660603,764.0597023613587,-1
2025-02-28 00:00:00+05:30,700.5,708.95,664.45,672.9,3247357,718.4499999999999,721.025,715.8749999999999,5.150000000000091,731.9213142669045,-1
2025-03-03 00:00:00+05:30,675.1,679.4,634.55,663.0,2224574,682.1,686.7,677.5,9.200000000000045,703.9754616962282,-1
2025-03-04 00:00:00+05:30,657.1,677.0,645.0,645.4,1784867,658.9833333333332,656.9749999999999,660.9916666666666,4.0166666666666515,703.9754616962282,-1
2025-03-05 00:00:00+05:30,647.0,676.9,647.0,673.5,1597933,655.8000000000001,661.0,650.6000000000001,10.399999999999864,703.9754616962282,-1
2025-03-06 00:00:00+05:30,682.0,684.4,668.5,669.95,1310700,665.8000000000001,661.95,669.6500000000001,7.7000000000000455,703.9754616962282,-1
2025-03-07 00:00:00+05:30,671.0,682.55,665.05,672.25,1276481,674.2833333333334,676.45,672.1166666666668,4.3333333333332575,703.9754616962282,-1
2025-03-10 00:00:00+05:30,674.45,676.0,650.0,650.8,1140634,673.2833333333333,673.8,672.7666666666667,1.033333333333303,703.9754616962282,-1
2025-03-11 00:00:00+05:30,650.0,655.75,643.7,648.05,1131777,658.9333333333333,663.0,654.8666666666666,8.13333333333344,696.1191091410872,-1
2025-03-12 00:00:00+05:30,651.0,653.6,635.1,642.3,1414544,649.1666666666666,649.725,648.6083333333332,1.116666666666788,690.3683447754437,-1
2025-03-13 00:00:00+05:30,645.0,647.05,630.2,636.95,1572736,643.6666666666666,644.35,642.9833333333332,1.366666666666788,684.1506109844258,-1
2025-03-24 00:00:00+05:30,689.95,709.2,688.15,698.0,2271357,638.0666666666667,638.625,637.5083333333334,1.1166666666665606,649.1904134549511,1
2025-03-25 00:00:00+05:30,708.7,728.75,695.0,696.5,4581948,698.4499999999999,698.675,698.2249999999999,0.4500000000000455,661.6697969167531,1
2025-03-26 00:00:00+05:30,703.0,706.55,687.6,699.8,2481188,706.75,711.875,701.625,10.25,661.6697969167531,1
2025-03-27 00:00:00+05:30,687.0,694.7,681.0,683.0,2866945,697.9833333333332,697.075,698.8916666666664,1.8166666666663787,661.6697969167531,1
2025-03-28 00:00:00+05:30,688.95,698.0,673.55,674.0,2177858,686.2333333333332,687.85,684.6166666666664,3.233333333333576,661.6697969167531,1
2025-04-01 00:00:00+05:30,677.9,690.95,674.7,686.5,1591814,681.85,685.775,677.9250000000001,7.849999999999909,661.6697969167531,1
2025-04-02 00:00:00+05:30,687.0,690.0,675.05,687.5,863152,684.0500000000001,682.825,685.2750000000001,2.4500000000000455,661.6697969167531,1
2025-04-03 00:00:00+05:30,684.85,691.0,677.45,681.5,1100686,684.1833333333334,682.525,685.8416666666668,3.3166666666668334,661.6697969167531,1
2025-04-04 00:00:00+05:30,678.0,681.9,642.0,653.0,2131180,683.3166666666666,684.225,682.4083333333332,1.8166666666668334,710.2854520785435,-1
2025-04-07 00:00:00+05:30,602.0,618.2,597.0,611.5,2448536,658.9666666666667,661.95,655.9833333333333,5.966666666666697,658.4820339954017,-1
2025-04-08 00:00:00+05:30,625.0,632.7,611.35,618.0,1267115,608.9,607.6,610.1999999999999,2.599999999999909,658.4820339954017,-1
2025-04-09 00:00:00+05:30,615.85,617.85,599.0,614.0,1577545,620.6833333333334,622.0250000000001,619.3416666666667,2.683333333333394,658.4775625301621,-1
2025-04-11 00:00:00+05:30,633.95,634.0,618.6,632.9,1229484,610.2833333333333,608.425,612.1416666666667,3.716666666666697,658.4775625301621,-1
2025-04-15 00:00:00+05:30,637.85,655.5,637.0,652.0,1126947,628.5,626.3,630.7,4.400000000000091,658.4775625301621,-1
2025-04-21 00:00:00+05:30,655.0,686.75,655.0,686.0,2366599,648.1666666666666,646.25,650.0833333333333,3.8333333333332575,620.6014560373144,1
2025-04-22 00:00:00+05:30,690.05,711.8,679.0,705.95,3210219,675.9166666666666,670.875,680.9583333333333,10.083333333333258,644.5133977958218,1
2025-04-23 00:00:00+05:30,715.5,726.85,711.8,720.0,2719095,698.9166666666666,695.4,702.4333333333333,7.033333333333303,668.801861883989,1
2025-04-24 00:00:00+05:30,725.0,731.75,715.0,716.75,1848832,719.5500000000001,719.325,719.7750000000001,0.4500000000000455,673.5327874086294,1
2025-04-25 00:00:00+05:30,722.65,724.0,688.75,692.0,1651821,721.1666666666666,723.375,718.9583333333333,4.4166666666667425,673.5327874086294,1
2025-04-28 00:00:00+05:30,693.35,712.35,686.6,705.5,1698825,701.5833333333334,706.375,696.7916666666667,9.583333333333258,673.5327874086294,1
2025-04-29 00:00:00+05:30,685.0,692.4,662.15,662.5,45059921,701.4833333333332,699.475,703.4916666666664,4.016666666666424,729.4167117992388,-1
2025-04-30 00:00:00+05:30,663.0,667.8,655.35,655.95,3023833,672.35,677.275,667.4250000000001,9.849999999999909,712.6270433272693,-1
2025-05-02 00:00:00+05:30,657.85,665.9,645.55,645.9,2388321,659.7,661.575,657.825,3.75,706.3629615941784,-1
2025-05-05 00:00:00+05:30,649.0,668.9,645.8,666.0,2538322,652.4499999999999,655.7249999999999,649.175,6.5499999999999545,706.3629615941784,-1
2025-05-06 00:00:00+05:30,667.7,669.15,647.15,647.25,1465425,660.2333333333332,657.3499999999999,663.1166666666666,5.7666666666666515,706.3629615941784,-1
2025-05-07 00:00:00+05:30,639.9,659.95,639.1,658.0,1111232,654.5166666666667,658.15,650.8833333333333,7.2666666666666515,699.3869443889872,-1
2025-05-08 00:00:00+05:30,660.05,672.8,651.1,652.6,2161650,652.35,649.5250000000001,655.175,5.649999999999864,699.3869443889872,-1
2025-05-09 00:00:00+05:30,640.1,667.75,640.0,665.5,1769769,658.8333333333334,661.95,655.7166666666667,6.2333333333333485,699.3869443889872,-1
2025-05-12 00:00:00+05:30,675.95,705.0,671.35,700.95,5024622,657.75,653.875,661.625,7.75,637.169245169065,1
2025-05-13 00:00:00+05:30,703.95,712.6,700.05,704.75,2244183,692.4333333333334,688.175,696.6916666666668,8.516666666666879,656.3554753623025,1
2025-05-14 00:00:00+05:30,711.0,711.0,701.05,707.0,1646893,705.8000000000001,706.325,705.2750000000001,1.0499999999999545,657.2582563478103,1
2025-05-15 00:00:00+05:30,710.9,722.95,709.1,720.8,2602275,706.35,706.025,706.6750000000001,0.650000000000091,667.932926093898,1
2025-05-21 00:00:00+05:30,742.0,759.3,737.5,756.5,1712707,717.6166666666668,716.0250000000001,719.2083333333335,3.183333333333394,699.151609050142,1
2025-05-22 00:00:00+05:30,756.95,768.9,748.45,764.85,1508128,751.1,748.4,753.8000000000001,5.400000000000091,709.7605446881363,1
2025-05-23 00:00:00+05:30,767.0,772.95,761.4,764.0,1170531,760.7333333333332,758.675,762.7916666666665,4.116666666666561,719.2931229006108,1
2025-05-26 00:00:00+05:30,766.0,769.9,758.25,763.5,1119943,766.1166666666667,767.175,765.0583333333334,2.1166666666665606,719.2931229006108,1
2025-05-27 00:00:00+05:30,764.15,781.45,761.3,773.0,2529312,763.8833333333333,764.075,763.6916666666666,0.38333333333343944,724.740342065203,1
2025-05-28 00:00:00+05:30,773.05,783.15,754.0,755.9,2605894,771.9166666666666,771.375,772.4583333333333,1.0833333333332575,724.740342065203,1
2025-05-29 00:00:00+05:30,760.0,774.3,755.55,773.05,1571818,764.35,768.575,760.125,8.450000000000045,724.740342065203,1
2025-05-30 00:00:00+05:30,775.5,790.6,767.25,771.7,7959851,767.6333333333332,764.925,770.3416666666665,5.416666666666515,732.2084680773994,1
2025-06-02 00:00:00+05:30,773.0,779.3,765.25,774.3,1135734,776.5166666666668,778.925,774.1083333333336,4.816666666666379,732.2084680773994,1
2025-06-03 00:00:00+05:30,777.95,778.05,764.6,768.0,953208,772.9499999999999,772.275,773.6249999999999,1.349999999999909,732.2084680773994,1
2025-06-04 00:00:00+05:30,759.0,769.0,752.5,761.45,7368842,770.2166666666667,771.325,769.1083333333333,2.216666666666697,732.2084680773994,1
2025-06-05 00:00:00+05:30,761.5,776.0,760.6,765.9,2784408,760.9833333333332,760.75,761.2166666666665,0.4666666666664696,732.2084680773994,1
2025-06-06 00:00:00+05:30,766.65,767.7,751.4,759.0,2203494,767.5,768.3,766.7,1.599999999999909,732.2084680773994,1
2025-06-09 00:00:00+05:30,760.9,779.0,759.8,776.9,2203227,759.3666666666667,759.55,759.1833333333334,0.36666666666656056,732.2084680773994,1
2025-06-10 00:00:00+05:30,780.0,796.95,776.15,790.0,3050292,771.9,769.4,774.4,5.0,743.0749205113665,1
2025-06-11 00:00:00+05:30,791.05,797.0,778.95,785.0,1587598,787.6999999999999,786.55,788.8499999999999,2.2999999999999545,744.7949236909119,1
2025-06-12 00:00:00+05:30,789.7,789.7,761.25,762.05,1388687,786.9833333333332,787.975,785.9916666666664,1.9833333333335759,744.7949236909119,1
2025-06-13 00:00:00+05:30,740.1,758.95,740.1,756.0,1808221,771.0,775.475,766.525,8.950000000000045,744.7949236909119,1
2025-06-20 00:00:00+05:30,718.7,718.7,696.3,706.0,4350309,751.6833333333334,749.5250000000001,753.8416666666667,4.316666666666606,754.2622895933973,-1
2025-06-23 00:00:00+05:30,701.0,711.0,697.25,698.9,1777665,707.0,707.5,706.5,1.0,750.1167980096615,-1
2025-06-24 00:00:00+05:30,705.5,709.7,696.0,697.6,2210028,702.3833333333333,704.125,700.6416666666667,3.4833333333333485,748.0981260892751,-1
2025-06-25 00:00:00+05:30,703.0,707.5,698.3,700.25,1468806,701.1,702.85,699.35,3.5,747.130201045704,-1
2025-06-26 00:00:00+05:30,701.95,705.6,699.6,705.2,1632187,702.0166666666668,702.9,701.1333333333336,1.7666666666664241,745.5409930038759,-1
2025-06-27 00:00:00+05:30,707.0,727.1,706.9,715.2,2920938,703.4666666666667,702.6,704.3333333333334,1.7333333333333485,745.5409930038759,-1
2025-06-30 00:00:00+05:30,718.8,720.0,705.0,710.9,1678140,716.4,717.0,715.8,1.2000000000000455,745.5409930038759,-1
2025-07-01 00:00:00+05:30,712.05,715.55,708.45,710.75,900222,711.9666666666667,712.5,711.4333333333334,1.066666666666606,745.5409930038759,-1
2025-07-02 00:00:00+05:30,712.3,715.5,701.6,705.1,1261417,711.5833333333334,712.0,711.1666666666667,0.8333333333332575,745.5409930038759,-1
2025-07-03 00:00:00+05:30,708.0,711.45,704.85,705.6,797236,707.4,708.55,706.25,2.2999999999999545,745.5409930038759,-1
2025-07-04 00:00:00+05:30,707.9,712.35,704.1,707.8,947298,707.3000000000001,708.1500000000001,706.45,1.7000000000000455,745.5409930038759,-1
2025-07-07 00:00:00+05:30,708.15,710.5,702.5,704.0,556733,708.0833333333334,708.225,707.9416666666667,0.283333333333303,744.3441998629701,-1
2025-07-08 00:00:00+05:30,705.9,707.4,698.4,699.8,925863,705.6666666666666,706.5,704.8333333333333,1.6666666666667425,739.9504318684512,-1
2025-07-09 00:00:00+05:30,703.0,708.5,700.45,704.0,770667,701.8666666666667,702.9,700.8333333333334,2.066666666666606,739.9504318684512,-1
2025-07-10 00:00:00+05:30,705.85,713.5,705.0,708.75,921913,704.3166666666666,704.475,704.1583333333332,0.3166666666668334,739.9504318684512,-1
2025-07-11 00:00:00+05:30,704.95,717.5,700.25,707.0,1791303,709.0833333333334,709.25,708.9166666666667,0.33333333333325754,739.9504318684512,-1
2025-07-14 00:00:00+05:30,708.4,722.7,702.0,713.9,1709016,708.25,708.875,707.625,1.25,739.9504318684512,-1
2025-07-21 00:00:00+05:30,712.5,717.55,705.45,717.25,738530,712.8666666666667,712.35,713.3833333333333,1.033333333333303,739.9504318684512,-1
2025-07-22 00:00:00+05:30,716.35,719.45,711.55,715.15,765864,713.4166666666666,711.5,715.3333333333333,3.8333333333332575,739.9504318684512,-1
2025-07-23 00:00:00+05:30,718.0,718.95,710.15,714.8,581104,715.3833333333333,715.5,715.2666666666667,0.2333333333333485,739.9504318684512,-1
2025-07-24 00:00:00+05:30,714.85,722.2,712.5,718.3,882111,714.6333333333332,714.55,714.7166666666665,0.16666666666651508,739.9504318684512,-1
2025-07-25 00:00:00+05:30,715.0,718.85,706.5,707.0,1117027,717.6666666666666,717.35,717.9833333333332,0.6333333333332121,739.9504318684512,-1
2025-07-28 00:00:00+05:30,705.0,714.9,697.5,698.25,735209,710.7833333333333,712.675,708.8916666666667,3.783333333333303,739.2004039855702,-1
2025-07-29 00:00:00+05:30,699.3,709.5,696.2,707.45,614661,703.5500000000001,706.2,700.9000000000001,5.2999999999999545,735.5943878261473,-1
2025-07-30 00:00:00+05:30,707.5,714.0,703.55,709.25,624442,704.3833333333333,702.85,705.9166666666666,3.066666666666606,735.5943878261473,-1
2025-07-31 00:00:00+05:30,702.2,710.55,700.0,702.5,700850,708.9333333333334,708.775,709.0916666666668,0.3166666666668334,735.5943878261473,-1
2025-08-01 00:00:00+05:30,703.0,706.25,692.0,693.4,1310523,704.35,705.275,703.4250000000001,1.849999999999909,730.8158363077542,-1
2025-08-04 00:00:00+05:30,693.6,696.0,685.1,693.75,691749,697.2166666666667,699.125,695.3083333333334,3.816666666666606,721.8452028554441,-1
2025-08-05 00:00:00+05:30,694.0,697.85,686.0,687.4,483927,691.6166666666667,690.55,692.6833333333334,2.1333333333334394,721.8452028554441,-1
2025-08-06 00:00:00+05:30,688.3,691.45,667.05,667.5,1326098,690.4166666666666,691.925,688.9083333333333,3.0166666666666515,710.9537389515773,-1
2025-08-07 00:00:00+05:30,665.1,671.4,652.5,671.3,1120526,675.3333333333334,679.25,671.4166666666667,7.8333333333332575,693.8975893935143,-1
2025-08-08 00:00:00+05:30,668.5,671.0,656.0,658.5,587323,665.0666666666667,661.95,668.1833333333334,6.2333333333333485,693.8975893935143,-1
2025-08-11 00:00:00+05:30,659.2,662.2,653.3,659.0,484805,661.8333333333334,663.5,660.1666666666667,3.3333333333332575,689.0799383850627,-1
2025-08-12 00:00:00+05:30,664.0,669.8,657.2,657.85,668858,658.1666666666666,657.75,658.5833333333333,0.8333333333332575,689.0799383850627,-1
2025-08-13 00:00:00+05:30,662.0,669.7,659.8,667.0,554079,661.6166666666667,663.5,659.7333333333333,3.7666666666666515,689.0799383850627,-1
2025-08-19 00:00:00+05:30,671.95,684.0,670.05,683.9,616101,665.5,664.75,666.25,1.5,689.0799383850627,-1
2025-08-20 00:00:00+05:30,682.7,694.0,680.25,689.3,651659,679.3166666666666,677.025,681.6083333333332,4.5833333333332575,656.343933919635,1
2025-08-21 00:00:00+05:30,692.2,694.55,685.2,686.4,463373,687.85,687.125,688.575,1.4500000000000455,659.5771765628497,1
2025-08-22 00:00:00+05:30,686.95,689.1,682.3,683.7,289709,688.7166666666667,689.875,687.5583333333334,2.316666666666606,659.5771765628497,1
2025-08-25 00:00:00+05:30,690.0,693.85,684.0,685.85,578637,685.0333333333334,685.7,684.3666666666668,1.3333333333332575,659.6682859203222,1
2025-08-26 00:00:00+05:30,683.75,687.5,676.35,677.95,663090,687.9,688.925,686.875,2.0499999999999545,659.6682859203222,1
2025-08-28 00:00:00+05:30,677.0,679.15,659.2,664.95,713768,680.6,681.925,679.2750000000001,2.6499999999998636,659.6682859203222,1
2025-08-29 00:00:00+05:30,664.95,668.0,655.0,658.65,429818,667.7666666666667,669.175,666.3583333333333,2.816666666666606,690.7786953879978,-1
2025-09-01 00:00:00+05:30,657.25,679.0,652.0,678.4,805449,660.5500000000001,661.5,659.6000000000001,1.8999999999998636,690.7786953879978,-1
2025-09-02 00:00:00+05:30,677.15,690.0,674.0,681.7,618422,669.8000000000001,665.5,674.1000000000001,8.600000000000136,690.7786953879978,-1
2025-09-03 00:00:00+05:30,684.6,686.8,677.95,685.9,406292,681.9,682.0,681.8,0.20000000000004547,690.7786953879978,-1
2025-09-04 00:00:00+05:30,689.5,690.95,674.3,678.0,375336,683.5500000000001,682.375,684.7250000000001,2.3500000000001364,690.7786953879978,-1
2025-09-05 00:00:00+05:30,676.2,680.6,666.4,674.0,581402,681.0833333333334,682.625,679.5416666666667,3.0833333333332575,690.7786953879978,-1
2025-09-08 00:00:00+05:30,674.05,684.0,672.8,679.95,523080,673.6666666666666,673.5,673.8333333333333,0.33333333333325754,690.7786953879978,-1
2025-09-09 00:00:00+05:30,680.1,689.1,678.25,682.0,595158,678.9166666666666,678.4,679.4333333333333,1.033333333333303,690.7786953879978,-1
2025-09-10 00:00:00+05:30,683.8,711.9,682.05,705.0,2607237,683.1166666666667,683.675,682.5583333333334,1.1166666666665606,666.463890553511,1
2025-09-11 00:00:00+05:30,709.0,709.0,698.0,702.95,897434,699.65,696.9749999999999,702.325,5.350000000000136,673.3293349313706,1
2025-09-12 00:00:00+05:30,703.0,707.3,700.0,702.05,700660,703.3166666666666,703.5,703.1333333333332,0.36666666666678793,674.1021615341158,1
2025-09-18 00:00:00+05:30,719.0,724.2,713.3,717.9,1234506,703.1166666666667,703.65,702.5833333333334,1.066666666666606,688.6120750727512,1
2025-09-19 00:00:00+05:30,717.4,725.75,713.45,724.8,2258327,718.4666666666667,718.75,718.1833333333334,0.566666666666606,689.6835920698411,1
2025-09-22 00:00:00+05:30,710.0,713.9,700.0,702.4,1375287,721.3333333333334,719.6,723.0666666666667,3.466666666666697,689.6835920698411,1
2025-09-23 00:00:00+05:30,702.25,706.7,695.8,699.0,724713,705.4333333333334,706.95,703.9166666666667,3.033333333333303,689.6835920698411,1
2025-09-24 00:00:00+05:30,700.0,700.95,682.35,684.0,804065,700.5,701.25,699.75,1.5,722.2716974864971,-1
2025-09-25 00:00:00+05:30,684.0,688.65,678.0,679.95,627649,689.1,691.6500000000001,686.55,5.100000000000136,713.5738295870373,-1
2025-09-26 00:00:00+05:30,680.1,681.0,665.1,668.8,701476,682.2,683.325,681.075,2.25,703.3608764035556,-1
2025-09-29 00:00:00+05:30,670.0,679.75,666.8,676.75,746331,671.6333333333333,673.05,670.2166666666667,2.8333333333332575,703.3608764035556,-1
2025-09-30 00:00:00+05:30,676.9,680.7,665.0,672.9,657598,674.4333333333333,673.275,675.5916666666666,2.316666666666606,703.0350636935169,-1
2025-10-01 00:00:00+05:30,670.0,692.35,667.5,691.75,978065,672.8666666666667,672.85,672.8833333333333,0.03333333333330302,703.0350636935169,-1
2025-10-03 00:00:00+05:30,693.0,709.0,686.15,707.0,1306724,683.8666666666667,679.925,687.8083333333334,7.883333333333439,666.0199653000549,1
2025-10-06 00:00:00+05:30,708.0,714.9,703.6,709.95,994529,700.7166666666667,697.575,703.8583333333333,6.283333333333303,678.0531666880526,1
2025-10-07 00:00:00+05:30,711.0,718.5,709.05,712.0,1041120,709.4833333333332,709.25,709.7166666666665,0.4666666666664696,683.0700400205304,1
2025-10-08 00:00:00+05:30,710.8,718.95,706.15,708.0,662912,713.1833333333334,713.775,712.5916666666668,1.1833333333331666,683.0700400205304,1
2025-10-09 00:00:00+05:30,708.0,718.95,708.0,717.65,836024,711.0333333333333,712.55,709.5166666666667,3.033333333333303,683.318268882921,1
2025-10-10 00:00:00+05:30,719.0,722.65,713.0,714.5,556090,714.8666666666667,713.475,716.2583333333333,2.783333333333303,688.1025381276041,1
2025-10-13 00:00:00+05:30,709.2,712.5,699.35,700.9,586656,716.7166666666667,717.825,715.6083333333333,2.216666666666697,688.1025381276041,1
2025-10-14 00:00:00+05:30,701.5,703.8,687.1,687.5,730037,704.25,705.925,702.575,3.349999999999909,725.3417408616001,-1
2025-10-15 00:00:00+05:30,687.5,698.35,686.2,695.55,571309,692.8000000000001,695.45,690.1500000000001,5.2999999999999545,721.9430712271362,-1
2025-10-16 00:00:00+05:30,697.4,698.5,688.8,692.9,410963,693.3666666666668,692.2750000000001,694.4583333333335,2.183333333333394,721.9430712271362,-1
2025-10-17 00:00:00+05:30,695.0,695.9,682.75,687.3,564360,693.4,693.65,693.15,0.5,718.4640544429286,-1
2025-10-23 00:00:00+05:30,689.15,699.55,689.0,693.0,798566,688.65,689.325,687.9749999999999,1.3500000000001364,718.4640544429286,-1
2025-10-24 00:00:00+05:30,692.95,697.55,688.0,691.35,359099,693.85,694.275,693.4250000000001,0.849999999999909,718.4640544429286,-1
2025-10-27 00:00:00+05:30,691.0,699.1,691.0,695.25,524035,692.3000000000001,692.775,691.8250000000002,0.9499999999998181,718.4640544429286,-1
2025-10-28 00:00:00+05:30,697.0,703.45,692.1,697.45,856237,695.1166666666667,695.05,695.1833333333334,0.13333333333343944,718.4640544429286,-1
2025-10-29 00:00:00+05:30,700.65,702.9,694.85,702.5,452036,697.6666666666666,697.7750000000001,697.5583333333332,0.21666666666692436,718.4640544429286,-1
2025-10-30 00:00:00+05:30,701.15,707.75,698.0,699.9,500604,700.0833333333334,698.875,701.2916666666667,2.4166666666667425,718.4640544429286,-1
2025-10-31 00:00:00+05:30,699.9,703.9,690.75,692.05,451170,701.8833333333333,702.875,700.8916666666667,1.9833333333333485,718.4640544429286,-1
2025-11-03 00:00:00+05:30,692.25,698.0,689.0,697.4,412340,695.5666666666666,697.325,693.8083333333332,3.516666666666879,718.4640544429286,-1
2025-11-04 00:00:00+05:30,700.65,700.65,684.4,686.8,499290,694.8000000000001,693.5,696.1000000000001,2.6000000000001364,718.4640544429286,-1
2025-11-06 00:00:00+05:30,686.8,688.45,675.15,676.0,438649,690.6166666666667,692.525,688.7083333333334,3.816666666666606,708.6939859747562,-1
2025-11-07 00:00:00+05:30,675.0,676.25,667.1,674.0,449492,679.8666666666667,681.8,677.9333333333334,3.8666666666665606,698.2252265357658,-1
2025-11-10 00:00:00+05:30,673.7,682.95,671.25,678.45,430682,672.4499999999999,671.675,673.2249999999999,1.5499999999999545,698.2252265357658,-1
2025-11-11 00:00:00+05:30,678.9,685.9,670.9,684.0,533551,677.5500000000001,677.1,678.0000000000001,0.900000000000091,698.2252265357658,-1
2025-11-12 00:00:00+05:30,690.0,702.45,688.2,695.1,1009604,680.2666666666667,678.4,682.1333333333333,3.7333333333333485,698.2252265357658,-1
2025-11-13 00:00:00+05:30,696.1,699.4,680.35,685.0,671451,695.25,695.325,695.175,0.15000000000009095,698.2252265357658,-1
2025-11-14 00:00:00+05:30,686.0,689.65,675.25,680.0,526132,688.25,689.875,686.625,3.25,698.2252265357658,-1
2025-11-24 00:00:00+05:30,667.0,682.35,667.0,676.85,1463382,681.6333333333333,682.45,680.8166666666666,1.6333333333334394,698.2252265357658,-1
2025-11-25 00:00:00+05:30,676.0,677.95,668.0,668.95,528219,675.4,674.675,676.125,1.4500000000000455,698.2252265357658,-1
2025-11-26 00:00:00+05:30,671.7,686.05,670.25,685.5,647847,671.6333333333333,672.975,670.2916666666666,2.683333333333394,698.2252265357658,-1
2025-11-27 00:00:00+05:30,685.0,689.45,674.0,677.5,598153,680.6,678.15,683.0500000000001,4.900000000000091,698.2252265357658,-1
2025-11-28 00:00:00+05:30,682.0,683.75,675.8,678.9,454177,680.3166666666667,681.725,678.9083333333334,2.816666666666606,698.2252265357658,-1
2025-12-01 00:00:00+05:30,680.9,684.0,677.25,681.0,374757,679.4833333333332,679.775,679.1916666666665,0.5833333333334849,698.2252265357658,-1
2025-12-02 00:00:00+05:30,679.1,681.5,673.0,679.95,299644,680.75,680.625,680.875,0.25,698.2252265357658,-1
2025-12-03 00:00:00+05:30,677.95,683.9,668.5,671.2,582510,678.15,677.25,679.05,1.7999999999999545,698.2252265357658,-1
2025-12-04 00:00:00+05:30,671.8,679.15,671.15,674.7,347848,674.5333333333334,676.2,672.8666666666668,3.3333333333332575,698.2252265357658,-1
2025-12-05 00:00:00+05:30,676.6,676.6,663.5,666.0,528261,675.0,675.15,674.85,0.2999999999999545,696.116598074244,-1
2025-12-12 00:00:00+05:30,659.6,660.8,653.05,659.25,355525,668.6999999999999,670.05,667.3499999999999,2.7000000000000455,682.9849341512743,-1
2025-12-15 00:00:00+05:30,660.0,661.9,655.15,657.25,370551,657.6999999999999,656.925,658.4749999999999,1.5499999999999545,682.9849341512743,-1
2025-12-16 00:00:00+05:30,657.0,657.75,648.0,648.45,328829,658.1,658.525,657.6750000000001,0.849999999999909,678.1902353138144,-1
2025-12-17 00:00:00+05:30,650.3,653.45,639.7,641.0,666640,651.4,652.875,649.925,2.9500000000000455,671.9776259012618,-1
2025-12-18 00:00:00+05:30,639.95,645.65,636.5,641.4,376478,644.7166666666667,646.575,642.8583333333333,3.716666666666697,666.1935208652114,-1
2025-12-19 00:00:00+05:30,645.0,655.5,643.4,655.0,635069,641.1833333333334,641.075,641.2916666666667,0.21666666666669698,666.1935208652114,-1
2025-12-22 00:00:00+05:30,657.9,668.3,657.45,662.65,550917,651.3000000000001,649.45,653.1500000000001,3.7000000000000455,666.1935208652114,-1
2025-12-23 00:00:00+05:30,664.95,665.45,660.15,661.3,368393,662.8000000000001,662.875,662.7250000000001,0.14999999999986358,666.1935208652114,-1
2025-12-24 00:00:00+05:30,663.9,665.3,656.0,658.15,316596,662.3,662.8,661.8,1.0,666.1935208652114,-1
2025-12-26 00:00:00+05:30,656.0,662.05,652.45,653.75,339585,659.8166666666666,660.65,658.9833333333332,1.6666666666667425,666.1935208652114,-1
2026-01-01 00:00:00+05:30,645.0,645.85,640.4,643.05,356105,656.0833333333334,657.25,654.9166666666667,2.3333333333332575,666.1935208652114,-1
2026-01-02 00:00:00+05:30,645.9,657.0,643.0,656.8,565860,643.1,643.125,643.075,0.049999999999954525,666.1935208652114,-1
2026-01-05 00:00:00+05:30,656.0,659.6,649.0,650.5,632284,652.2666666666667,650.0,654.5333333333333,4.533333333333303,666.1935208652114,-1
2026-01-06 00:00:00+05:30,651.05,654.45,645.6,649.3,385432,653.0333333333333,654.3,651.7666666666667,2.533333333333303,666.1935208652114,-1
2026-01-07 00:00:00+05:30,656.0,687.7,651.0,683.85,8935039,649.7833333333334,650.0250000000001,649.5416666666667,0.4833333333333485,643.1432556975567,1
2026-01-08 00:00:00+05:30,683.0,690.0,660.4,661.75,1849393,674.1833333333334,669.35,679.0166666666668,9.666666666666742,647.6735254696545,1
2026-01-09 00:00:00+05:30,660.5,664.85,648.7,651.1,897256,670.7166666666667,675.2,666.2333333333333,8.966666666666697,647.6735254696545,1
2026-01-12 00:00:00+05:30,651.0,654.45,641.5,653.6,487627,654.8833333333333,656.7750000000001,652.9916666666666,3.7833333333335304,647.6735254696545,1
2026-01-13 00:00:00+05:30,652.0,661.7,647.5,659.85,826298,649.85,647.975,651.725,3.75,647.6735254696545,1
2026-01-14 00:00:00+05:30,664.75,664.75,645.0,647.5,1148049,656.35,654.6,658.1,3.5,683.0229329632766,-1
2026-01-16 00:00:00+05:30,647.95,657.0,647.95,651.2,850568,652.4166666666666,654.875,649.9583333333333,4.9166666666667425,680.2570156447456,-1
2026-01-19 00:00:00+05:30,639.25,679.0,638.8,658.05,4625444,652.0500000000001,652.475,651.6250000000001,0.849999999999909,680.2570156447456,-1
2026-01-20 00:00:00+05:30,661.55,664.15,644.6,645.95,1090969,658.6166666666667,658.9,658.3333333333334,0.566666666666606,680.2570156447456,-1
2026-01-21 00:00:00+05:30,646.0,650.2,632.35,644.0,1216372,651.5666666666667,654.375,648.7583333333334,5.616666666666561,671.7480549934697,-1
2026-01-22 00:00:00+05:30,645.5,663.35,645.5,654.4,768865,642.1833333333334,641.2750000000001,643.0916666666667,1.816666666666606,671.7480549934697,-1
2026-01-23 00:00:00+05:30,653.0,663.95,649.1,656.0,1173641,654.4166666666666,654.425,654.4083333333333,0.01666666666665151,671.7480549934697,-1
2026-02-01 00:00:00+05:30,645.95,652.4,627.05,637.5,586034,656.35,656.5250000000001,656.175,0.3500000000001364,671.5687255827022,-1
2026-02-02 00:00:00+05:30,638.5,647.55,633.25,646.85,478183,638.9833333333332,639.7249999999999,638.2416666666666,1.4833333333333485,671.5687255827022,-1
2026-02-03 00:00:00+05:30,671.35,671.4,652.8,660.0,940781,642.5500000000001,640.4,644.7000000000002,4.300000000000182,671.5687255827022,-1
2026-02-04 00:00:00+05:30,655.0,655.0,641.8,650.5,810595,661.4,662.0999999999999,660.7,1.3999999999998636,671.5687255827022,-1
2026-02-05 00:00:00+05:30,646.1,654.2,641.05,642.8,510752,649.1,648.4,649.8000000000001,1.400000000000091,671.5687255827022,-1
2026-02-06 00:00:00+05:30,643.0,643.35,612.25,617.0,2036903,646.0166666666667,647.625,644.4083333333333,3.216666666666697,661.3135479986421,-1
2026-02-09 00:00:00+05:30,619.2,624.6,618.25,619.3,639702,624.1999999999999,627.8,620.5999999999999,7.2000000000000455,654.2060060786964,-1
2026-02-10 00:00:00+05:30,621.55,636.0,617.7,630.1,1046021,620.7166666666666,621.425,620.0083333333332,1.4166666666667425,654.2060060786964,-1
2026-02-11 00:00:00+05:30,634.0,634.0,623.3,626.1,453065,627.9333333333334,626.85,629.0166666666668,2.1666666666667425,654.2060060786964,-1
2026-02-12 00:00:00+05:30,623.0,624.0,611.0,613.9,1033486,627.8000000000001,628.65,626.9500000000002,1.699999999999818,649.8815185940416,-1
2026-02-13 00:00:00+05:30,603.5,607.05,575.3,594.05,2846647,616.3000000000001,617.5,615.1000000000001,2.3999999999998636,625.3492578502799,-1
2026-02-16 00:00:00+05:30,598.0,601.35,592.25,597.95,642211,592.1333333333333,591.175,593.0916666666667,1.9166666666667425,625.3492578502799,-1
2026-02-17 00:00:00+05:30,598.0,614.2,596.1,602.0,819816,597.1833333333333,596.8,597.5666666666666,0.7666666666666515,625.3492578502799,-1
2026-02-18 00:00:00+05:30,609.0,609.0,598.6,603.35,607014,604.1,605.1500000000001,603.05,2.1000000000001364,625.3492578502799,-1
2026-02-19 00:00:00+05:30,605.7,611.55,599.25,599.5,691136,603.65,603.8,603.5,0.2999999999999545,625.3492578502799,-1
2026-02-20 00:00:00+05:30,599.4,610.05,593.8,606.0,941623,603.4333333333333,605.4,601.4666666666666,3.933333333333394,625.3492578502799,-1
2026-02-23 00:00:00+05:30,610.0,610.25,598.0,598.35,581013,603.2833333333333,601.925,604.6416666666667,2.716666666666697,625.3492578502799,-1
2026-02-24 00:00:00+05:30,596.0,597.3,568.8,574.0,1728108,602.1999999999999,604.125,600.2749999999999,3.8500000000001364,616.5607837767543,-1
2026-02-25 00:00:00+05:30,573.0,584.65,573.0,576.25,880895,580.0333333333333,583.05,577.0166666666667,6.033333333333303,611.9273524256841,-1
2026-02-26 00:00:00+05:30,578.55,588.0,575.5,583.05,772736,577.9666666666667,578.825,577.1083333333333,1.716666666666697,611.9273524256841,-1
2026-02-27 00:00:00+05:30,586.0,596.05,582.8,587.8,660330,582.1833333333333,581.75,582.6166666666666,0.8666666666665606,611.9273524256841,-1
2026-03-02 00:00:00+05:30,568.0,585.7,567.0,582.5,840717,588.8833333333333,589.425,588.3416666666667,1.0833333333332575,609.24004287569,-1
2026-03-04 00:00:00+05:30,571.0,577.9,570.15,572.6,949221,578.4,576.35,580.4499999999999,4.099999999999909,606.5874411606625,-1
2026-03-05 00:00:00+05:30,573.0,578.55,570.05,576.9,559005,573.5500000000001,574.025,573.0750000000002,0.9499999999998181,606.239943514236,-1
2026-03-11 00:00:00+05:30,568.0,574.0,555.1,556.4,844788,575.1666666666666,574.3,576.0333333333333,1.7333333333333485,596.9563457736665,-1
2026-03-12 00:00:00+05:30,555.0,559.4,544.45,551.8,819878,561.8333333333334,564.55,559.1166666666668,5.433333333333167,584.2310919427198,-1
2026-03-13 00:00:00+05:30,550.0,551.0,537.2,540.0,890657,551.8833333333333,551.925,551.8416666666667,0.08333333333325754,576.2818482650111,-1
2026-03-16 00:00:00+05:30,540.0,541.25,521.55,526.8,1230038,542.7333333333333,544.1,541.3666666666667,2.7333333333333485,563.8705743344105,-1
2026-03-17 00:00:00+05:30,530.0,532.65,520.0,524.7,929966,529.8666666666667,531.4,528.3333333333334,3.066666666666606,558.5087513610342,-1
2026-03-18 00:00:00+05:30,526.15,561.55,526.15,548.9,3026898,525.7833333333334,526.325,525.2416666666668,1.0833333333332575,558.5087513610342,-1
2026-03-19 00:00:00+05:30,542.5,542.5,521.0,524.0,1292459,545.5333333333333,543.8499999999999,547.2166666666667,3.366666666666788,558.5087513610342,-1
2026-03-20 00:00:00+05:30,531.0,543.1,531.0,539.5,1197409,529.1666666666666,531.75,526.5833333333333,5.1666666666667425,558.5087513610342,-1
2026-03-23 00:00:00+05:30,530.65,539.45,517.0,517.7,1248042,537.8666666666667,537.05,538.6833333333334,1.6333333333334394,558.5087513610342,-1
2026-03-24 00:00:00+05:30,529.0,537.0,521.2,530.65,1333809,524.7166666666667,528.225,521.2083333333334,7.0166666666666515,558.5087513610342,-1
2026-03-25 00:00:00+05:30,534.95,548.3,534.75,543.0,1113707,529.6166666666667,529.1,530.1333333333333,1.033333333333303,558.5087513610342,-1
2026-03-27 00:00:00+05:30,543.35,552.45,531.65,538.0,3376568,542.0166666666667,541.525,542.5083333333333,0.9833333333333485,558.5087513610342,-1
2026-03-30 00:00:00+05:30,537.0,539.1,507.4,508.65,2314333,540.6999999999999,542.05,539.3499999999999,2.7000000000000455,558.5087513610342,-1
2026-04-01 00:00:00+05:30,519.0,539.2,519.0,531.2,1057439,518.3833333333333,523.25,513.5166666666667,9.733333333333348,558.5087513610342,-1
2026-04-02 00:00:00+05:30,528.35,543.0,517.0,541.45,954062,529.8000000000001,529.1,530.5000000000001,1.400000000000091,558.5087513610342,-1
2026-04-06 00:00:00+05:30,543.75,544.55,536.75,543.55,633014,533.8166666666667,530.0,537.6333333333334,7.633333333333439,558.5087513610342,-1
2026-04-07 00:00:00+05:30,540.6,549.95,536.05,548.85,745824,541.6166666666667,540.65,542.5833333333334,1.933333333333394,558.5087513610342,-1
2026-04-08 00:00:00+05:30,566.0,566.0,554.9,562.25,731640,544.9499999999999,543.0,546.8999999999999,3.8999999999998636,523.550413697548,1
2026-04-09 00:00:00+05:30,561.35,566.35,553.9,558.1,737934,561.0500000000001,560.45,561.6500000000001,1.2000000000000455,523.705397149646,1
2026-04-10 00:00:00+05:30,564.7,569.7,557.4,566.25,712250,559.4499999999999,560.125,558.7749999999999,1.3500000000001364,527.6031812636602,1
